警察署,本票番号,事故内容,死者数,負傷者数,路線,市町村名,発生日時　　年,発生日時　　月,発生日時　　日,発生日時　　時,発生日時　　分,昼夜,天候,地形,路面状態,道路形状,信号機,一時停止規制標識（当事者A）,一時停止規制表示（当事者A）,一時停止規制標識（当事者B）,一時停止規制表示（当事者B）,車道幅員,道路線形,衝突地点,ゾーン規制,事故類型,年齢（当事者A）,年齢（当事者B）,当事者種別（当事者A）,当事者種別（当事者B）,用途別（当事者A）,用途別（当事者B）,人身損傷程度（当事者A）,人身損傷程度（当事者B）,緯度,経度,曜日,祝日
下松,19,負傷,0,1,県道,下松市,2023,1,27,14,20,2昼,曇,市街地,舗装　乾燥,直路,点灯３灯式,対象外当事者,対象外当事者,対象外当事者,対象外当事者,単路　5.5m以上,直路,単独（交差点付近を含む）,規制なし,車両相互,55～64歳,65～74歳,普通乗用,軽貨物,自家用,自家用,負傷,損傷なし,34.02446806,131.9080683,金曜,その他
下関,20,負傷,0,1,市道,下関市,2023,1,28,1,11,5夜,曇,市街地,舗装　湿潤,直路,施設なし,対象外当事者,対象外当事者,対象外当事者,対象外当事者,単路　3.5m未満,直路,単独（交差点付近を含む）,規制なし,車両相互,65～74歳,25～34歳,普通乗用,軽乗用,事業用,自家用,負傷,損傷なし,33.95247556,130.9303786,土曜,その他
光,11,負傷,0,1,市道,光市,2023,1,28,14,32,2昼,晴,市街地,舗装　乾燥,交差点,施設なし,標識　標準　反射式,表示なし,標識　規制なし,表示なし,交差点　中　中,直路,交差点内,規制なし,車両相互,25～34歳,45～54歳,軽乗用,軽乗用,自家用,自家用,損傷なし,負傷,33.97013806,131.9253458,土曜,その他
下松,15,負傷,0,1,市道,下松市,2023,1,28,18,2,4夜暮,曇,市街地,舗装　乾燥,交差点,施設なし,標識　規制なし,表示なし,対象外当事者,対象外当事者,交差点　大　中,カーブ右,交差点内,規制なし,人対車両,55～64歳,55～64歳,軽乗用,歩行者,自家用,対象外当事者,損傷なし,負傷,34.00912,131.8683081,土曜,その他
山口,22,負傷,0,2,国道９号,山口市,2023,1,28,23,32,5夜,曇,市街地,舗装　乾燥,交差点,点灯３灯式,標識　規制なし,表示なし,標識　規制なし,表示なし,交差点　大　小,直路,交差点内,規制なし,車両相互,55～64歳,25～34歳,軽乗用,軽乗用,自家用,自家用,負傷,負傷,34.13940917,131.4254306,土曜,その他
岩国,40,負傷,0,1,市道,岩国市,2023,1,29,6,50,6夜明,晴,市街地,舗装　乾燥,交差点,施設なし,標識　標準　反射式,表示なし,標識　規制なし,表示なし,交差点　大　中,直路,交差点内,規制なし,車両相互,01～24歳,65～74歳,普通乗用,軽貨物,自家用,自家用,損傷なし,負傷,34.08512528,132.0483203,日曜,その他
柳井,18,負傷,0,2,国道188号,柳井市,2023,1,29,8,17,2昼,晴,市街地,舗装　湿潤,交差点,点灯３灯式,標識　規制なし,表示なし,標識　規制なし,表示なし,交差点　中　中,直路,交差点内,規制なし,車両相互,65～74歳,65～74歳,普通乗用,軽乗用,自家用,自家用,負傷,負傷,33.96250833,132.1757372,日曜,その他
防府,21,負傷,0,1,県道,防府市,2023,1,29,17,54,4夜暮,晴,市街地,舗装　乾燥,直路,施設なし,対象外当事者,対象外当事者,対象外当事者,対象外当事者,単路　3.5m未満,直路,単独（交差点付近を含む）,規制なし,車両相互,45～54歳,01～24歳,普通乗用,自転車,自家用,自転車,損傷なし,負傷,34.02293556,131.5444575,日曜,その他
山口南,17,負傷,0,1,県道,山口市,2023,1,30,7,14,1昼明,晴,非市街地,舗装　凍結,橋,施設なし,対象外当事者,対象外当事者,対象外当事者,対象外当事者,単路　9.0m以上,直路,単独（交差点付近を含む）,規制なし,車両相互,65～74歳,45～54歳,普通乗用,軽乗用,自家用,自家用,損傷なし,損傷なし,34.13201028,131.4254706,月曜,その他
山口南,15,負傷,0,1,県道,山口市,2023,1,30,7,14,1昼明,晴,非市街地,舗装　凍結,橋,施設なし,対象外当事者,対象外当事者,対象外当事者,対象外当事者,単路　9.0m以上,直路,単独（交差点付近を含む）,規制なし,車両相互,55～64歳,45～54歳,普通乗用,原付二種　51～125cc,自家用,自家用,損傷なし,負傷,34.13199417,131.4254489,月曜,その他
山口南,16,負傷,0,1,県道,山口市,2023,1,30,7,14,1昼明,晴,非市街地,舗装　凍結,橋,施設なし,対象外当事者,対象外当事者,対象外当事者,対象外当事者,単路　13.0m以上,直路,単独（交差点付近を含む）,規制なし,車両相互,45～54歳,45～54歳,軽乗用,原付二種　51～125cc,自家用,自家用,損傷なし,負傷,34.13202,131.4254761,月曜,その他
山口南,18,負傷,0,1,県道,山口市,2023,1,30,7,44,1昼明,晴,非市街地,舗装　凍結,交差点,施設なし,標識　規制なし,表示なし,標識　規制なし,表示なし,交差点　中　小,直路,交差点内,規制なし,車両相互,45～54歳,25～34歳,普通乗用,軽乗用,自家用,自家用,負傷,損傷なし,34.10024722,131.4056186,月曜,その他
下関,22,負傷,0,1,県道,下関市,2023,1,30,8,10,1昼明,晴,市街地,舗装　乾燥,直路,点灯３灯式,対象外当事者,対象外当事者,対象外当事者,対象外当事者,単路　3.5m以上,直路,単独（交差点付近を含む）,規制なし,人対車両,35～44歳,01～24歳,軽乗用,歩行者,自家用,対象外当事者,損傷なし,負傷,33.9681725,130.9293597,月曜,その他
長府,26,負傷,0,2,国道491号,下関市,2023,1,30,8,32,2昼,晴,市街地,舗装　乾燥,直路,施設なし,対象外当事者,対象外当事者,対象外当事者,対象外当事者,単路　3.5m以上,直路,単独（交差点付近を含む）,規制なし,車両相互,01～24歳,25～34歳,準中型貨物,軽貨物,自家用,自家用,損傷なし,負傷,34.051755,131.0194903,月曜,その他
山口南,12,負傷,0,1,国道２号,山口市,2023,1,30,8,37,2昼,晴,非市街地,舗装　乾燥,直路,施設なし,対象外当事者,対象外当事者,対象外当事者,対象外当事者,単路　9.0m以上,直路,単独（交差点付近を含む）,規制なし,車両相互,45～54歳,35～44歳,普通乗用,普通乗用,自家用,自家用,損傷なし,負傷,34.08580306,131.4371117,月曜,その他
宇部,41,負傷,0,1,市道,宇部市,2023,1,30,13,13,2昼,晴,非市街地,舗装　乾燥,カーブ,施設なし,対象外当事者,対象外当事者,対象外当事者,対象外当事者,単路　3.5m以上,カーブ左,単独（交差点付近を含む）,規制なし,車両相互,75歳以上,65～74歳,軽乗用,原付一種,自家用,自家用,損傷なし,負傷,33.96592528,131.2916181,月曜,その他
下関,19,負傷,0,1,市道,下関市,2023,1,30,13,30,2昼,晴,非市街地,舗装　乾燥,直路,施設なし,対象外当事者,対象外当事者,対象外当事者,対象外当事者,単路　3.5m以上,直路,単独（交差点付近を含む）,規制なし,人対車両,65～74歳,75歳以上,普通乗用,歩行者,事業用,対象外当事者,損傷なし,負傷,33.93040472,130.9202056,月曜,その他
周南,29,負傷,0,2,国道２号,周南市,2023,1,30,19,26,5夜,晴,市街地,舗装　乾燥,交差点,点灯３灯式,標識　規制なし,表示なし,対象外当事者,対象外当事者,交差点　大　中,直路,交差点内,規制なし,人対車両,25～34歳,75歳以上,軽乗用,歩行者,自家用,対象外当事者,損傷なし,負傷,34.04575889,131.8351372,月曜,その他
山口南,11,負傷,0,2,国道190号,山口市,2023,1,30,22,23,5夜,曇,市街地,舗装　乾燥,交差点付近,施設なし,対象外当事者,対象外当事者,対象外当事者,対象外当事者,単路　13.0m以上,直路,単独（交差点付近を含む）,規制なし,車両相互,35～44歳,25～34歳,普通乗用,普通貨物,自家用,自家用,負傷,損傷なし,34.02353167,131.3552639,月曜,その他
下関,40,負傷,0,1,市道,下関市,2023,1,31,7,4,6夜明,晴,市街地,舗装　乾燥,交差点,施設なし,標識　規制なし,表示なし,標識　規制なし,表示なし,交差点　中　小,直路,交差点内,規制なし,車両相互,45～54歳,25～34歳,普通乗用,原付一種,自家用,自家用,損傷なし,負傷,33.99730167,130.939615,火曜,その他
下関,24,負傷,0,1,市道,下関市,2023,1,31,7,15,1昼明,晴,市街地,舗装　乾燥,交差点,施設なし,標識　規制なし,表示なし,対象外当事者,対象外当事者,交差点　中　中,直路,交差点内,規制なし,人対車両,01～24歳,75歳以上,軽貨物,歩行者,自家用,対象外当事者,損傷なし,負傷,34.01333639,130.9173447,火曜,その他
防府,26,負傷,0,1,国道２号,防府市,2023,1,31,7,15,1昼明,晴,市街地,舗装　乾燥,交差点,施設なし,標識　標準　反射式,表示あり,標識　規制なし,表示なし,交差点　大　小,直路,交差点内,規制なし,車両相互,25～34歳,45～54歳,普通乗用,軽乗用,自家用,自家用,損傷なし,負傷,34.05834167,131.542225,火曜,その他
山陽小野田,9,負傷,0,1,国道316号,山陽小野田市,2023,1,31,11,8,2昼,晴,市街地,舗装　乾燥,交差点,施設なし,標識　規制なし,表示なし,標識　その他,表示なし,交差点　中　中,直路,交差点内,規制なし,車両相互,75歳以上,65～74歳,普通乗用,駆動補助装置付自転車,自家用,自転車,損傷なし,負傷,34.04929417,131.1702817,火曜,その他
山口,18,負傷,0,1,市道,山口市,2023,1,31,13,18,2昼,晴,市街地,舗装　乾燥,交差点,施設なし,標識　規制なし,表示なし,標識　規制なし,表示なし,交差点　中　小,直路,交差点内,ゾーン３０,車両相互,35～44歳,55～64歳,準中型貨物,軽乗用,自家用,自家用,損傷なし,負傷,34.14512556,131.4357903,火曜,その他
山口,24,負傷,0,1,国道９号,山口市,2023,1,31,14,15,2昼,晴,市街地,舗装　乾燥,直路,施設なし,対象外当事者,対象外当事者,対象外当事者,対象外当事者,単路　5.5m以上,直路,単独（交差点付近を含む）,規制なし,車両相互,55～64歳,25～34歳,普通乗用,普通乗用,自家用,自家用,損傷なし,負傷,34.13758222,131.4245539,火曜,その他
宇部,33,負傷,0,1,市道,宇部市,2023,1,31,15,38,2昼,晴,市街地,舗装　乾燥,交差点,点灯３灯式,標識　規制なし,表示なし,標識　規制なし,表示なし,交差点　大　大,直路,交差点内,規制なし,車両相互,55～64歳,75歳以上,軽乗用,自転車,自家用,自転車,損傷なし,負傷,33.93188,131.25746,火曜,その他
下関,21,負傷,0,1,市道,下関市,2023,1,31,16,3,2昼,晴,市街地,舗装　乾燥,交差点,施設なし,標識　標準　反射式,表示なし,標識　規制なし,表示なし,交差点　小　小,直路,交差点内,規制なし,車両相互,01～24歳,45～54歳,軽乗用,軽貨物,自家用,自家用,損傷なし,負傷,34.00239056,130.9501769,火曜,その他
宇部,42,負傷,0,1,市道,宇部市,2023,1,31,16,26,2昼,晴,市街地,舗装　乾燥,交差点,施設なし,標識　規制なし,表示なし,標識　規制なし,表示なし,交差点　中　小,直路,交差点内,規制なし,車両相互,01～24歳,01～24歳,普通乗用,自転車,自家用,自転車,損傷なし,負傷,33.97487361,131.2302989,火曜,その他
高速隊,7,負傷,0,1,宇部有料,山口市,2023,1,31,18,18,4夜暮,晴,非市街地,舗装　乾燥,直路,施設なし,対象外当事者,対象外当事者,対象外当事者,対象外当事者,単路　5.5m以上,直路,単独（交差点付近を含む）,規制なし,車両相互,45～54歳,35～44歳,軽乗用,軽貨物,自家用,自家用,負傷,損傷なし,34.05503222,131.3517356,火曜,その他
宇部,38,負傷,0,1,国道190号,宇部市,2023,1,31,18,21,4夜暮,晴,市街地,舗装　乾燥,交差点付近,点灯３灯式,対象外当事者,対象外当事者,対象外当事者,対象外当事者,単路　5.5m以上,直路,単独（交差点付近を含む）,規制なし,車両相互,35～44歳,01～24歳,普通乗用,普通乗用,自家用,自家用,損傷なし,負傷,33.94170694,131.2566075,火曜,その他
下松,13,負傷,0,1,国道２号,下松市,2023,2,1,6,20,6夜明,晴,市街地,舗装　乾燥,交差点,施設なし,標識　標準　反射式,表示あり,標識　規制なし,表示なし,交差点　中　小,直路,交差点内,規制なし,車両相互,35～44歳,55～64歳,普通乗用,自転車,自家用,自転車,損傷なし,負傷,34.03070806,131.8606314,水曜,その他
山陽小野田,13,負傷,0,1,市道,山陽小野田市,2023,2,1,6,50,6夜明,曇,非市街地,舗装　乾燥,直路,施設なし,対象外当事者,対象外当事者,対象外当事者,対象外当事者,単路　3.5m以上,直路,単独（交差点付近を含む）,規制なし,車両相互,65～74歳,65～74歳,軽貨物,軽車両その他,自家用,対象外当事者,損傷なし,負傷,34.02332472,131.1809711,水曜,その他
下関,31,負傷,0,1,県道,下関市,2023,2,1,9,14,2昼,晴,市街地,舗装　乾燥,直路,施設なし,対象外当事者,対象外当事者,対象外当事者,対象外当事者,単路　3.5m以上,直路,単独（交差点付近を含む）,規制なし,車両相互,35～44歳,55～64歳,軽乗用,軽乗用,自家用,自家用,損傷なし,損傷なし,33.97817278,130.9421881,水曜,その他
宇部,37,負傷,0,1,国道490号,宇部市,2023,2,1,9,35,2昼,晴,市街地,舗装　乾燥,交差点付近,点灯３灯式,対象外当事者,対象外当事者,対象外当事者,対象外当事者,単路　13.0m以上,直路,単独（交差点付近を含む）,規制なし,車両相互,75歳以上,45～54歳,軽乗用,軽貨物,自家用,自家用,損傷なし,負傷,33.95925694,131.2606764,水曜,その他
周南,57,負傷,0,1,県道,周南市,2023,2,1,11,15,2昼,曇,市街地,舗装　乾燥,直路,施設なし,対象外当事者,対象外当事者,対象外当事者,対象外当事者,単路　3.5m以上,直路,単独（交差点付近を含む）,規制なし,人対車両,55～64歳,45～54歳,大型貨物,歩行者,事業用,対象外当事者,損傷なし,負傷,34.06688028,131.7743608,水曜,その他
下関,36,負傷,0,1,その他,下関市,2023,2,1,12,36,2昼,曇,市街地,舗装　乾燥,その他,施設なし,対象外当事者,対象外当事者,対象外当事者,対象外当事者,一般交通の場所,一般交通の場所,単独（交差点付近を含む）,規制なし,車両相互,65～74歳,45～54歳,普通乗用,普通乗用,自家用,自家用,損傷なし,負傷,34.0226175,130.9323578,水曜,その他
山陽小野田,12,負傷,0,1,その他,山陽小野田市,2023,2,1,14,33,2昼,曇,非市街地,舗装　乾燥,その他,施設なし,対象外当事者,対象外当事者,対象外当事者,対象外当事者,一般交通の場所,一般交通の場所,単独（交差点付近を含む）,規制なし,人対車両,55～64歳,55～64歳,普通乗用,歩行者,自家用,対象外当事者,損傷なし,負傷,33.98564528,131.1724931,水曜,その他
山陽小野田,21,負傷,0,2,市道,山陽小野田市,2023,2,1,17,25,3昼暮,曇,非市街地,舗装　乾燥,直路,施設なし,対象外当事者,対象外当事者,対象外当事者,対象外当事者,単路　5.5m以上,直路,単独（交差点付近を含む）,規制なし,車両相互,01～24歳,25～34歳,軽乗用,軽乗用,自家用,自家用,損傷なし,負傷,34.00746472,131.1777614,水曜,その他
宇部,40,負傷,0,1,市道,宇部市,2023,2,1,18,5,4夜暮,晴,非市街地,舗装　乾燥,交差点,点灯３灯式,標識　規制なし,表示なし,標識　規制なし,表示なし,交差点　中　中,直路,交差点内,規制なし,車両相互,65～74歳,25～34歳,普通乗用,原付一種,自家用,自家用,損傷なし,負傷,33.95987111,131.24284,水曜,その他
下関,30,負傷,0,1,県道,下関市,2023,2,1,19,40,5夜,晴,市街地,舗装　乾燥,交差点,施設なし,標識　規制なし,表示なし,標識　規制なし,表示なし,交差点　中　小,直路,交差点内,規制なし,車両相互,45～54歳,35～44歳,軽乗用,自転車,自家用,自転車,損傷なし,負傷,34.00154889,130.9296308,水曜,その他
宇部,51,負傷,0,1,市道,宇部市,2023,2,2,7,29,1昼明,晴,市街地,舗装　乾燥,交差点,施設なし,標識　規制なし,表示なし,標識　規制なし,表示なし,交差点　中　中,直路,交差点内,規制なし,車両相互,35～44歳,65～74歳,普通乗用,原付一種,自家用,自家用,損傷なし,負傷,33.96552611,131.2329847,木曜,その他
山口,17,負傷,0,1,市道,山口市,2023,2,2,10,27,2昼,晴,市街地,舗装　乾燥,交差点,施設なし,標識　規制なし,表示なし,標識　規制なし,表示なし,交差点　小　小,直路,単独（交差点付近を含む）,ゾーン３０,車両相互,25～34歳,55～64歳,軽乗用,自転車,自家用,自転車,損傷なし,負傷,34.16379306,131.4405669,木曜,その他
萩,3,負傷,0,1,市道,萩市,2023,2,2,12,39,2昼,曇,市街地,舗装　乾燥,直路,施設なし,対象外当事者,対象外当事者,対象外当事者,対象外当事者,単路　3.5m以上,直路,単独（交差点付近を含む）,規制なし,車両相互,45～54歳,01～24歳,普通貨物,軽乗用,自家用,自家用,損傷なし,負傷,34.40779889,131.4107217,木曜,その他
下関,23,負傷,0,2,国道９号,下関市,2023,2,2,13,30,2昼,晴,市街地,舗装　乾燥,直路,施設なし,対象外当事者,対象外当事者,対象外当事者,対象外当事者,単路　5.5m以上,直路,単独（交差点付近を含む）,規制なし,車両相互,45～54歳,25～34歳,普通乗用,普通乗用,自家用,自家用,損傷なし,負傷,33.95096056,130.9230622,木曜,その他
防府,39,負傷,0,1,国道２号,防府市,2023,2,2,14,52,2昼,晴,市街地,舗装　乾燥,交差点,点灯３灯式,標識　規制なし,表示なし,標識　規制なし,表示なし,交差点　大　中,直路,交差点内,規制なし,車両相互,35～44歳,65～74歳,普通乗用,軽乗用,自家用,自家用,負傷,損傷なし,34.050845,131.5010056,木曜,その他
柳井,26,負傷,0,1,県道,田布施町,2023,2,2,17,40,3昼暮,晴,市街地,舗装　乾燥,交差点,点灯３灯式,標識　規制なし,表示あり,標識　規制なし,表示あり,交差点　大　中,直路,交差点内,規制なし,車両相互,45～54歳,25～34歳,普通乗用,軽乗用,自家用,自家用,負傷,損傷なし,33.95598194,132.0468872,木曜,その他
下松,12,負傷,0,1,市道,下松市,2023,2,2,20,22,5夜,晴,市街地,舗装　乾燥,交差点,点灯３灯式,標識　標準　反射式,表示なし,標識　規制なし,表示なし,交差点　中　小,直路,交差点内,規制なし,車両相互,45～54歳,25～34歳,軽貨物,自転車,自家用,自転車,損傷なし,負傷,34.01402194,131.8579417,木曜,その他
下関,28,負傷,0,1,県道,下関市,2023,2,3,7,5,6夜明,曇,市街地,舗装　乾燥,交差点,点灯３灯式,標識　規制なし,表示なし,標識　規制なし,表示なし,交差点　大　中,直路,交差点内,規制なし,車両相互,25～34歳,35～44歳,普通乗用,普通乗用,自家用,自家用,損傷なし,負傷,33.9835825,130.9195958,金曜,その他
長門,4,負傷,0,1,県道,長門市,2023,2,3,8,40,2昼,晴,市街地,舗装　乾燥,交差点,点灯３灯式,標識　規制なし,表示なし,標識　規制なし,表示なし,交差点　大　中,直路,交差点内,規制なし,車両相互,45～54歳,45～54歳,軽乗用,軽乗用,自家用,自家用,損傷なし,負傷,34.37511806,131.1813417,金曜,その他
岩国,66,負傷,0,1,県道,岩国市,2023,2,3,12,30,2昼,晴,市街地,舗装　乾燥,交差点付近,点灯３灯式,対象外当事者,対象外当事者,対象外当事者,対象外当事者,単路　3.5m未満,直路,単独（交差点付近を含む）,規制なし,車両相互,55～64歳,35～44歳,中型貨物,普通乗用,事業用,自家用,損傷なし,負傷,34.18367639,132.17238,金曜,その他
山口,30,負傷,0,1,市道,山口市,2023,2,3,15,48,2昼,晴,市街地,舗装　乾燥,直路,施設なし,対象外当事者,対象外当事者,対象外当事者,対象外当事者,単路　3.5m以上,直路,単独（交差点付近を含む）,規制なし,人対車両,75歳以上,45～54歳,軽乗用,歩行者,自家用,対象外当事者,損傷なし,負傷,34.16136806,131.4587253,金曜,その他
岩国,24,負傷,0,1,国道188号,岩国市,2023,2,3,16,40,2昼,晴,市街地,舗装　乾燥,直路,点灯３灯式,対象外当事者,対象外当事者,対象外当事者,対象外当事者,単路　3.5m以上,直路,単独（交差点付近を含む）,規制なし,人対車両,45～54歳,45～54歳,自転車,歩行者,自転車,対象外当事者,損傷なし,負傷,34.16366361,132.2224322,金曜,その他
高速隊,15,負傷,0,1,宇部有料,山口市,2023,2,3,23,0,5夜,晴,非市街地,舗装　乾燥,直路,点灯押ボ式,対象外当事者,対象外当事者,対象外当事者,対象外当事者,単路　5.5m以上,直路,単独（交差点付近を含む）,規制なし,車両相互,25～34歳,25～34歳,普通乗用,普通乗用,自家用,自家用,損傷なし,負傷,34.01480556,131.3256944,金曜,その他
長府,27,負傷,0,2,県道,下関市,2023,2,4,9,20,2昼,曇,市街地,舗装　乾燥,交差点,施設なし,標識　規制なし,表示なし,標識　標準　反射式,表示あり,交差点　大　中,直路,交差点内,規制なし,車両相互,45～54歳,75歳以上,普通乗用,軽乗用,自家用,自家用,負傷,損傷なし,34.12656278,131.0344897,土曜,その他
周南,32,負傷,0,1,国道２号,周南市,2023,2,4,16,37,2昼,晴,非市街地,舗装　乾燥,直路,施設なし,対象外当事者,対象外当事者,対象外当事者,対象外当事者,単路　3.5m以上,直路,単独（交差点付近を含む）,規制なし,車両相互,01～24歳,55～64歳,普通乗用,軽貨物,自家用,自家用,負傷,損傷なし,34.07841639,131.7077647,土曜,その他
柳井,22,負傷,0,1,国道188号,柳井市,2023,2,4,17,20,3昼暮,晴,市街地,舗装　乾燥,直路,施設なし,対象外当事者,対象外当事者,対象外当事者,対象外当事者,単路　5.5m以上,直路,単独（交差点付近を含む）,規制なし,車両相互,25～34歳,25～34歳,普通乗用,軽二輪　126～250cc,自家用,自家用,損傷なし,負傷,33.96077417,132.1020647,土曜,その他
光,13,負傷,0,2,県道,光市,2023,2,5,7,29,1昼明,晴,非市街地,舗装　乾燥,交差点,点灯３灯式,標識　規制なし,表示なし,標識　規制なし,表示なし,交差点　中　中,直路,交差点内,規制なし,車両相互,55～64歳,45～54歳,普通乗用,軽乗用,自家用,自家用,負傷,負傷,34.02189083,131.9733997,日曜,その他
山口,25,負傷,0,1,国道262号,山口市,2023,2,5,13,59,2昼,晴,市街地,舗装　乾燥,交差点付近,点灯３灯式,対象外当事者,対象外当事者,対象外当事者,対象外当事者,単路　5.5m以上,直路,単独（交差点付近を含む）,規制なし,車両相互,01～24歳,45～54歳,普通乗用,小型二輪　401～750cc,自家用,自家用,損傷なし,負傷,34.16705444,131.50667,日曜,その他
下関,33,負傷,0,1,市道,下関市,2023,2,5,15,56,2昼,晴,市街地,舗装　乾燥,交差点,施設なし,標識　標準　反射式,表示あり,標識　規制なし,表示なし,交差点　大　中,直路,交差点内,規制なし,車両相互,65～74歳,65～74歳,普通乗用,軽乗用,自家用,自家用,損傷なし,負傷,33.98267972,130.9364089,日曜,その他
山陽小野田,17,負傷,0,2,県道,山陽小野田市,2023,2,5,19,2,5夜,晴,市街地,舗装　乾燥,交差点,施設なし,標識　標準　反射式,表示あり,標識　規制なし,表示なし,交差点　大　中,直路,交差点内,規制なし,車両相互,01～24歳,35～44歳,軽乗用,軽乗用,自家用,自家用,損傷なし,負傷,34.03041361,131.1949492,日曜,その他
山口,20,負傷,0,1,市道,山口市,2023,2,6,8,32,2昼,曇,市街地,舗装　乾燥,交差点,施設なし,標識　標準　反射式,表示なし,標識　規制なし,表示なし,交差点　小　小,直路,交差点内,規制なし,車両相互,55～64歳,65～74歳,軽乗用,自転車,自家用,自転車,損傷なし,負傷,34.16464528,131.4465003,月曜,その他
下松,14,負傷,0,1,県道,下松市,2023,2,6,14,2,2昼,曇,市街地,舗装　乾燥,交差点,点灯３灯式,標識　規制なし,表示なし,標識　規制なし,表示なし,交差点　大　中,直路,交差点内,規制なし,車両相互,65～74歳,01～24歳,普通乗用,自転車,自家用,自転車,損傷なし,負傷,34.03810111,131.8672817,月曜,その他
長門,8,負傷,0,1,県道,長門市,2023,2,6,15,0,2昼,晴,市街地,舗装　乾燥,直路,施設なし,対象外当事者,対象外当事者,対象外当事者,対象外当事者,単路　3.5m以上,直路,単独（交差点付近を含む）,規制なし,車両相互,65～74歳,55～64歳,普通乗用,普通乗用,自家用,自家用,損傷なし,損傷なし,34.38883222,131.2015378,月曜,その他
柳井,30,負傷,0,5,県道,田布施町,2023,2,6,16,55,3昼暮,晴,市街地,舗装　乾燥,直路,施設なし,対象外当事者,対象外当事者,対象外当事者,対象外当事者,単路　5.5m以上,直路,単独（交差点付近を含む）,規制なし,車両相互,75歳以上,75歳以上,普通乗用,軽乗用,自家用,自家用,負傷,負傷,33.96094389,132.0568228,月曜,その他
防府,23,負傷,0,3,県道,防府市,2023,2,6,19,4,5夜,曇,市街地,舗装　乾燥,直路,施設なし,対象外当事者,対象外当事者,対象外当事者,対象外当事者,単路　9.0m以上,直路,単独（交差点付近を含む）,規制なし,車両相互,01～24歳,01～24歳,普通乗用,軽乗用,自家用,自家用,損傷なし,負傷,34.05134583,131.5465133,月曜,その他
長府,15,負傷,0,1,国道２号,下関市,2023,2,6,19,12,5夜,晴,市街地,舗装　湿潤,交差点付近,点灯３灯式,対象外当事者,対象外当事者,対象外当事者,対象外当事者,単路　5.5m以上,直路,単独（交差点付近を含む）,規制なし,車両相互,25～34歳,35～44歳,普通乗用,普通貨物,自家用,自家用,負傷,損傷なし,34.01836389,131.0012297,月曜,その他
山陽小野田,10,死亡,1,0,国道316号,山陽小野田市,2023,2,7,6,45,6夜明,曇,非市街地,舗装　湿潤,交差点,施設なし,標識　規制なし,表示なし,標識　標準　反射式,表示あり,交差点　中　中,直路,交差点内,規制なし,車両相互,25～34歳,75歳以上,軽乗用,軽車両その他,自家用,対象外当事者,損傷なし,死亡,34.10192944,131.1799394,火曜,その他
山口,53,負傷,0,1,国道262号,山口市,2023,2,7,12,40,2昼,曇,非市街地,舗装　乾燥,直路,施設なし,対象外当事者,対象外当事者,対象外当事者,対象外当事者,単路　9.0m以上,直路,単独（交差点付近を含む）,規制なし,車両相互,75歳以上,45～54歳,普通乗用,軽乗用,自家用,自家用,負傷,損傷なし,34.12298111,131.5292311,火曜,その他
柳井,17,負傷,0,1,町道,田布施町,2023,2,7,13,23,2昼,雨,市街地,舗装　湿潤,直路,施設なし,対象外当事者,対象外当事者,対象外当事者,対象外当事者,単路　5.5m以上,直路,単独（交差点付近を含む）,規制なし,人対車両,75歳以上,01～24歳,普通乗用,歩行者,自家用,対象外当事者,損傷なし,負傷,33.95269722,132.0451228,火曜,その他
宇部,61,負傷,0,1,県道,宇部市,2023,2,7,16,3,2昼,曇,非市街地,舗装　湿潤,直路,施設なし,対象外当事者,対象外当事者,対象外当事者,対象外当事者,単路　5.5m以上,直路,単独（交差点付近を含む）,規制なし,車両相互,55～64歳,55～64歳,軽乗用,軽貨物,自家用,自家用,負傷,損傷なし,34.09105,131.3306422,火曜,その他
山陽小野田,15,負傷,0,3,国道190号,山陽小野田市,2023,2,7,18,28,4夜暮,曇,非市街地,舗装　乾燥,直路,施設なし,対象外当事者,対象外当事者,対象外当事者,対象外当事者,単路　13.0m以上,直路,単独（交差点付近を含む）,規制なし,車両相互,25～34歳,01～24歳,普通乗用,軽乗用,自家用,自家用,損傷なし,負傷,34.00938417,131.1707219,火曜,その他
山口南,14,負傷,0,1,国道２号,山口市,2023,2,8,2,21,5夜,霧,市街地,舗装　湿潤,交差点,点灯３灯式,標識　規制なし,表示なし,標識　規制なし,表示なし,交差点　大　小,直路,交差点内,規制なし,車両相互,01～24歳,65～74歳,軽乗用,軽貨物,自家用,自家用,損傷なし,負傷,34.08448278,131.4418556,水曜,その他
岩国,28,負傷,0,1,国道２号,岩国市,2023,2,8,5,50,5夜,晴,市街地,舗装　湿潤,交差点付近,施設なし,対象外当事者,対象外当事者,対象外当事者,対象外当事者,単路　5.5m以上,直路,単独（交差点付近を含む）,規制なし,車両相互,55～64歳,45～54歳,大型貨物,軽乗用,事業用,自家用,損傷なし,負傷,34.17730944,132.2295383,水曜,その他
下関,29,負傷,0,1,県道,下関市,2023,2,8,7,13,1昼明,晴,非市街地,舗装　乾燥,直路,施設なし,対象外当事者,対象外当事者,対象外当事者,対象外当事者,単路　5.5m以上,直路,単独（交差点付近を含む）,規制なし,人対車両,55～64歳,55～64歳,普通乗用,歩行者,自家用,対象外当事者,損傷なし,負傷,34.07095417,130.9150306,水曜,その他