警察署,本票番号,事故内容,死者数,負傷者数,路線,市町村名,発生日時　　年,発生日時　　月,発生日時　　日,発生日時　　時,発生日時　　分,昼夜,天候,地形,路面状態,道路形状,信号機,一時停止規制標識（当事者A）,一時停止規制表示（当事者A）,一時停止規制標識（当事者B）,一時停止規制表示（当事者B）,車道幅員,道路線形,衝突地点,ゾーン規制,事故類型,年齢（当事者A）,年齢（当事者B）,当事者種別（当事者A）,当事者種別（当事者B）,用途別（当事者A）,用途別（当事者B）,人身損傷程度（当事者A）,人身損傷程度（当事者B）,緯度,経度,曜日,祝日
下関,46,死亡,1,0,市道,下関市,2023,3,3,14,58,2昼,晴,市街地,舗装　乾燥,直路,施設なし,対象外当事者,対象外当事者,対象外当事者,対象外当事者,単路　3.5m未満,直路,単独（交差点付近を含む）,規制なし,車両単独,65～74歳,不明,普通乗用,物件等,自家用,対象外当事者,死亡,対象外当事者,33.96014056,130.9177522,金曜,その他
美祢,4,負傷,0,1,市道,美祢市,2023,3,3,15,6,2昼,晴,市街地,舗装　乾燥,交差点付近,施設なし,対象外当事者,対象外当事者,対象外当事者,対象外当事者,単路　5.5m以上,直路,単独（交差点付近を含む）,規制なし,車両相互,25～34歳,45～54歳,普通乗用,軽乗用,自家用,自家用,負傷,損傷なし,34.16626694,131.20913,金曜,その他
周南,61,負傷,0,1,県道,周南市,2023,3,3,20,49,5夜,晴,市街地,舗装　乾燥,直路,施設なし,対象外当事者,対象外当事者,対象外当事者,対象外当事者,単路　5.5m以上,直路,単独（交差点付近を含む）,規制なし,車両相互,01～24歳,55～64歳,軽乗用,自転車,自家用,自転車,損傷なし,負傷,34.0286325,131.8429422,金曜,その他
岩国,43,負傷,0,1,県道,岩国市,2023,3,4,6,55,1昼明,晴,非市街地,舗装　乾燥,その他,施設なし,対象外当事者,対象外当事者,対象外当事者,対象外当事者,単路　5.5m以上,直路,単独（交差点付近を含む）,規制なし,車両相互,55～64歳,01～24歳,大型貨物,自転車,事業用,自転車,損傷なし,負傷,34.14401417,132.1617703,土曜,その他
長府,32,負傷,0,1,県道,下関市,2023,3,4,7,8,1昼明,晴,非市街地,舗装　乾燥,交差点,施設なし,標識　規制なし,表示なし,標識　規制なし,表示なし,交差点　大　中,直路,交差点内,規制なし,車両相互,45～54歳,25～34歳,普通乗用,軽乗用,自家用,自家用,負傷,損傷なし,34.0645375,130.9521019,土曜,その他
下関,63,負傷,0,1,県道,下関市,2023,3,4,10,7,2昼,晴,非市街地,舗装　乾燥,直路,点灯３灯式,対象外当事者,対象外当事者,対象外当事者,対象外当事者,単路　9.0m以上,直路,単独（交差点付近を含む）,規制なし,車両相互,45～54歳,65～74歳,大型貨物,軽乗用,自家用,自家用,損傷なし,負傷,33.98246389,130.9513522,土曜,その他
下松,25,負傷,0,1,市道,下松市,2023,3,4,11,3,2昼,晴,市街地,舗装　乾燥,交差点,施設なし,標識　規制なし,表示なし,標識　規制なし,表示なし,交差点　中　小,直路,交差点内,規制なし,車両相互,65～74歳,75歳以上,軽貨物,自転車,自家用,自転車,損傷なし,負傷,34.01994972,131.8656444,土曜,その他
山口南,47,負傷,0,1,国道190号,山口市,2023,3,4,11,18,2昼,晴,非市街地,舗装　乾燥,交差点,点灯３灯式,標識　規制なし,表示なし,標識　規制なし,表示なし,交差点　中　小,直路,交差点内,規制なし,車両相互,75歳以上,45～54歳,準中型貨物,普通貨物,自家用,自家用,負傷,損傷なし,34.03762667,131.3587111,土曜,その他
下関,57,負傷,0,1,市道,下関市,2023,3,4,12,6,2昼,晴,市街地,舗装　乾燥,直路,施設なし,対象外当事者,対象外当事者,対象外当事者,対象外当事者,単路　3.5m未満,直路,単独（交差点付近を含む）,規制なし,車両相互,75歳以上,45～54歳,普通乗用,軽乗用,自家用,自家用,損傷なし,負傷,33.97886444,130.9354525,土曜,その他
下関,81,負傷,0,1,県道,下関市,2023,3,4,20,5,5夜,晴,市街地,舗装　乾燥,直路,施設なし,対象外当事者,対象外当事者,対象外当事者,対象外当事者,単路　3.5m未満,直路,単独（交差点付近を含む）,規制なし,人対車両,55～64歳,75歳以上,普通乗用,歩行者,自家用,対象外当事者,損傷なし,負傷,34.00928028,130.9244178,土曜,その他
山口,45,負傷,0,1,市道,山口市,2023,3,5,12,36,2昼,晴,市街地,舗装　乾燥,直路,施設なし,対象外当事者,対象外当事者,対象外当事者,対象外当事者,単路　3.5m未満,直路,単独（交差点付近を含む）,規制なし,車両相互,55～64歳,45～54歳,普通乗用,普通乗用,自家用,自家用,損傷なし,負傷,34.16139944,131.4464789,日曜,その他
下関,54,負傷,0,1,国道２号,下関市,2023,3,5,12,47,2昼,晴,市街地,舗装　乾燥,直路,施設なし,対象外当事者,対象外当事者,対象外当事者,対象外当事者,単路　3.5m以上,直路,単独（交差点付近を含む）,規制なし,車両相互,45～54歳,65～74歳,準中型貨物,普通乗用,自家用,自家用,負傷,損傷なし,33.97782944,130.9465667,日曜,その他
周南,41,負傷,0,1,県道,周南市,2023,3,5,16,5,2昼,晴,市街地,舗装　乾燥,直路,施設なし,対象外当事者,対象外当事者,対象外当事者,対象外当事者,単路　3.5m以上,直路,単独（交差点付近を含む）,規制なし,車両相互,75歳以上,65～74歳,普通乗用,駆動補助装置付自転車,自家用,自転車,損傷なし,負傷,34.06341472,131.7852233,日曜,その他
下関,51,負傷,0,1,国道191号,下関市,2023,3,5,16,44,2昼,晴,市街地,舗装　乾燥,交差点,点灯３灯式,標識　規制なし,表示なし,対象外当事者,対象外当事者,交差点　大　大,直路,交差点内,規制なし,人対車両,55～64歳,55～64歳,普通乗用,歩行者,自家用,対象外当事者,損傷なし,負傷,33.95726667,130.9211181,日曜,その他
防府,45,負傷,0,1,国道２号,防府市,2023,3,5,16,45,2昼,晴,市街地,舗装　乾燥,交差点,点灯３灯式,標識　規制なし,表示なし,標識　規制なし,表示なし,交差点　大　大,直路,交差点内,規制なし,車両相互,45～54歳,35～44歳,普通乗用,普通乗用,自家用,自家用,損傷なし,負傷,34.06826028,131.5555933,日曜,その他
長府,38,負傷,0,1,国道２号,下関市,2023,3,6,6,28,6夜明,晴,市街地,舗装　乾燥,その他,施設なし,対象外当事者,対象外当事者,対象外当事者,対象外当事者,単路　5.5m以上,直路,単独（交差点付近を含む）,規制なし,車両相互,55～64歳,65～74歳,中型貨物,中型貨物,事業用,事業用,損傷なし,損傷なし,34.00420528,130.9792314,月曜,その他
宇部,71,負傷,0,2,国道490号,宇部市,2023,3,6,9,38,2昼,晴,市街地,舗装　乾燥,交差点,施設なし,標識　標準　反射式,表示あり,標識　規制なし,表示なし,交差点　中　中,直路,交差点内,規制なし,車両相互,25～34歳,55～64歳,準中型貨物,小型二輪　751cc以上,自家用,自家用,損傷なし,負傷,34.120845,131.3182653,月曜,その他
山口南,19,負傷,0,1,県道,山口市,2023,3,6,11,10,2昼,晴,市街地,舗装　乾燥,直路,点灯３灯式,対象外当事者,対象外当事者,対象外当事者,対象外当事者,単路　5.5m以上,直路,単独（交差点付近を含む）,規制なし,車両相互,35～44歳,01～24歳,普通乗用,普通乗用,自家用,自家用,損傷なし,負傷,34.09566278,131.4036117,月曜,その他
山陽小野田,26,負傷,0,1,一般の交通の用に供するその他の道路,山陽小野田市,2023,3,6,12,57,2昼,晴,非市街地,舗装　乾燥,その他,施設なし,対象外当事者,対象外当事者,対象外当事者,対象外当事者,一般交通の場所,一般交通の場所,単独（交差点付近を含む）,規制なし,車両相互,65～74歳,35～44歳,軽貨物,自転車,自家用,自転車,損傷なし,負傷,33.97011111,131.165,月曜,その他
萩,6,負傷,0,1,国道191号,萩市,2023,3,6,16,5,2昼,晴,非市街地,舗装　乾燥,直路,施設なし,対象外当事者,対象外当事者,対象外当事者,対象外当事者,単路　5.5m以上,直路,単独（交差点付近を含む）,規制なし,車両相互,75歳以上,25～34歳,普通乗用,軽乗用,自家用,自家用,損傷なし,負傷,34.40871028,131.3995581,月曜,その他
長府,34,負傷,0,1,国道９号,下関市,2023,3,6,17,15,3昼暮,晴,非市街地,舗装　乾燥,直路,施設なし,対象外当事者,対象外当事者,対象外当事者,対象外当事者,単路　9.0m以上,直路,単独（交差点付近を含む）,規制なし,車両相互,35～44歳,55～64歳,軽乗用,自転車,自家用,自転車,損傷なし,負傷,33.98548083,130.9876892,月曜,その他
光,17,負傷,0,1,国道188号,光市,2023,3,6,19,35,5夜,晴,非市街地,舗装　乾燥,交差点,点灯３灯式,標識　規制なし,表示なし,対象外当事者,対象外当事者,交差点　中　小,直路,単独（交差点付近を含む）,規制なし,人対車両,35～44歳,35～44歳,普通乗用,歩行者,自家用,対象外当事者,損傷なし,負傷,33.96113556,131.9421925,月曜,その他
山口,41,負傷,0,1,県道,山口市,2023,3,6,19,45,5夜,晴,市街地,舗装　乾燥,直路,施設なし,対象外当事者,対象外当事者,対象外当事者,対象外当事者,単路　3.5m以上,直路,単独（交差点付近を含む）,規制なし,車両相互,55～64歳,01～24歳,普通乗用,自転車,自家用,自転車,損傷なし,負傷,34.17176056,131.4687069,月曜,その他
宇部,64,負傷,0,1,市道,宇部市,2023,3,7,6,46,1昼明,晴,市街地,舗装　乾燥,交差点,施設なし,標識　標準　反射式,表示あり,標識　規制なし,表示なし,交差点　小　小,直路,交差点内,規制なし,車両相互,01～24歳,65～74歳,普通乗用,軽乗用,自家用,自家用,損傷なし,負傷,33.95462889,131.2640517,火曜,その他
下関,79,負傷,0,1,その他,下関市,2023,3,7,6,55,1昼明,晴,市街地,舗装　乾燥,その他,施設なし,対象外当事者,対象外当事者,対象外当事者,対象外当事者,一般交通の場所,一般交通の場所,単独（交差点付近を含む）,規制なし,車両単独,45～54歳,不明,大型乗用,相手なし,事業用,対象外当事者,損傷なし,対象外当事者,33.95051167,130.92343,火曜,その他
山口南,20,負傷,0,3,県道,山口市,2023,3,7,6,55,1昼明,晴,非市街地,舗装　乾燥,交差点付近,点灯３灯式,対象外当事者,対象外当事者,対象外当事者,対象外当事者,単路　9.0m以上,直路,単独（交差点付近を含む）,規制なし,車両相互,35～44歳,55～64歳,普通乗用,軽乗用,自家用,自家用,負傷,損傷なし,34.01283556,131.3675939,火曜,その他
山陽小野田,29,負傷,0,1,国道316号,山陽小野田市,2023,3,7,10,16,2昼,晴,市街地,舗装　乾燥,交差点,施設なし,標識　規制なし,表示なし,標識　規制なし,表示なし,交差点　中　小,直路,交差点内,規制なし,車両相互,25～34歳,01～24歳,大型貨物,普通乗用,事業用,自家用,損傷なし,負傷,34.10199556,131.1799919,火曜,その他
山陽小野田,25,負傷,0,1,国道190号,山陽小野田市,2023,3,7,11,46,2昼,晴,市街地,舗装　乾燥,直路,施設なし,対象外当事者,対象外当事者,対象外当事者,対象外当事者,単路　5.5m以上,直路,単独（交差点付近を含む）,規制なし,車両相互,45～54歳,65～74歳,普通貨物,軽貨物,自家用,自家用,損傷なし,負傷,34.03445028,131.0982283,火曜,その他
高速隊,14,負傷,0,1,高速道路,防府市,2023,3,7,12,3,2昼,晴,非市街地,舗装　乾燥,直路,施設なし,対象外当事者,対象外当事者,対象外当事者,対象外当事者,単路　5.5m以上,直路,単独（交差点付近を含む）,規制なし,車両相互,01～24歳,35～44歳,大型貨物,中型乗用,事業用,自家用,損傷なし,負傷,34.07384056,131.5658256,火曜,その他
山口,49,負傷,0,1,県道,山口市,2023,3,7,13,20,2昼,晴,市街地,舗装　乾燥,直路,施設なし,対象外当事者,対象外当事者,対象外当事者,対象外当事者,単路　5.5m以上,直路,単独（交差点付近を含む）,規制なし,車両相互,65～74歳,55～64歳,普通乗用,普通乗用,自家用,自家用,損傷なし,負傷,34.17660306,131.4765019,火曜,その他
周南,62,負傷,0,2,県道,周南市,2023,3,7,14,47,2昼,晴,市街地,舗装　乾燥,交差点,施設なし,標識　規制なし,表示なし,標識　規制なし,表示なし,交差点　小　小,直路,単独（交差点付近を含む）,規制なし,車両相互,25～34歳,01～24歳,普通乗用,普通貨物,自家用,自家用,損傷なし,負傷,34.0698225,131.7595828,火曜,その他
下関,114,負傷,0,1,県道,下関市,2023,3,8,5,0,5夜,晴,市街地,舗装　乾燥,直路,施設なし,対象外当事者,対象外当事者,対象外当事者,対象外当事者,単路　5.5m以上,直路,単独（交差点付近を含む）,規制なし,人対車両,45～54歳,45～54歳,軽乗用,歩行者,自家用,対象外当事者,損傷なし,負傷,33.9710375,130.9312158,水曜,その他
山口南,22,負傷,0,1,県道,山口市,2023,3,8,6,55,1昼明,晴,非市街地,舗装　乾燥,交差点,施設なし,標識　規制なし,表示なし,対象外当事者,対象外当事者,交差点　中　小,直路,交差点内,規制なし,車両相互,45～54歳,不明,自転車,対象外当事者,自転車,対象外当事者,負傷,対象外当事者,34.09276556,131.4157011,水曜,その他
防府,43,負傷,0,1,国道２号,防府市,2023,3,8,7,5,1昼明,晴,市街地,舗装　乾燥,直路,施設なし,対象外当事者,対象外当事者,対象外当事者,対象外当事者,単路　5.5m以上,直路,単独（交差点付近を含む）,規制なし,車両相互,55～64歳,45～54歳,軽貨物,軽貨物,自家用,自家用,損傷なし,負傷,34.05046222,131.6406717,水曜,その他
周南,63,負傷,0,1,国道２号,周南市,2023,3,8,8,15,2昼,晴,市街地,舗装　乾燥,交差点,点灯３灯式,標識　規制なし,表示なし,標識　規制なし,表示なし,交差点　大　中,直路,交差点内,規制なし,車両相互,45～54歳,45～54歳,普通乗用,軽乗用,自家用,自家用,損傷なし,負傷,34.08004222,131.7683747,水曜,その他
山口,47,負傷,0,1,国道376号,山口市,2023,3,8,11,16,2昼,晴,非市街地,舗装　乾燥,直路,施設なし,対象外当事者,対象外当事者,対象外当事者,対象外当事者,単路　5.5m以上,直路,単独（交差点付近を含む）,規制なし,車両相互,65～74歳,65～74歳,普通乗用,軽乗用,自家用,自家用,負傷,損傷なし,34.18187528,131.5919272,水曜,その他
柳井,38,負傷,0,1,国道437号,周防大島町,2023,3,8,17,45,3昼暮,晴,非市街地,舗装　乾燥,直路,施設なし,対象外当事者,対象外当事者,対象外当事者,対象外当事者,単路　5.5m以上,直路,単独（交差点付近を含む）,規制なし,車両相互,25～34歳,55～64歳,普通乗用,軽乗用,自家用,自家用,損傷なし,負傷,33.94716556,132.2061825,水曜,その他
下松,24,負傷,0,1,市道,下松市,2023,3,9,7,20,1昼明,晴,市街地,舗装　乾燥,交差点,施設なし,標識　標準　反射式,表示あり,標識　規制なし,表示なし,交差点　中　小,直路,交差点内,規制なし,車両相互,75歳以上,25～34歳,軽乗用,原付一種,自家用,自家用,損傷なし,負傷,34.01402167,131.8579242,木曜,その他
宇部,68,負傷,0,1,市道,宇部市,2023,3,9,8,1,2昼,晴,市街地,舗装　乾燥,交差点付近,施設なし,対象外当事者,対象外当事者,対象外当事者,対象外当事者,単路　5.5m以上,直路,単独（交差点付近を含む）,規制なし,車両相互,55～64歳,35～44歳,普通乗用,軽乗用,自家用,自家用,損傷なし,負傷,33.96370389,131.1969578,木曜,その他
周南,48,負傷,0,3,市道,周南市,2023,3,9,8,30,2昼,晴,市街地,舗装　乾燥,交差点,施設なし,標識　規制なし,表示なし,標識　標準　反射式,表示あり,交差点　中　小,直路,交差点内,規制なし,車両相互,75歳以上,75歳以上,普通乗用,軽乗用,自家用,自家用,負傷,損傷なし,34.07320472,131.7665461,木曜,その他
岩国,44,負傷,0,1,国道２号,岩国市,2023,3,9,8,59,2昼,晴,市街地,舗装　乾燥,交差点,点灯３灯式,標識　規制なし,表示なし,標識　規制なし,表示なし,交差点　中　小,直路,交差点内,規制なし,車両相互,25～34歳,45～54歳,普通乗用,軽二輪　126～250cc,自家用,自家用,損傷なし,負傷,34.09615306,132.0767072,木曜,その他
山陽小野田,30,負傷,0,1,市道,山陽小野田市,2023,3,9,10,55,2昼,曇,非市街地,舗装　乾燥,直路,施設なし,対象外当事者,対象外当事者,対象外当事者,対象外当事者,単路　5.5m以上,直路,単独（交差点付近を含む）,規制なし,車両相互,65～74歳,35～44歳,大型貨物,普通乗用,自家用,自家用,負傷,損傷なし,34.04403611,131.1138367,木曜,その他
下松,27,負傷,0,1,県道,下松市,2023,3,9,11,57,2昼,曇,市街地,舗装　乾燥,交差点,点灯３灯式,標識　規制なし,表示なし,標識　規制なし,表示なし,交差点　大　小,直路,交差点内,規制なし,車両相互,75歳以上,01～24歳,軽乗用,原付一種,自家用,自家用,損傷なし,負傷,34.02880361,131.9130056,木曜,その他
防府,60,負傷,0,1,市道,防府市,2023,3,9,12,13,2昼,曇,市街地,舗装　乾燥,交差点,点灯３灯式,標識　規制なし,表示なし,標識　規制なし,表示なし,交差点　小　小,直路,交差点内,規制なし,車両相互,45～54歳,75歳以上,軽乗用,自転車,自家用,自転車,損傷なし,負傷,34.05156917,131.5708297,木曜,その他
宇部,72,負傷,0,2,国道190号,宇部市,2023,3,9,14,33,2昼,曇,市街地,舗装　乾燥,直路,点灯３灯式,対象外当事者,対象外当事者,対象外当事者,対象外当事者,単路　5.5m以上,直路,単独（交差点付近を含む）,規制なし,車両相互,45～54歳,45～54歳,軽乗用,軽乗用,自家用,自家用,損傷なし,負傷,33.952275,131.2429236,木曜,その他
長門,10,負傷,0,1,市道,長門市,2023,3,9,15,15,2昼,晴,市街地,舗装　乾燥,交差点,点灯３灯式,標識　規制なし,表示なし,対象外当事者,対象外当事者,交差点　中　小,直路,交差点内,規制なし,人対車両,35～44歳,01～24歳,軽貨物,歩行者,自家用,対象外当事者,損傷なし,負傷,34.37674194,131.1919661,木曜,その他
柳井,40,負傷,0,1,国道188号,柳井市,2023,3,9,15,30,2昼,曇,非市街地,舗装　乾燥,交差点付近,施設なし,対象外当事者,対象外当事者,対象外当事者,対象外当事者,単路　9.0m以上,直路,単独（交差点付近を含む）,規制なし,車両相互,01～24歳,65～74歳,普通乗用,軽貨物,自家用,自家用,損傷なし,負傷,33.95756361,132.1230792,木曜,その他
光,18,負傷,0,1,市道,周南市,2023,3,9,17,13,2昼,曇,市街地,舗装　乾燥,直路,施設なし,対象外当事者,対象外当事者,対象外当事者,対象外当事者,単路　3.5m未満,直路,単独（交差点付近を含む）,規制なし,車両相互,35～44歳,75歳以上,軽乗用,軽貨物,自家用,自家用,損傷なし,負傷,34.03074889,131.9865031,木曜,その他
下関,55,負傷,0,1,市道,下関市,2023,3,10,8,20,2昼,晴,市街地,舗装　乾燥,交差点付近,点灯３灯式,対象外当事者,対象外当事者,対象外当事者,対象外当事者,単路　3.5m以上,直路,単独（交差点付近を含む）,規制なし,車両相互,45～54歳,25～34歳,普通乗用,軽乗用,自家用,自家用,負傷,損傷なし,34.00861528,130.9601764,金曜,その他
山口,38,負傷,0,1,県道,山口市,2023,3,10,9,39,2昼,晴,市街地,舗装　乾燥,直路,施設なし,対象外当事者,対象外当事者,対象外当事者,対象外当事者,単路　9.0m以上,直路,単独（交差点付近を含む）,規制なし,車両相互,75歳以上,35～44歳,普通乗用,軽乗用,自家用,自家用,損傷なし,負傷,34.15700778,131.4958111,金曜,その他
宇部,86,負傷,0,1,市道,宇部市,2023,3,10,17,16,2昼,晴,市街地,舗装　乾燥,交差点,点灯３灯式,標識　規制なし,表示なし,標識　規制なし,表示なし,交差点　中　中,直路,交差点内,規制なし,車両相互,01～24歳,35～44歳,普通乗用,軽貨物,自家用,事業用,損傷なし,負傷,33.95134389,131.2511847,金曜,その他
周南,53,負傷,0,2,県道,周南市,2023,3,10,17,30,3昼暮,晴,市街地,舗装　乾燥,直路,施設なし,対象外当事者,対象外当事者,対象外当事者,対象外当事者,単路　3.5m以上,直路,単独（交差点付近を含む）,規制なし,車両相互,25～34歳,45～54歳,軽乗用,軽乗用,自家用,自家用,損傷なし,負傷,34.06669861,131.7751528,金曜,その他
下関,64,負傷,0,1,県道,下関市,2023,3,10,19,30,5夜,曇,市街地,舗装　乾燥,直路,施設なし,対象外当事者,対象外当事者,対象外当事者,対象外当事者,単路　3.5m以上,直路,単独（交差点付近を含む）,規制なし,車両相互,35～44歳,01～24歳,普通乗用,軽乗用,自家用,自家用,負傷,損傷なし,33.99190917,130.9279661,金曜,その他
周南,72,負傷,0,1,県道,周南市,2023,3,10,19,51,5夜,晴,市街地,舗装　乾燥,直路,施設なし,対象外当事者,対象外当事者,対象外当事者,対象外当事者,単路　5.5m以上,直路,単独（交差点付近を含む）,規制なし,人対車両,01～24歳,65～74歳,自転車,歩行者,自転車,対象外当事者,損傷なし,負傷,34.05044083,131.8117706,金曜,その他
防府,46,負傷,0,1,県道,防府市,2023,3,10,22,10,5夜,晴,市街地,舗装　乾燥,直路,施設なし,対象外当事者,対象外当事者,対象外当事者,対象外当事者,単路　3.5m以上,直路,単独（交差点付近を含む）,規制なし,車両相互,01～24歳,01～24歳,軽乗用,軽乗用,自家用,自家用,損傷なし,損傷なし,34.04516111,131.5224467,金曜,その他
宇部,70,負傷,0,1,国道490号,宇部市,2023,3,11,12,26,2昼,晴,市街地,舗装　乾燥,交差点,点灯押ボ式,標識　標準　反射式,表示あり,標識　規制なし,表示なし,交差点　大　小,直路,交差点内,規制なし,車両相互,75歳以上,35～44歳,軽乗用,小型二輪　401～750cc,自家用,自家用,損傷なし,負傷,33.96160083,131.2622322,土曜,その他
山陽小野田,28,負傷,0,1,市道,山陽小野田市,2023,3,11,12,52,2昼,晴,市街地,舗装　乾燥,直路,施設なし,対象外当事者,対象外当事者,対象外当事者,対象外当事者,単路　5.5m以上,直路,単独（交差点付近を含む）,規制なし,車両相互,75歳以上,35～44歳,普通乗用,軽乗用,自家用,自家用,損傷なし,負傷,34.01072083,131.1697547,土曜,その他
宇部,66,負傷,0,1,国道490号,宇部市,2023,3,11,14,1,2昼,晴,市街地,舗装　乾燥,交差点,点灯３灯式,標識　規制なし,表示なし,標識　規制なし,表示なし,交差点　大　中,カーブ左,交差点内,規制なし,車両相互,65～74歳,01～24歳,普通乗用,自転車,自家用,自転車,損傷なし,負傷,33.95276667,131.2560433,土曜,その他
岩国,46,負傷,0,1,国道２号,岩国市,2023,3,11,15,31,2昼,晴,市街地,舗装　乾燥,交差点付近,施設なし,対象外当事者,対象外当事者,対象外当事者,対象外当事者,単路　13.0m以上,直路,単独（交差点付近を含む）,規制なし,車両相互,01～24歳,75歳以上,普通乗用,軽乗用,自家用,自家用,損傷なし,損傷なし,34.18612556,132.2304558,土曜,その他
下松,23,負傷,0,1,県道,下松市,2023,3,11,17,25,3昼暮,晴,市街地,舗装　乾燥,直路,施設なし,対象外当事者,対象外当事者,対象外当事者,対象外当事者,単路　5.5m以上,直路,単独（交差点付近を含む）,規制なし,車両相互,01～24歳,65～74歳,普通乗用,軽乗用,自家用,自家用,負傷,損傷なし,33.99730139,131.8747369,土曜,その他
下関,59,負傷,0,1,国道２号,下関市,2023,3,11,23,46,5夜,晴,市街地,舗装　乾燥,交差点,点灯３灯式,標識　規制なし,表示なし,対象外当事者,対象外当事者,交差点　大　中,直路,交差点内,規制なし,車両単独,75歳以上,不明,普通乗用,物件等,事業用,対象外当事者,損傷なし,対象外当事者,33.9896575,130.9511939,土曜,その他
岩国,45,負傷,0,1,県道,岩国市,2023,3,12,13,15,2昼,晴,市街地,舗装　乾燥,直路,施設なし,対象外当事者,対象外当事者,対象外当事者,対象外当事者,単路　3.5m未満,直路,単独（交差点付近を含む）,規制なし,車両相互,75歳以上,65～74歳,軽乗用,軽乗用,自家用,自家用,損傷なし,負傷,34.08909,132.0499614,日曜,その他
岩国,51,負傷,0,2,国道２号,和木町,2023,3,12,14,57,2昼,晴,市街地,舗装　乾燥,直路,施設なし,対象外当事者,対象外当事者,対象外当事者,対象外当事者,単路　5.5m以上,直路,単独（交差点付近を含む）,規制なし,車両相互,65～74歳,01～24歳,普通乗用,軽乗用,自家用,自家用,損傷なし,損傷なし,34.20348028,132.2302606,日曜,その他
下松,26,負傷,0,1,県道,下松市,2023,3,12,18,45,4夜暮,曇,市街地,舗装　乾燥,交差点,点灯３灯式,標識　規制なし,表示なし,標識　規制なし,表示なし,交差点　大　中,直路,交差点内,規制なし,車両相互,35～44歳,01～24歳,軽乗用,原付一種,自家用,自家用,損傷なし,負傷,34.02562222,131.8603919,日曜,その他
長府,24,死亡,1,0,国道２号,下関市,2023,3,13,6,35,1昼明,晴,非市街地,舗装　乾燥,交差点付近,点灯３灯式,対象外当事者,対象外当事者,対象外当事者,対象外当事者,単路　9.0m以上,カーブ左,単独（交差点付近を含む）,規制なし,車両相互,45～54歳,55～64歳,普通乗用,軽乗用,自家用,自家用,損傷なし,死亡,34.0583825,131.0305997,月曜,その他
柳井,45,負傷,0,2,県道,柳井市,2023,3,14,11,51,2昼,晴,市街地,舗装　乾燥,交差点,施設なし,標識　標準　反射式,表示なし,標識　規制なし,表示なし,交差点　小　小,直路,交差点内,規制なし,車両相互,75歳以上,35～44歳,軽乗用,軽乗用,自家用,自家用,損傷なし,負傷,33.97069944,132.1037617,火曜,その他
山口南,21,負傷,0,2,市道,山口市,2023,3,14,18,39,4夜暮,晴,市街地,舗装　乾燥,直路,施設なし,対象外当事者,対象外当事者,対象外当事者,対象外当事者,単路　5.5m以上,直路,単独（交差点付近を含む）,規制なし,車両相互,45～54歳,01～24歳,軽乗用,軽二輪　126～250cc,自家用,自家用,損傷なし,負傷,34.08595944,131.3966917,火曜,その他
萩,7,負傷,0,1,市道,萩市,2023,3,15,0,17,5夜,晴,市街地,舗装　乾燥,交差点,点滅３灯式,標識　規制なし,表示なし,標識　規制なし,表示なし,交差点　中　中,直路,交差点内,規制なし,車両相互,35～44歳,01～24歳,普通乗用,普通乗用,自家用,自家用,損傷なし,負傷,34.41079111,131.4114833,水曜,その他
下関,67,負傷,0,1,その他,下関市,2023,3,15,9,10,2昼,晴,市街地,舗装　乾燥,その他,施設なし,対象外当事者,対象外当事者,対象外当事者,対象外当事者,一般交通の場所,一般交通の場所,単独（交差点付近を含む）,規制なし,車両相互,35～44歳,75歳以上,普通乗用,軽乗用,自家用,自家用,負傷,損傷なし,33.98565139,130.9183058,水曜,その他
光,19,死亡,1,0,国道188号,光市,2023,3,15,11,18,2昼,晴,市街地,舗装　乾燥,交差点,点灯押ボ式,標識　規制なし,表示なし,標識　規制なし,表示なし,交差点　大　中,直路,交差点内,規制なし,車両相互,65～74歳,75歳以上,普通乗用,駆動補助装置付自転車,自家用,自転車,損傷なし,死亡,33.94004778,131.967835,水曜,その他
山口,44,負傷,0,1,国道９号,山口市,2023,3,15,14,47,2昼,晴,非市街地,舗装　乾燥,直路,施設なし,対象外当事者,対象外当事者,対象外当事者,対象外当事者,単路　5.5m以上,直路,単独（交差点付近を含む）,規制なし,車両相互,01～24歳,45～54歳,普通乗用,軽乗用,自家用,自家用,負傷,損傷なし,34.20608028,131.5132186,水曜,その他
長府,37,負傷,0,1,国道491号,下関市,2023,3,15,18,42,4夜暮,晴,市街地,舗装　乾燥,直路,施設なし,対象外当事者,対象外当事者,対象外当事者,対象外当事者,単路　13.0m以上,直路,単独（交差点付近を含む）,規制なし,車両相互,45～54歳,45～54歳,普通乗用,軽乗用,自家用,自家用,損傷なし,負傷,34.06744917,131.0293511,水曜,その他
長府,33,負傷,0,1,市道,下関市,2023,3,16,6,50,1昼明,晴,市街地,舗装　乾燥,直路,施設なし,対象外当事者,対象外当事者,対象外当事者,対象外当事者,単路　9.0m以上,直路,単独（交差点付近を含む）,規制なし,車両相互,55～64歳,45～54歳,普通乗用,原付二種　51～125cc,自家用,自家用,損傷なし,負傷,34.01597417,131.0156642,木曜,その他
岩国,53,負傷,0,2,一般の交通の用に供するその他の道路,岩国市,2023,3,16,19,58,5夜,晴,市街地,舗装　乾燥,その他,施設なし,対象外当事者,対象外当事者,対象外当事者,対象外当事者,一般交通の場所,一般交通の場所,単独（交差点付近を含む）,規制なし,車両相互,55～64歳,25～34歳,普通乗用,普通貨物,自家用,自家用,損傷なし,負傷,34.09252278,132.0488819,木曜,その他