警察署,本票番号,事故内容,死者数,負傷者数,路線,市町村名,発生日時　　年,発生日時　　月,発生日時　　日,発生日時　　時,発生日時　　分,昼夜,天候,地形,路面状態,道路形状,信号機,一時停止規制標識（当事者A）,一時停止規制表示（当事者A）,一時停止規制標識（当事者B）,一時停止規制表示（当事者B）,車道幅員,道路線形,衝突地点,ゾーン規制,事故類型,年齢（当事者A）,年齢（当事者B）,当事者種別（当事者A）,当事者種別（当事者B）,用途別（当事者A）,用途別（当事者B）,人身損傷程度（当事者A）,人身損傷程度（当事者B）,緯度,経度,曜日,祝日
宇部,78,負傷,0,1,県道,宇部市,2023,3,17,8,19,2昼,晴,市街地,舗装　乾燥,交差点,点灯３灯式,標識　規制なし,表示なし,標識　規制なし,表示なし,交差点　中　小,直路,交差点内,規制なし,車両相互,45～54歳,45～54歳,軽乗用,軽貨物,自家用,自家用,負傷,損傷なし,34.03404861,131.2545206,金曜,その他
下関,70,負傷,0,2,県道,下関市,2023,3,17,11,50,2昼,晴,市街地,舗装　乾燥,直路,施設なし,対象外当事者,対象外当事者,対象外当事者,対象外当事者,単路　5.5m以上,直路,単独（交差点付近を含む）,規制なし,車両相互,35～44歳,45～54歳,普通乗用,軽乗用,自家用,自家用,負傷,損傷なし,33.97048778,130.9308711,金曜,その他
山陽小野田,31,負傷,0,1,市道,山陽小野田市,2023,3,17,12,54,2昼,曇,非市街地,舗装　乾燥,直路,施設なし,対象外当事者,対象外当事者,対象外当事者,対象外当事者,単路　5.5m以上,直路,単独（交差点付近を含む）,規制なし,車両相互,55～64歳,75歳以上,軽乗用,駆動補助装置付自転車,自家用,自転車,損傷なし,負傷,33.99284278,131.1897142,金曜,その他
周南,56,負傷,0,1,市道,周南市,2023,3,17,17,20,2昼,曇,市街地,舗装　乾燥,交差点,施設なし,標識　標準　反射式,表示あり,標識　規制なし,表示なし,交差点　中　中,直路,交差点内,規制なし,車両相互,55～64歳,55～64歳,普通乗用,自転車,自家用,自転車,損傷なし,負傷,34.05576667,131.8044867,金曜,その他
宇部,103,負傷,0,1,市道,宇部市,2023,3,17,18,38,4夜暮,雨,市街地,舗装　湿潤,直路,施設なし,対象外当事者,対象外当事者,対象外当事者,対象外当事者,単路　9.0m以上,直路,単独（交差点付近を含む）,ゾーン３０,人対車両,75歳以上,35～44歳,軽乗用,歩行者,自家用,対象外当事者,損傷なし,負傷,33.941725,131.2544931,金曜,その他
周南,55,負傷,0,1,国道２号,周南市,2023,3,17,18,39,4夜暮,曇,非市街地,舗装　乾燥,直路,施設なし,対象外当事者,対象外当事者,対象外当事者,対象外当事者,単路　5.5m以上,直路,単独（交差点付近を含む）,規制なし,車両相互,35～44歳,55～64歳,普通乗用,普通乗用,自家用,自家用,損傷なし,負傷,34.0419825,131.8400006,金曜,その他
長府,28,負傷,0,1,国道２号,下関市,2023,3,17,21,40,5夜,雨,市街地,舗装　湿潤,交差点付近,施設なし,対象外当事者,対象外当事者,対象外当事者,対象外当事者,単路　19.5m以上,直路,単独（交差点付近を含む）,規制なし,車両相互,35～44歳,55～64歳,普通乗用,軽貨物,自家用,自家用,負傷,損傷なし,34.02095722,131.0029506,金曜,その他
防府,44,負傷,0,1,県道,防府市,2023,3,18,5,1,5夜,曇,市街地,舗装　湿潤,直路,施設なし,対象外当事者,対象外当事者,対象外当事者,対象外当事者,単路　3.5m以上,直路,単独（交差点付近を含む）,規制なし,車両相互,25～34歳,75歳以上,軽乗用,原付一種,自家用,自家用,損傷なし,負傷,34.02335333,131.5526053,土曜,その他
防府,48,負傷,0,1,市道,防府市,2023,3,18,7,23,2昼,晴,市街地,舗装　乾燥,交差点付近,施設なし,対象外当事者,対象外当事者,対象外当事者,対象外当事者,単路　3.5m未満,直路,単独（交差点付近を含む）,規制なし,車両相互,25～34歳,65～74歳,軽乗用,軽乗用,自家用,自家用,損傷なし,負傷,34.05604056,131.5791353,土曜,その他
山口,40,負傷,0,1,市道,山口市,2023,3,18,8,24,2昼,曇,市街地,舗装　乾燥,交差点,施設なし,標識　規制なし,表示なし,標識　規制なし,表示なし,交差点　中　小,直路,交差点内,規制なし,車両相互,25～34歳,55～64歳,普通乗用,小型二輪　751cc以上,自家用,自家用,損傷なし,負傷,34.16439139,131.4485119,土曜,その他
下関,68,負傷,0,1,県道,下関市,2023,3,18,8,41,2昼,曇,市街地,舗装　乾燥,交差点付近,施設なし,対象外当事者,対象外当事者,対象外当事者,対象外当事者,単路　3.5m未満,直路,単独（交差点付近を含む）,規制なし,車両相互,01～24歳,35～44歳,普通乗用,軽乗用,自家用,自家用,損傷なし,負傷,34.00852583,130.9519422,土曜,その他
岩国,52,負傷,0,1,国道188号,岩国市,2023,3,18,9,8,2昼,曇,市街地,舗装　乾燥,直路,施設なし,対象外当事者,対象外当事者,対象外当事者,対象外当事者,単路　5.5m以上,直路,単独（交差点付近を含む）,規制なし,車両相互,45～54歳,65～74歳,普通乗用,軽乗用,自家用,自家用,負傷,損傷なし,34.10996639,132.1994244,土曜,その他
下関,146,負傷,0,1,県道,下関市,2023,3,18,9,25,2昼,曇,市街地,舗装　湿潤,直路,施設なし,対象外当事者,対象外当事者,対象外当事者,対象外当事者,単路　3.5m未満,直路,単独（交差点付近を含む）,規制なし,車両相互,55～64歳,75歳以上,軽乗用,軽貨物,自家用,自家用,負傷,損傷なし,34.00337806,130.9505578,土曜,その他
下関,90,負傷,0,1,県道,下関市,2023,3,18,9,28,2昼,曇,市街地,舗装　湿潤,交差点,施設なし,標識　規制なし,表示なし,標識　規制なし,表示なし,交差点　小　小,直路,交差点内,規制なし,車両相互,45～54歳,25～34歳,準中型貨物,普通乗用,事業用,自家用,損傷なし,負傷,33.96625,130.9419167,土曜,その他
下関,80,負傷,0,1,市道,下関市,2023,3,18,9,43,2昼,曇,市街地,舗装　乾燥,交差点,施設なし,標識　規制なし,表示あり,標識　標準　反射式,表示あり,交差点　小　小,直路,交差点内,規制なし,車両相互,45～54歳,01～24歳,軽乗用,軽貨物,自家用,自家用,負傷,損傷なし,34.00280556,130.9209722,土曜,その他
山口南,23,負傷,0,2,県道,山口市,2023,3,18,13,47,2昼,晴,非市街地,舗装　乾燥,直路,施設なし,対象外当事者,対象外当事者,対象外当事者,対象外当事者,単路　3.5m未満,直路,単独（交差点付近を含む）,規制なし,車両相互,35～44歳,55～64歳,普通乗用,普通乗用,自家用,自家用,損傷なし,負傷,34.05535056,131.3954519,土曜,その他
山陽小野田,32,負傷,0,1,国道190号,山陽小野田市,2023,3,18,18,34,4夜暮,晴,市街地,舗装　乾燥,交差点,点灯３灯式,標識　規制なし,表示あり,標識　規制なし,表示あり,交差点　大　中,直路,交差点内,規制なし,車両相互,35～44歳,35～44歳,普通乗用,軽乗用,自家用,自家用,損傷なし,負傷,34.00172917,131.1819808,土曜,その他
岩国,54,負傷,0,1,国道188号,岩国市,2023,3,18,20,13,5夜,晴,市街地,舗装　乾燥,交差点,点灯３灯式,標識　規制なし,表示なし,標識　規制なし,表示なし,交差点　中　中,直路,交差点内,規制なし,車両相互,55～64歳,45～54歳,軽乗用,自転車,自家用,自転車,損傷なし,負傷,34.15449167,132.2194597,土曜,その他
山口南,24,負傷,0,1,県道,山口市,2023,3,19,2,20,5夜,晴,非市街地,舗装　乾燥,直路,点灯３灯式,対象外当事者,対象外当事者,対象外当事者,対象外当事者,単路　5.5m以上,直路,単独（交差点付近を含む）,規制なし,車両相互,35～44歳,45～54歳,普通乗用,普通乗用,自家用,自家用,損傷なし,負傷,34.09623667,131.4056933,日曜,その他
岩国,60,負傷,0,1,県道,岩国市,2023,3,19,7,30,2昼,晴,市街地,舗装　乾燥,交差点,施設なし,標識　標準　反射式,表示なし,標識　規制なし,表示なし,交差点　中　中,直路,交差点内,規制なし,車両相互,75歳以上,45～54歳,普通乗用,軽貨物,自家用,自家用,損傷なし,負傷,34.02428889,132.0615378,日曜,その他
光,20,負傷,0,1,県道,光市,2023,3,19,9,25,2昼,晴,非市街地,舗装　乾燥,直路,施設なし,対象外当事者,対象外当事者,対象外当事者,対象外当事者,単路　5.5m以上,直路,単独（交差点付近を含む）,規制なし,車両相互,45～54歳,45～54歳,軽乗用,軽乗用,自家用,自家用,損傷なし,負傷,34.01839528,131.9722042,日曜,その他
小串,6,負傷,0,2,国道191号,下関市,2023,3,19,15,37,2昼,晴,市街地,舗装　乾燥,直路,施設なし,対象外当事者,対象外当事者,対象外当事者,対象外当事者,単路　5.5m以上,直路,単独（交差点付近を含む）,規制なし,車両相互,25～34歳,25～34歳,普通乗用,普通乗用,自家用,自家用,損傷なし,負傷,34.15843361,130.9273025,日曜,その他
岩国,50,負傷,0,1,国道２号,岩国市,2023,3,19,16,14,2昼,晴,市街地,舗装　乾燥,交差点,点灯３灯式,標識　規制なし,表示なし,標識　規制なし,表示なし,交差点　中　中,直路,交差点内,規制なし,車両相互,75歳以上,65～74歳,軽乗用,原付一種,自家用,自家用,損傷なし,負傷,34.17442917,132.2214617,日曜,その他
岩国,49,負傷,0,2,県道,岩国市,2023,3,19,16,47,2昼,晴,非市街地,舗装　乾燥,直路,施設なし,対象外当事者,対象外当事者,対象外当事者,対象外当事者,単路　3.5m以上,直路,単独（交差点付近を含む）,規制なし,車両相互,55～64歳,01～24歳,普通乗用,軽乗用,自家用,自家用,負傷,損傷なし,34.22305694,132.093315,日曜,その他
防府,53,負傷,0,1,国道２号,防府市,2023,3,19,17,7,2昼,晴,市街地,舗装　乾燥,交差点付近,施設なし,対象外当事者,対象外当事者,対象外当事者,対象外当事者,単路　9.0m以上,直路,単独（交差点付近を含む）,規制なし,車両相互,55～64歳,55～64歳,準中型貨物,普通乗用,自家用,自家用,損傷なし,負傷,34.06583944,131.6046883,日曜,その他
下関,93,負傷,0,1,市道,下関市,2023,3,19,19,46,5夜,晴,市街地,舗装　乾燥,交差点,施設なし,標識　標準　反射式,表示あり,標識　規制なし,表示なし,交差点　中　中,直路,交差点内,規制なし,車両相互,01～24歳,01～24歳,普通乗用,普通乗用,自家用,自家用,損傷なし,負傷,34.00622611,130.9442733,日曜,その他
岩国,56,負傷,0,1,国道２号,岩国市,2023,3,20,13,29,2昼,晴,市街地,舗装　乾燥,交差点,点灯３灯式,標識　規制なし,表示なし,標識　規制なし,表示なし,交差点　中　中,直路,交差点内,規制なし,車両相互,45～54歳,01～24歳,大型特殊その他,自転車,対象外当事者,自転車,損傷なし,負傷,34.19014444,132.2297644,月曜,前日
下松,28,負傷,0,1,県道,下松市,2023,3,20,14,51,2昼,晴,市街地,舗装　乾燥,交差点,点灯押ボ式,標識　規制なし,表示なし,標識　規制なし,表示なし,交差点　大　小,直路,交差点内,規制なし,車両相互,65～74歳,75歳以上,普通乗用,原付一種,自家用,自家用,損傷なし,負傷,34.02678806,131.8615025,月曜,前日
山口,70,負傷,0,1,県道,山口市,2023,3,20,17,58,3昼暮,曇,非市街地,舗装　湿潤,直路,施設なし,対象外当事者,対象外当事者,対象外当事者,対象外当事者,単路　5.5m以上,直路,単独（交差点付近を含む）,規制なし,車両相互,25～34歳,25～34歳,普通乗用,小型二輪　251～400cc,自家用,自家用,損傷なし,負傷,34.15443694,131.5064522,月曜,前日
周南,59,負傷,0,1,市道,周南市,2023,3,20,20,39,5夜,晴,非市街地,舗装　乾燥,交差点,施設なし,標識　規制なし,表示なし,標識　規制なし,表示なし,交差点　中　小,直路,交差点内,規制なし,車両相互,65～74歳,35～44歳,普通乗用,自転車,自家用,自転車,損傷なし,負傷,34.02306972,131.8307967,月曜,前日
山口,43,負傷,0,1,県道,山口市,2023,3,21,7,7,1昼明,雨,市街地,舗装　湿潤,直路,施設なし,対象外当事者,対象外当事者,対象外当事者,対象外当事者,単路　3.5m未満,直路,単独（交差点付近を含む）,規制なし,車両相互,35～44歳,25～34歳,普通乗用,軽乗用,自家用,自家用,負傷,損傷なし,34.15561472,131.5118958,火曜,当日
高速隊,16,負傷,0,2,高速道路,下関市,2023,3,21,13,54,2昼,雨,非市街地,舗装　湿潤,カーブ,施設なし,対象外当事者,対象外当事者,対象外当事者,対象外当事者,単路　3.5m以上,カーブ右,単独（交差点付近を含む）,規制なし,車両相互,45～54歳,25～34歳,普通乗用,軽乗用,自家用,自家用,損傷なし,負傷,34.10467167,131.0962144,火曜,当日
岩国,55,負傷,0,1,国道２号,岩国市,2023,3,21,14,4,2昼,雨,市街地,舗装　湿潤,直路,施設なし,対象外当事者,対象外当事者,対象外当事者,対象外当事者,単路　3.5m以上,直路,単独（交差点付近を含む）,規制なし,車両相互,25～34歳,45～54歳,普通乗用,軽乗用,自家用,自家用,損傷なし,負傷,34.17689139,132.1824544,火曜,当日
下関,69,負傷,0,1,県道,下関市,2023,3,21,21,42,5夜,曇,市街地,舗装　乾燥,交差点,点灯３灯式,標識　規制なし,表示なし,標識　規制なし,表示なし,交差点　中　小,直路,交差点内,規制なし,車両相互,25～34歳,01～24歳,普通乗用,軽乗用,自家用,自家用,負傷,損傷なし,34.01519056,130.9535864,火曜,当日
宇部,80,負傷,0,1,県道,宇部市,2023,3,22,7,25,2昼,晴,非市街地,舗装　乾燥,直路,施設なし,対象外当事者,対象外当事者,対象外当事者,対象外当事者,単路　5.5m以上,直路,単独（交差点付近を含む）,規制なし,車両相互,65～74歳,55～64歳,軽乗用,軽乗用,自家用,自家用,損傷なし,負傷,33.98154861,131.2406258,水曜,その他
下関,65,負傷,0,1,国道９号,下関市,2023,3,22,7,53,2昼,晴,市街地,舗装　乾燥,直路,施設なし,対象外当事者,対象外当事者,対象外当事者,対象外当事者,単路　3.5m以上,直路,単独（交差点付近を含む）,規制なし,車両相互,01～24歳,01～24歳,軽乗用,軽乗用,自家用,自家用,損傷なし,負傷,33.958665,130.94877,水曜,その他
宇部,73,負傷,0,1,市道,宇部市,2023,3,22,8,19,2昼,晴,市街地,舗装　乾燥,交差点,点灯３灯式,標識　規制なし,表示なし,標識　規制なし,表示なし,交差点　中　中,直路,交差点内,規制なし,車両相互,45～54歳,35～44歳,軽乗用,原付一種,自家用,自家用,損傷なし,負傷,33.94358306,131.2520833,水曜,その他
下関,95,負傷,0,1,国道191号,下関市,2023,3,22,9,25,2昼,晴,市街地,舗装　乾燥,直路,点灯３灯式,対象外当事者,対象外当事者,対象外当事者,対象外当事者,単路　5.5m以上,直路,単独（交差点付近を含む）,規制なし,車両相互,35～44歳,25～34歳,普通乗用,軽乗用,自家用,自家用,負傷,損傷なし,33.96361306,130.9181375,水曜,その他
山口,42,負傷,0,1,県道,山口市,2023,3,22,13,8,2昼,晴,市街地,舗装　乾燥,直路,施設なし,対象外当事者,対象外当事者,対象外当事者,対象外当事者,単路　3.5m未満,直路,単独（交差点付近を含む）,規制なし,車両相互,35～44歳,35～44歳,軽乗用,軽貨物,自家用,自家用,損傷なし,負傷,34.15913917,131.4582894,水曜,その他
宇部,76,負傷,0,1,市道,宇部市,2023,3,22,14,28,2昼,晴,市街地,舗装　乾燥,交差点,施設なし,標識　規制なし,表示なし,標識　規制なし,表示なし,交差点　小　小,直路,交差点内,規制なし,車両相互,65～74歳,65～74歳,軽乗用,原付一種,自家用,自家用,損傷なし,負傷,33.99990528,131.3443714,水曜,その他
防府,49,負傷,0,1,県道,防府市,2023,3,22,16,24,2昼,晴,市街地,舗装　乾燥,交差点,点灯３灯式,標識　規制なし,表示なし,標識　規制なし,表示なし,交差点　中　中,直路,交差点内,規制なし,車両相互,45～54歳,45～54歳,軽乗用,軽貨物,自家用,自家用,負傷,損傷なし,34.05296056,131.5747833,水曜,その他
山口,46,負傷,0,1,県道,山口市,2023,3,22,16,35,2昼,晴,市街地,舗装　乾燥,直路,施設なし,対象外当事者,対象外当事者,対象外当事者,対象外当事者,単路　3.5m以上,直路,単独（交差点付近を含む）,規制なし,車両相互,65～74歳,25～34歳,普通貨物,軽乗用,自家用,自家用,負傷,損傷なし,34.16052944,131.4489503,水曜,その他
下関,88,負傷,0,1,国道191号,下関市,2023,3,23,9,47,2昼,雨,市街地,舗装　乾燥,交差点,点灯３灯式,標識　規制なし,表示なし,標識　規制なし,表示なし,交差点　中　小,直路,交差点内,規制なし,車両相互,45～54歳,25～34歳,普通乗用,軽乗用,自家用,自家用,損傷なし,負傷,33.95511583,130.9201875,木曜,その他
山口,50,負傷,0,1,国道９号,山口市,2023,3,23,14,16,2昼,雨,非市街地,舗装　乾燥,直路,施設なし,対象外当事者,対象外当事者,対象外当事者,対象外当事者,単路　9.0m以上,直路,単独（交差点付近を含む）,規制なし,車両相互,45～54歳,45～54歳,普通乗用,普通乗用,自家用,自家用,損傷なし,負傷,34.17328944,131.4569894,木曜,その他
山口南,27,負傷,0,1,国道９号,山口市,2023,3,23,15,50,2昼,雨,市街地,舗装　湿潤,交差点付近,点灯３灯式,対象外当事者,対象外当事者,対象外当事者,対象外当事者,単路　13.0m以上,直路,単独（交差点付近を含む）,規制なし,車両相互,75歳以上,01～24歳,普通乗用,普通乗用,自家用,自家用,損傷なし,負傷,34.08665806,131.3953528,木曜,その他
山口,48,負傷,0,1,国道262号,山口市,2023,3,23,15,55,2昼,雨,非市街地,舗装　乾燥,交差点付近,施設なし,対象外当事者,対象外当事者,対象外当事者,対象外当事者,単路　9.0m以上,直路,単独（交差点付近を含む）,規制なし,車両相互,35～44歳,65～74歳,軽乗用,軽貨物,自家用,自家用,負傷,損傷なし,34.132515,131.5256306,木曜,その他
下関,66,負傷,0,1,県道,下関市,2023,3,23,16,5,2昼,曇,市街地,舗装　湿潤,交差点,施設なし,標識　規制なし,表示なし,標識　規制なし,表示なし,交差点　小　小,直路,交差点内,規制なし,車両相互,65～74歳,75歳以上,軽貨物,自転車,自家用,自転車,損傷なし,負傷,33.92520694,130.9149186,木曜,その他
宇部,77,負傷,0,1,市道,宇部市,2023,3,23,18,3,3昼暮,曇,市街地,舗装　乾燥,交差点,点灯３灯式,標識　規制なし,表示なし,対象外当事者,対象外当事者,交差点　小　小,直路,交差点内,規制なし,人対車両,65～74歳,75歳以上,軽乗用,歩行者,自家用,対象外当事者,損傷なし,負傷,34.00529778,131.2155569,木曜,その他
岩国,57,負傷,0,2,国道２号,岩国市,2023,3,23,18,19,3昼暮,雨,非市街地,舗装　湿潤,直路,施設なし,対象外当事者,対象外当事者,対象外当事者,対象外当事者,単路　3.5m以上,直路,単独（交差点付近を含む）,規制なし,車両相互,55～64歳,55～64歳,普通乗用,軽貨物,自家用,自家用,負傷,損傷なし,34.08750306,132.0027019,木曜,その他
山陽小野田,38,負傷,0,3,国道190号,山陽小野田市,2023,3,24,6,16,1昼明,曇,非市街地,舗装　乾燥,カーブ,施設なし,対象外当事者,対象外当事者,対象外当事者,対象外当事者,単路　5.5m以上,カーブ左,単独（交差点付近を含む）,規制なし,車両相互,65～74歳,65～74歳,普通乗用,軽貨物,自家用,自家用,損傷なし,負傷,34.02356972,131.1372025,金曜,その他
長門,11,負傷,0,1,一般の交通の用に供するその他の道路,長門市,2023,3,24,8,0,2昼,雨,非市街地,舗装　湿潤,その他,施設なし,対象外当事者,対象外当事者,対象外当事者,対象外当事者,一般交通の場所,一般交通の場所,単独（交差点付近を含む）,規制なし,人対車両,75歳以上,65～74歳,軽貨物,歩行者,自家用,対象外当事者,損傷なし,負傷,34.37424472,131.1953214,金曜,その他
山口南,35,負傷,0,1,市道,山口市,2023,3,24,8,6,2昼,曇,非市街地,舗装　乾燥,交差点,施設なし,標識　規制なし,表示なし,標識　規制なし,表示あり,交差点　小　小,直路,交差点内,規制なし,車両相互,45～54歳,45～54歳,普通乗用,軽乗用,自家用,自家用,損傷なし,負傷,34.00751861,131.3332944,金曜,その他
宇部,107,負傷,0,1,国道190号,宇部市,2023,3,24,8,47,2昼,曇,市街地,舗装　乾燥,直路,施設なし,対象外当事者,対象外当事者,対象外当事者,対象外当事者,単路　5.5m以上,直路,単独（交差点付近を含む）,規制なし,人対車両,35～44歳,55～64歳,普通乗用,歩行者,自家用,対象外当事者,損傷なし,負傷,33.94223611,131.2718547,金曜,その他
山口,59,負傷,0,1,市道,山口市,2023,3,24,12,0,2昼,曇,市街地,舗装　乾燥,直路,施設なし,対象外当事者,対象外当事者,対象外当事者,対象外当事者,単路　5.5m以上,直路,単独（交差点付近を含む）,規制なし,車両相互,55～64歳,01～24歳,自転車,自転車,自転車,自転車,負傷,損傷なし,34.16529833,131.4888311,金曜,その他
光,21,負傷,0,1,その他,光市,2023,3,24,13,14,2昼,晴,非市街地,舗装　乾燥,その他,施設なし,対象外当事者,対象外当事者,対象外当事者,対象外当事者,一般交通の場所,一般交通の場所,単独（交差点付近を含む）,ゾーン３０,人対車両,35～44歳,75歳以上,普通乗用,歩行者,自家用,対象外当事者,損傷なし,負傷,33.97131361,131.9269131,金曜,その他
下関,71,負傷,0,1,市道,下関市,2023,3,24,15,47,2昼,曇,市街地,舗装　乾燥,交差点,施設なし,標識　規制なし,表示なし,標識　規制なし,表示なし,交差点　中　小,直路,交差点内,規制なし,車両相互,35～44歳,45～54歳,普通乗用,普通貨物,自家用,自家用,損傷なし,負傷,34.01224667,130.9468844,金曜,その他
光,22,負傷,0,1,国道２号,周南市,2023,3,24,16,16,2昼,晴,非市街地,舗装　乾燥,交差点,施設なし,標識　標準　反射式,表示あり,標識　規制なし,表示なし,交差点　中　中,直路,交差点内,規制なし,車両相互,75歳以上,75歳以上,軽乗用,原付二種　51～125cc,自家用,自家用,損傷なし,負傷,34.05080417,131.9635622,金曜,その他
下松,31,負傷,0,1,市道,下松市,2023,3,24,18,56,4夜暮,曇,市街地,舗装　乾燥,交差点付近,施設なし,対象外当事者,対象外当事者,対象外当事者,対象外当事者,単路　5.5m以上,直路,単独（交差点付近を含む）,規制なし,車両相互,55～64歳,35～44歳,普通乗用,普通乗用,自家用,自家用,損傷なし,負傷,34.00933917,131.8686133,金曜,その他
山口南,25,負傷,0,1,国道９号,山口市,2023,3,24,21,37,5夜,曇,市街地,舗装　乾燥,交差点付近,施設なし,対象外当事者,対象外当事者,対象外当事者,対象外当事者,単路　9.0m以上,直路,単独（交差点付近を含む）,規制なし,車両相互,75歳以上,01～24歳,普通乗用,軽乗用,自家用,自家用,負傷,損傷なし,34.09842389,131.3925483,金曜,その他
岩国,76,負傷,0,1,市道,岩国市,2023,3,25,7,26,2昼,晴,市街地,舗装　乾燥,直路,施設なし,対象外当事者,対象外当事者,対象外当事者,対象外当事者,単路　3.5m未満,直路,単独（交差点付近を含む）,規制なし,車両相互,25～34歳,75歳以上,軽乗用,自転車,自家用,自転車,損傷なし,負傷,34.13104583,132.1969819,土曜,その他
宇部,74,負傷,0,1,その他,宇部市,2023,3,25,12,36,2昼,曇,市街地,舗装　乾燥,その他,施設なし,対象外当事者,対象外当事者,対象外当事者,対象外当事者,一般交通の場所,一般交通の場所,単独（交差点付近を含む）,規制なし,車両相互,01～24歳,01～24歳,普通乗用,普通乗用,自家用,自家用,損傷なし,負傷,33.95581667,131.2580697,土曜,その他
山陽小野田,33,負傷,0,2,国道190号,山陽小野田市,2023,3,25,15,48,2昼,晴,非市街地,舗装　乾燥,直路,施設なし,対象外当事者,対象外当事者,対象外当事者,対象外当事者,単路　5.5m以上,直路,単独（交差点付近を含む）,規制なし,車両相互,35～44歳,01～24歳,普通乗用,軽乗用,自家用,自家用,負傷,損傷なし,34.02297722,131.1507911,土曜,その他
周南,60,負傷,0,1,国道２号,周南市,2023,3,25,16,18,2昼,晴,市街地,舗装　乾燥,直路,施設なし,対象外当事者,対象外当事者,対象外当事者,対象外当事者,単路　13.0m以上,直路,単独（交差点付近を含む）,規制なし,車両相互,45～54歳,55～64歳,普通貨物,軽貨物,自家用,自家用,損傷なし,損傷なし,34.05444083,131.8222506,土曜,その他
下関,78,負傷,0,1,国道191号,下関市,2023,3,27,5,29,6夜明,晴,市街地,舗装　乾燥,交差点付近,施設なし,対象外当事者,対象外当事者,対象外当事者,対象外当事者,単路　9.0m以上,直路,単独（交差点付近を含む）,規制なし,車両相互,25～34歳,45～54歳,準中型貨物,普通乗用,事業用,自家用,損傷なし,負傷,34.0282775,130.9123692,月曜,その他
周南,64,負傷,0,1,国道２号,周南市,2023,3,27,7,36,2昼,晴,市街地,舗装　乾燥,直路,施設なし,対象外当事者,対象外当事者,対象外当事者,対象外当事者,単路　9.0m以上,直路,単独（交差点付近を含む）,規制なし,車両相互,35～44歳,01～24歳,軽乗用,軽二輪　126～250cc,自家用,自家用,損傷なし,負傷,34.06359472,131.8044617,月曜,その他
宇部,97,負傷,0,1,県道,宇部市,2023,3,27,8,25,2昼,曇,市街地,舗装　乾燥,交差点,施設なし,標識　標準　反射式,表示あり,対象外当事者,対象外当事者,交差点　小　小,直路,交差点内,規制なし,人対車両,65～74歳,55～64歳,普通乗用,歩行者,自家用,対象外当事者,損傷なし,負傷,33.99767167,131.2201019,月曜,その他
防府,50,負傷,0,2,国道262号,防府市,2023,3,27,17,37,3昼暮,曇,非市街地,舗装　湿潤,直路,施設なし,対象外当事者,対象外当事者,対象外当事者,対象外当事者,単路　5.5m以上,直路,単独（交差点付近を含む）,規制なし,車両相互,65～74歳,45～54歳,普通乗用,普通貨物,自家用,自家用,負傷,損傷なし,34.09135056,131.5456467,月曜,その他
山陽小野田,37,負傷,0,1,市道,山陽小野田市,2023,3,27,17,52,3昼暮,曇,市街地,舗装　乾燥,交差点,点灯３灯式,標識　規制なし,表示なし,標識　その他,表示なし,交差点　中　中,直路,交差点内,規制なし,車両相互,01～24歳,45～54歳,普通乗用,軽乗用,自家用,自家用,損傷なし,負傷,34.01113694,131.1701867,月曜,その他
萩,9,負傷,0,1,市道,萩市,2023,3,27,18,16,3昼暮,晴,非市街地,舗装　乾燥,直路,施設なし,対象外当事者,対象外当事者,対象外当事者,対象外当事者,単路　5.5m以上,直路,単独（交差点付近を含む）,規制なし,人対車両,75歳以上,35～44歳,普通乗用,歩行者,自家用,対象外当事者,損傷なし,負傷,34.41056667,131.4028842,月曜,その他
美祢,5,死亡,1,0,国道316号,美祢市,2023,3,27,18,59,4夜暮,晴,非市街地,舗装　乾燥,交差点付近,施設なし,対象外当事者,対象外当事者,対象外当事者,対象外当事者,単路　5.5m以上,直路,単独（交差点付近を含む）,規制なし,人対車両,45～54歳,75歳以上,軽乗用,歩行者,自家用,対象外当事者,損傷なし,死亡,34.18251361,131.2112175,月曜,その他
宇部,75,負傷,0,1,市道,宇部市,2023,3,27,19,17,4夜暮,曇,市街地,舗装　乾燥,交差点,施設なし,標識　規制なし,表示なし,標識　規制なし,表示なし,交差点　大　小,直路,交差点内,規制なし,車両相互,45～54歳,01～24歳,普通乗用,自転車,自家用,自転車,損傷なし,負傷,33.96209528,131.2475525,月曜,その他
周南,79,負傷,0,1,市道,周南市,2023,3,28,12,56,2昼,晴,市街地,舗装　乾燥,交差点,施設なし,標識　規制なし,表示なし,標識　標準　反射式,表示あり,交差点　大　中,直路,単独（交差点付近を含む）,規制なし,車両相互,25～34歳,75歳以上,普通乗用,駆動補助装置付自転車,事業用,自転車,損傷なし,負傷,34.05867556,131.8050572,火曜,その他
長府,43,負傷,0,1,国道２号,下関市,2023,3,28,13,5,2昼,晴,市街地,舗装　乾燥,交差点,点灯３灯式,標識　規制なし,表示なし,標識　規制なし,表示なし,交差点　大　小,直路,交差点内,規制なし,車両相互,55～64歳,55～64歳,普通乗用,普通乗用,自家用,自家用,損傷なし,負傷,34.00457583,130.9829708,火曜,その他