警察署,本票番号,事故内容,死者数,負傷者数,路線,市町村名,発生日時　　年,発生日時　　月,発生日時　　日,発生日時　　時,発生日時　　分,昼夜,天候,地形,路面状態,道路形状,信号機,一時停止規制標識（当事者A）,一時停止規制表示（当事者A）,一時停止規制標識（当事者B）,一時停止規制表示（当事者B）,車道幅員,道路線形,衝突地点,ゾーン規制,事故類型,年齢（当事者A）,年齢（当事者B）,当事者種別（当事者A）,当事者種別（当事者B）,用途別（当事者A）,用途別（当事者B）,人身損傷程度（当事者A）,人身損傷程度（当事者B）,緯度,経度,曜日,祝日
美祢,6,負傷,0,1,国道316号,美祢市,2023,3,28,15,26,2昼,晴,非市街地,舗装　乾燥,直路,施設なし,対象外当事者,対象外当事者,対象外当事者,対象外当事者,単路　3.5m以上,直路,単独（交差点付近を含む）,規制なし,車両相互,65～74歳,55～64歳,軽乗用,軽乗用,自家用,自家用,損傷なし,損傷なし,34.18149833,131.2113414,火曜,その他
下松,29,負傷,0,1,国道２号,下松市,2023,3,28,17,50,3昼暮,晴,市街地,舗装　乾燥,直路,施設なし,対象外当事者,対象外当事者,対象外当事者,対象外当事者,単路　3.5m以上,直路,単独（交差点付近を含む）,規制なし,車両相互,45～54歳,65～74歳,普通乗用,普通乗用,自家用,自家用,損傷なし,負傷,34.03184167,131.8585272,火曜,その他
光,23,負傷,0,1,県道,光市,2023,3,29,7,31,2昼,晴,非市街地,舗装　乾燥,直路,施設なし,対象外当事者,対象外当事者,対象外当事者,対象外当事者,単路　3.5m未満,直路,単独（交差点付近を含む）,規制なし,車両相互,65～74歳,25～34歳,普通乗用,軽乗用,自家用,自家用,負傷,損傷なし,33.98223528,131.9961211,水曜,その他
下関,73,負傷,0,1,市道,下関市,2023,3,29,7,39,2昼,晴,市街地,舗装　乾燥,交差点,点灯３灯式,標識　規制なし,表示なし,標識　規制なし,表示なし,交差点　中　中,直路,交差点内,規制なし,車両相互,25～34歳,75歳以上,普通乗用,普通乗用,自家用,事業用,損傷なし,負傷,33.96329583,130.9313928,水曜,その他
柳井,41,負傷,0,1,国道437号,周防大島町,2023,3,29,12,10,2昼,晴,非市街地,舗装　乾燥,直路,施設なし,対象外当事者,対象外当事者,対象外当事者,対象外当事者,単路　5.5m以上,直路,単独（交差点付近を含む）,規制なし,車両相互,45～54歳,55～64歳,普通乗用,軽貨物,自家用,自家用,負傷,損傷なし,33.95702722,132.2155506,水曜,その他
宇部,87,負傷,0,1,国道190号,宇部市,2023,3,29,12,41,2昼,晴,非市街地,舗装　乾燥,直路,施設なし,対象外当事者,対象外当事者,対象外当事者,対象外当事者,単路　5.5m以上,直路,単独（交差点付近を含む）,規制なし,車両相互,01～24歳,55～64歳,普通乗用,軽乗用,自家用,自家用,損傷なし,負傷,33.95712139,131.3088961,水曜,その他
山口,52,負傷,0,1,国道９号,山口市,2023,3,29,13,45,2昼,晴,市街地,舗装　湿潤,直路,施設なし,対象外当事者,対象外当事者,対象外当事者,対象外当事者,単路　9.0m以上,直路,単独（交差点付近を含む）,規制なし,車両相互,65～74歳,35～44歳,普通乗用,軽乗用,自家用,自家用,負傷,損傷なし,34.17690722,131.4620433,水曜,その他
長府,35,負傷,0,3,市道,下関市,2023,3,29,16,40,2昼,晴,市街地,舗装　乾燥,直路,施設なし,対象外当事者,対象外当事者,対象外当事者,対象外当事者,単路　5.5m以上,直路,単独（交差点付近を含む）,規制なし,車両相互,35～44歳,35～44歳,普通乗用,普通乗用,自家用,自家用,損傷なし,負傷,33.99416944,130.9896569,水曜,その他
山口南,26,負傷,0,1,一般の交通の用に供するその他の道路,山口市,2023,3,29,19,6,4夜暮,晴,市街地,舗装　乾燥,その他,施設なし,対象外当事者,対象外当事者,対象外当事者,対象外当事者,一般交通の場所,一般交通の場所,単独（交差点付近を含む）,規制なし,車両相互,25～34歳,55～64歳,普通乗用,軽乗用,自家用,自家用,負傷,損傷なし,34.100875,131.3940661,水曜,その他
山口,61,負傷,0,1,国道９号,山口市,2023,3,29,19,48,5夜,晴,市街地,舗装　乾燥,直路,施設なし,対象外当事者,対象外当事者,対象外当事者,対象外当事者,単路　13.0m以上,直路,単独（交差点付近を含む）,規制なし,車両相互,45～54歳,55～64歳,軽乗用,自転車,自家用,自転車,損傷なし,負傷,34.16832389,131.4501297,水曜,その他
下関,72,負傷,0,1,市道,下関市,2023,3,29,21,37,5夜,晴,市街地,舗装　乾燥,直路,施設なし,対象外当事者,対象外当事者,対象外当事者,対象外当事者,単路　3.5m未満,直路,単独（交差点付近を含む）,規制なし,車両相互,45～54歳,01～24歳,普通乗用,小型二輪　251～400cc,自家用,自家用,損傷なし,負傷,33.9534875,130.9401711,水曜,その他
山口,55,負傷,0,1,県道,山口市,2023,3,30,7,57,2昼,晴,市街地,舗装　乾燥,橋,施設なし,対象外当事者,対象外当事者,対象外当事者,対象外当事者,単路　5.5m以上,直路,単独（交差点付近を含む）,規制なし,車両相互,45～54歳,01～24歳,普通乗用,軽乗用,自家用,自家用,損傷なし,負傷,34.15678306,131.4606072,木曜,その他
山口,51,負傷,0,1,県道,山口市,2023,3,30,10,50,2昼,晴,非市街地,舗装　乾燥,直路,施設なし,対象外当事者,対象外当事者,対象外当事者,対象外当事者,単路　3.5m以上,直路,単独（交差点付近を含む）,規制なし,人対車両,01～24歳,55～64歳,自転車,歩行者,自転車,対象外当事者,損傷なし,負傷,34.15320306,131.4383358,木曜,その他
小串,7,負傷,0,1,市道,下関市,2023,3,30,11,35,2昼,晴,非市街地,舗装　乾燥,直路,施設なし,対象外当事者,対象外当事者,対象外当事者,対象外当事者,単路　3.5m以上,直路,単独（交差点付近を含む）,規制なし,車両相互,65～74歳,25～34歳,軽乗用,軽乗用,自家用,自家用,損傷なし,負傷,34.14397667,130.9160456,木曜,その他
宇部,85,負傷,0,1,市道,宇部市,2023,3,30,14,7,2昼,晴,市街地,舗装　乾燥,交差点,点灯３灯式,標識　規制なし,表示なし,対象外当事者,対象外当事者,交差点　大　中,直路,交差点内,規制なし,人対車両,25～34歳,75歳以上,普通乗用,歩行者,自家用,対象外当事者,損傷なし,負傷,33.95179944,131.2503619,木曜,その他
岩国,61,負傷,0,1,一般の交通の用に供するその他の道路,岩国市,2023,3,30,14,21,2昼,晴,非市街地,舗装　乾燥,その他,施設なし,対象外当事者,対象外当事者,対象外当事者,対象外当事者,一般交通の場所,一般交通の場所,単独（交差点付近を含む）,規制なし,人対車両,65～74歳,75歳以上,普通乗用,歩行者,自家用,対象外当事者,損傷なし,負傷,34.14952083,132.2133006,木曜,その他
岩国,58,負傷,0,1,国道188号,岩国市,2023,3,30,15,19,2昼,晴,市街地,舗装　乾燥,カーブ,施設なし,対象外当事者,対象外当事者,対象外当事者,対象外当事者,単路　5.5m以上,カーブ左,単独（交差点付近を含む）,規制なし,車両相互,35～44歳,75歳以上,普通乗用,軽乗用,自家用,自家用,負傷,損傷なし,34.10203722,132.2025458,木曜,その他
下関,76,負傷,0,1,市道,下関市,2023,3,30,17,16,2昼,晴,市街地,舗装　乾燥,直路,施設なし,対象外当事者,対象外当事者,対象外当事者,対象外当事者,単路　3.5m未満,直路,単独（交差点付近を含む）,規制なし,人対車両,55～64歳,75歳以上,軽乗用,歩行者,自家用,対象外当事者,損傷なし,負傷,33.95736833,130.9305147,木曜,その他
防府,51,負傷,0,1,県道,防府市,2023,3,30,18,22,3昼暮,晴,市街地,舗装　乾燥,直路,施設なし,対象外当事者,対象外当事者,対象外当事者,対象外当事者,単路　3.5m未満,直路,単独（交差点付近を含む）,規制なし,車両相互,45～54歳,01～24歳,普通乗用,普通乗用,自家用,自家用,損傷なし,負傷,34.05568306,131.5641836,木曜,その他
下松,34,負傷,0,1,国道２号,下松市,2023,3,31,12,46,2昼,晴,市街地,舗装　乾燥,直路,施設なし,対象外当事者,対象外当事者,対象外当事者,対象外当事者,単路　19.5m以上,直路,単独（交差点付近を含む）,規制なし,車両相互,25～34歳,25～34歳,軽乗用,軽乗用,自家用,自家用,損傷なし,負傷,34.03121806,131.8636942,金曜,その他
山口,54,負傷,0,1,県道,山口市,2023,3,31,13,15,2昼,晴,市街地,舗装　乾燥,交差点,施設なし,標識　規制なし,表示なし,標識　規制なし,表示なし,交差点　中　小,直路,交差点内,規制なし,車両相互,65～74歳,01～24歳,軽貨物,自転車,自家用,自転車,損傷なし,負傷,34.17434667,131.4813722,金曜,その他
宇部,81,負傷,0,1,市道,宇部市,2023,3,31,15,50,2昼,晴,非市街地,舗装　乾燥,交差点,施設なし,標識　規制なし,表示なし,標識　規制なし,表示なし,交差点　小　小,直路,交差点内,規制なし,車両相互,65～74歳,55～64歳,普通乗用,普通乗用,自家用,自家用,損傷なし,負傷,34.07036917,131.2430289,金曜,その他
山口南,29,負傷,0,1,市道,山口市,2023,3,31,16,11,2昼,晴,市街地,舗装　乾燥,直路,施設なし,対象外当事者,対象外当事者,対象外当事者,対象外当事者,単路　5.5m以上,直路,単独（交差点付近を含む）,規制なし,車両相互,45～54歳,01～24歳,小型二輪　751cc以上,自転車,自家用,自転車,損傷なし,負傷,34.05710333,131.3662461,金曜,その他
山口南,28,負傷,0,2,県道,山口市,2023,4,1,9,35,2昼,晴,市街地,舗装　乾燥,直路,施設なし,対象外当事者,対象外当事者,対象外当事者,対象外当事者,単路　5.5m以上,直路,単独（交差点付近を含む）,規制なし,車両相互,01～24歳,45～54歳,普通乗用,普通乗用,自家用,自家用,損傷なし,損傷なし,34.11441111,131.3987356,土曜,その他
下関,96,負傷,0,1,市道,下関市,2023,4,1,10,2,2昼,晴,市街地,舗装　乾燥,直路,施設なし,対象外当事者,対象外当事者,対象外当事者,対象外当事者,単路　3.5m以上,直路,単独（交差点付近を含む）,規制なし,車両相互,75歳以上,65～74歳,普通乗用,軽乗用,自家用,自家用,損傷なし,負傷,33.96244778,130.9411111,土曜,その他
周南,65,負傷,0,1,市道,周南市,2023,4,1,12,42,2昼,晴,市街地,舗装　乾燥,交差点,施設なし,標識　規制なし,表示なし,標識　標準　反射式,表示あり,交差点　中　小,直路,交差点内,規制なし,車両相互,55～64歳,35～44歳,普通乗用,軽乗用,自家用,自家用,損傷なし,負傷,34.05612778,131.8216483,土曜,その他
下関,91,負傷,0,1,国道９号,下関市,2023,4,1,15,18,2昼,晴,市街地,舗装　乾燥,直路,施設なし,対象外当事者,対象外当事者,対象外当事者,対象外当事者,単路　13.0m以上,直路,単独（交差点付近を含む）,規制なし,車両相互,01～24歳,75歳以上,普通乗用,普通乗用,自家用,自家用,損傷なし,負傷,33.96143889,130.9532342,土曜,その他
下関,75,負傷,0,1,県道,下関市,2023,4,1,19,0,4夜暮,晴,市街地,舗装　乾燥,交差点付近,施設なし,対象外当事者,対象外当事者,対象外当事者,対象外当事者,単路　3.5m未満,直路,単独（交差点付近を含む）,規制なし,車両相互,25～34歳,不明,軽乗用,対象外当事者,自家用,対象外当事者,負傷,対象外当事者,33.94923417,130.9208714,土曜,その他
下関,83,負傷,0,1,国道191号,下関市,2023,4,2,9,53,2昼,晴,市街地,舗装　乾燥,交差点,施設なし,標識　標準　反射式,表示あり,標識　標準　反射式,表示あり,交差点　中　小,直路,交差点内,規制なし,車両相互,55～64歳,65～74歳,軽乗用,原付二種　51～125cc,自家用,自家用,損傷なし,負傷,34.02578889,130.9142325,日曜,その他
下関,82,負傷,0,1,市道,下関市,2023,4,2,14,28,2昼,晴,市街地,舗装　乾燥,交差点,施設なし,標識　規制なし,表示なし,標識　規制なし,表示なし,交差点　小　小,直路,交差点内,規制なし,車両相互,45～54歳,01～24歳,普通乗用,軽乗用,自家用,自家用,負傷,損傷なし,33.97473,130.9304981,日曜,その他
下関,77,負傷,0,2,県道,下関市,2023,4,2,16,9,2昼,晴,市街地,舗装　乾燥,直路,施設なし,対象外当事者,対象外当事者,対象外当事者,対象外当事者,単路　3.5m未満,直路,単独（交差点付近を含む）,規制なし,車両相互,01～24歳,25～34歳,軽乗用,軽乗用,自家用,自家用,損傷なし,負傷,33.98444444,130.9325,日曜,その他
宇部,82,負傷,0,1,市道,宇部市,2023,4,3,12,50,2昼,晴,非市街地,舗装　乾燥,交差点付近,施設なし,対象外当事者,対象外当事者,対象外当事者,対象外当事者,単路　3.5m未満,直路,単独（交差点付近を含む）,規制なし,車両相互,35～44歳,45～54歳,軽貨物,軽貨物,自家用,自家用,損傷なし,負傷,33.95829167,131.3071139,月曜,その他
萩,10,負傷,0,1,県道,萩市,2023,4,3,14,50,2昼,晴,非市街地,舗装　乾燥,交差点付近,点灯３灯式,対象外当事者,対象外当事者,対象外当事者,対象外当事者,単路　5.5m以上,直路,単独（交差点付近を含む）,規制なし,車両相互,45～54歳,25～34歳,大型貨物,軽貨物,事業用,自家用,損傷なし,負傷,34.32911278,131.4047553,月曜,その他
下松,32,負傷,0,2,国道188号,下松市,2023,4,3,14,54,2昼,晴,市街地,舗装　乾燥,直路,施設なし,対象外当事者,対象外当事者,対象外当事者,対象外当事者,単路　3.5m以上,直路,単独（交差点付近を含む）,規制なし,車両相互,65～74歳,65～74歳,普通乗用,軽乗用,自家用,自家用,負傷,損傷なし,34.01220972,131.8733258,月曜,その他
防府,54,負傷,0,1,市道,防府市,2023,4,3,15,27,2昼,晴,市街地,舗装　乾燥,直路,施設なし,対象外当事者,対象外当事者,対象外当事者,対象外当事者,単路　3.5m以上,直路,単独（交差点付近を含む）,規制なし,車両相互,35～44歳,45～54歳,普通乗用,原付一種,自家用,自家用,損傷なし,負傷,34.05597194,131.5797958,月曜,その他
山陽小野田,39,負傷,0,1,国道190号,山陽小野田市,2023,4,3,18,55,4夜暮,晴,市街地,舗装　乾燥,交差点付近,点灯３灯式,対象外当事者,対象外当事者,対象外当事者,対象外当事者,単路　5.5m以上,直路,単独（交差点付近を含む）,規制なし,車両相互,35～44歳,45～54歳,普通乗用,普通乗用,自家用,自家用,損傷なし,負傷,34.00642306,131.17519,月曜,その他
長府,36,負傷,0,1,市道,下関市,2023,4,3,19,35,4夜暮,晴,市街地,舗装　乾燥,交差点,施設なし,標識　規制なし,表示なし,標識　規制なし,表示なし,交差点　中　小,直路,交差点内,規制なし,車両相互,55～64歳,01～24歳,軽乗用,原付一種,自家用,自家用,損傷なし,負傷,34.02778139,131.0072439,月曜,その他
宇部,88,負傷,0,1,国道190号,宇部市,2023,4,4,9,4,2昼,晴,市街地,舗装　乾燥,交差点,施設なし,標識　標準　反射式,表示あり,標識　規制なし,表示なし,交差点　大　小,直路,交差点内,規制なし,車両相互,25～34歳,01～24歳,準中型貨物,自転車,自家用,自転車,損傷なし,負傷,33.94225,131.2735258,火曜,その他
宇部,92,負傷,0,1,市道,宇部市,2023,4,4,10,5,2昼,晴,市街地,舗装　乾燥,交差点,施設なし,標識　規制なし,表示なし,標識　標準　反射式,表示あり,交差点　中　中,直路,交差点内,ゾーン３０,車両相互,35～44歳,75歳以上,軽乗用,軽貨物,自家用,自家用,負傷,損傷なし,33.94694111,131.2529989,火曜,その他
萩,11,負傷,0,1,県道,萩市,2023,4,4,14,17,2昼,晴,非市街地,舗装　乾燥,直路,施設なし,対象外当事者,対象外当事者,対象外当事者,対象外当事者,単路　5.5m以上,直路,単独（交差点付近を含む）,規制なし,車両相互,55～64歳,25～34歳,普通乗用,普通乗用,自家用,自家用,損傷なし,負傷,34.38759806,131.403695,火曜,その他
萩,8,死亡,1,0,市道,萩市,2023,4,4,15,58,2昼,晴,市街地,舗装　乾燥,交差点付近,施設なし,対象外当事者,対象外当事者,対象外当事者,対象外当事者,単路　3.5m未満,直路,単独（交差点付近を含む）,規制なし,人対車両,75歳以上,75歳以上,普通乗用,歩行者,自家用,対象外当事者,損傷なし,死亡,34.40921583,131.3868697,火曜,その他
山陽小野田,40,負傷,0,1,県道,山陽小野田市,2023,4,4,16,54,2昼,晴,市街地,舗装　乾燥,交差点,点灯押ボ式,標識　規制なし,表示なし,標識　規制なし,表示なし,交差点　中　中,直路,交差点内,規制なし,車両相互,55～64歳,25～34歳,普通乗用,軽乗用,自家用,自家用,負傷,損傷なし,33.97977528,131.1775761,火曜,その他
周南,66,負傷,0,2,県道,周南市,2023,4,4,18,25,3昼暮,晴,市街地,舗装　乾燥,交差点,点灯３灯式,標識　規制なし,表示あり,標識　規制なし,表示あり,交差点　中　中,直路,交差点内,規制なし,車両相互,45～54歳,01～24歳,普通乗用,軽乗用,自家用,自家用,負傷,損傷なし,34.03985639,131.8204422,火曜,その他
周南,69,負傷,0,1,国道２号,周南市,2023,4,4,18,27,3昼暮,晴,非市街地,舗装　乾燥,直路,施設なし,対象外当事者,対象外当事者,対象外当事者,対象外当事者,単路　5.5m以上,直路,単独（交差点付近を含む）,規制なし,車両相互,45～54歳,75歳以上,軽乗用,軽貨物,自家用,自家用,損傷なし,負傷,34.07109306,131.6737181,火曜,その他
岩国,59,負傷,0,1,県道,岩国市,2023,4,4,18,43,4夜暮,晴,非市街地,舗装　乾燥,交差点,施設なし,標識　規制なし,表示なし,標識　規制なし,表示なし,交差点　大　中,直路,交差点内,規制なし,車両相互,55～64歳,55～64歳,普通乗用,軽乗用,自家用,自家用,負傷,損傷なし,34.15489972,132.1534178,火曜,その他
下松,30,負傷,0,3,市道,下松市,2023,4,5,7,11,2昼,曇,市街地,舗装　乾燥,交差点付近,施設なし,対象外当事者,対象外当事者,対象外当事者,対象外当事者,単路　9.0m以上,直路,単独（交差点付近を含む）,規制なし,車両相互,55～64歳,25～34歳,普通乗用,普通貨物,自家用,自家用,損傷なし,負傷,34.02422083,131.8628081,水曜,その他
萩,13,負傷,0,1,市道,萩市,2023,4,5,9,10,2昼,雨,市街地,舗装　湿潤,交差点,施設なし,標識　規制なし,表示なし,標識　標準　反射式,表示あり,交差点　小　小,直路,交差点内,規制なし,車両相互,65～74歳,75歳以上,軽乗用,自転車,自家用,自転車,損傷なし,負傷,34.41527278,131.4023472,水曜,その他
山陽小野田,47,負傷,0,4,国道２号,山陽小野田市,2023,4,5,10,53,2昼,雨,非市街地,舗装　湿潤,直路,施設なし,対象外当事者,対象外当事者,対象外当事者,対象外当事者,単路　13.0m以上,直路,単独（交差点付近を含む）,規制なし,車両相互,65～74歳,25～34歳,軽乗用,軽乗用,自家用,自家用,損傷なし,負傷,34.04698583,131.1278586,水曜,その他
岩国,67,負傷,0,1,市道,和木町,2023,4,5,17,30,2昼,雨,市街地,舗装　湿潤,交差点,施設なし,標識　規制なし,表示なし,標識　規制なし,表示なし,交差点　小　小,直路,交差点内,ゾーン３０,車両相互,35～44歳,35～44歳,普通乗用,原付一種,自家用,自家用,損傷なし,負傷,34.20559667,132.2231767,水曜,その他
防府,52,負傷,0,1,県道,防府市,2023,4,5,18,16,3昼暮,雨,市街地,舗装　湿潤,直路,点灯３灯式,対象外当事者,対象外当事者,対象外当事者,対象外当事者,単路　3.5m以上,直路,単独（交差点付近を含む）,規制なし,車両相互,45～54歳,45～54歳,軽乗用,軽乗用,自家用,自家用,損傷なし,負傷,34.03928361,131.5674331,水曜,その他
下松,33,負傷,0,1,国道188号,下松市,2023,4,6,7,45,2昼,曇,市街地,舗装　湿潤,直路,施設なし,対象外当事者,対象外当事者,対象外当事者,対象外当事者,単路　5.5m以上,直路,単独（交差点付近を含む）,規制なし,車両相互,01～24歳,01～24歳,普通乗用,軽乗用,自家用,自家用,損傷なし,負傷,34.00873333,131.8746619,木曜,その他
高速隊,18,負傷,0,1,高速道路,岩国市,2023,4,6,8,11,2昼,雨,非市街地,舗装　湿潤,その他,施設なし,対象外当事者,対象外当事者,対象外当事者,対象外当事者,単路　3.5m以上,直路,単独（交差点付近を含む）,規制なし,車両相互,35～44歳,35～44歳,普通乗用,普通乗用,自家用,自家用,損傷なし,負傷,34.21519194,132.1887106,木曜,その他
宇部,90,負傷,0,1,県道,宇部市,2023,4,6,8,41,2昼,雨,非市街地,舗装　湿潤,直路,施設なし,対象外当事者,対象外当事者,対象外当事者,対象外当事者,単路　3.5m未満,直路,単独（交差点付近を含む）,規制なし,車両相互,45～54歳,25～34歳,普通乗用,普通乗用,自家用,自家用,損傷なし,負傷,33.96799056,131.2517958,木曜,その他
宇部,94,負傷,0,1,市道,宇部市,2023,4,6,15,37,2昼,雨,市街地,舗装　湿潤,直路,施設なし,対象外当事者,対象外当事者,対象外当事者,対象外当事者,単路　3.5m未満,直路,単独（交差点付近を含む）,規制なし,車両相互,65～74歳,35～44歳,軽乗用,軽乗用,自家用,自家用,損傷なし,負傷,33.9500475,131.2607092,木曜,その他
高速隊,17,負傷,0,1,宇部有料,山口市,2023,4,6,16,3,2昼,雨,非市街地,舗装　湿潤,カーブ,施設なし,対象外当事者,対象外当事者,対象外当事者,対象外当事者,単路　9.0m以上,カーブ左,単独（交差点付近を含む）,規制なし,車両相互,35～44歳,75歳以上,普通乗用,軽乗用,自家用,自家用,損傷なし,負傷,34.07257278,131.3603364,木曜,その他
宇部,93,負傷,0,2,市道,宇部市,2023,4,6,23,35,5夜,晴,市街地,舗装　乾燥,交差点付近,点灯３灯式,対象外当事者,対象外当事者,対象外当事者,対象外当事者,単路　3.5m未満,直路,単独（交差点付近を含む）,規制なし,車両相互,25～34歳,01～24歳,普通乗用,普通乗用,自家用,自家用,損傷なし,負傷,33.95191361,131.2760758,木曜,その他
柳井,54,負傷,0,1,市道,柳井市,2023,4,7,7,55,2昼,雨,市街地,舗装　湿潤,交差点,点灯３灯式,標識　規制なし,表示なし,標識　規制なし,表示なし,交差点　中　中,直路,交差点内,規制なし,車両相互,55～64歳,45～54歳,普通乗用,普通乗用,自家用,自家用,損傷なし,負傷,33.96371528,132.1048819,金曜,その他
宇部,83,負傷,0,1,市道,宇部市,2023,4,7,8,36,2昼,曇,市街地,舗装　湿潤,交差点,施設なし,標識　規制なし,表示なし,対象外当事者,対象外当事者,交差点　小　小,直路,交差点内,規制なし,人対車両,01～24歳,65～74歳,軽二輪　126～250cc,歩行者,自家用,対象外当事者,損傷なし,負傷,33.95512194,131.3115014,金曜,その他
防府,56,負傷,0,2,県道,防府市,2023,4,7,10,39,2昼,曇,市街地,舗装　乾燥,直路,施設なし,対象外当事者,対象外当事者,対象外当事者,対象外当事者,単路　13.0m以上,直路,単独（交差点付近を含む）,規制なし,車両相互,75歳以上,45～54歳,普通乗用,普通貨物,自家用,自家用,負傷,損傷なし,34.05857056,131.5622981,金曜,その他
山口,67,負傷,0,1,国道９号,山口市,2023,4,7,13,44,2昼,晴,市街地,舗装　乾燥,直路,施設なし,対象外当事者,対象外当事者,対象外当事者,対象外当事者,単路　3.5m以上,直路,単独（交差点付近を含む）,規制なし,車両相互,25～34歳,35～44歳,準中型貨物,普通乗用,事業用,自家用,損傷なし,負傷,34.18445306,131.4732625,金曜,その他
防府,57,負傷,0,1,市道,防府市,2023,4,7,14,18,2昼,晴,市街地,舗装　乾燥,直路,施設なし,対象外当事者,対象外当事者,対象外当事者,対象外当事者,単路　5.5m以上,直路,単独（交差点付近を含む）,規制なし,車両相互,45～54歳,35～44歳,普通乗用,普通乗用,自家用,自家用,損傷なし,負傷,34.0377275,131.5286664,金曜,その他
長府,44,負傷,0,1,県道,下関市,2023,4,7,14,51,2昼,晴,市街地,舗装　乾燥,直路,施設なし,対象外当事者,対象外当事者,対象外当事者,対象外当事者,単路　9.0m以上,直路,単独（交差点付近を含む）,規制なし,車両相互,75歳以上,45～54歳,普通乗用,軽乗用,自家用,自家用,損傷なし,負傷,34.13147361,131.0344281,金曜,その他
下関,92,負傷,0,1,市道,下関市,2023,4,7,17,51,3昼暮,晴,市街地,舗装　乾燥,交差点,施設なし,標識　規制なし,表示なし,標識　標準　反射式,表示あり,交差点　小　小,直路,交差点内,規制なし,車両相互,55～64歳,65～74歳,普通乗用,軽乗用,事業用,自家用,負傷,損傷なし,34.00710972,130.9186331,金曜,その他
防府,58,負傷,0,1,県道,防府市,2023,4,7,17,54,3昼暮,晴,市街地,舗装　乾燥,直路,施設なし,対象外当事者,対象外当事者,対象外当事者,対象外当事者,単路　5.5m以上,直路,単独（交差点付近を含む）,規制なし,車両相互,45～54歳,35～44歳,大型貨物,普通乗用,事業用,自家用,損傷なし,負傷,34.04819389,131.5312956,金曜,その他
山口,58,負傷,0,1,県道,山口市,2023,4,8,1,29,5夜,晴,市街地,舗装　乾燥,直路,施設なし,対象外当事者,対象外当事者,対象外当事者,対象外当事者,単路　5.5m以上,直路,単独（交差点付近を含む）,規制なし,人対車両,45～54歳,35～44歳,普通乗用,歩行者,自家用,対象外当事者,損傷なし,負傷,34.16818944,131.4627875,土曜,その他
宇部,89,負傷,0,1,国道190号,宇部市,2023,4,8,6,34,1昼明,晴,非市街地,舗装　乾燥,交差点付近,点灯３灯式,対象外当事者,対象外当事者,対象外当事者,対象外当事者,単路　13.0m以上,直路,単独（交差点付近を含む）,規制なし,車両相互,25～34歳,75歳以上,普通乗用,軽乗用,自家用,自家用,負傷,損傷なし,33.952915,131.2418133,土曜,その他
下関,84,負傷,0,1,市道,下関市,2023,4,8,8,37,2昼,晴,市街地,舗装　乾燥,交差点,施設なし,標識　規制なし,表示なし,標識　標準　反射式,表示なし,交差点　小　小,直路,交差点内,ゾーン３０,車両相互,35～44歳,65～74歳,普通乗用,軽乗用,自家用,自家用,負傷,損傷なし,34.0091625,130.9513119,土曜,その他
宇部,91,負傷,0,1,市道,宇部市,2023,4,8,9,43,2昼,晴,市街地,舗装　乾燥,直路,施設なし,対象外当事者,対象外当事者,対象外当事者,対象外当事者,単路　5.5m以上,直路,単独（交差点付近を含む）,規制なし,車両相互,65～74歳,35～44歳,軽貨物,自転車,事業用,自転車,損傷なし,負傷,33.94854333,131.2556731,土曜,その他
山口南,34,負傷,0,2,県道,山口市,2023,4,8,11,23,2昼,晴,市街地,舗装　乾燥,直路,施設なし,対象外当事者,対象外当事者,対象外当事者,対象外当事者,単路　3.5m以上,直路,単独（交差点付近を含む）,規制なし,車両相互,01～24歳,55～64歳,普通乗用,普通乗用,自家用,自家用,損傷なし,負傷,34.01648556,131.3194189,土曜,その他
下関,98,負傷,0,1,市道,下関市,2023,4,8,12,35,2昼,晴,非市街地,舗装　乾燥,直路,施設なし,対象外当事者,対象外当事者,対象外当事者,対象外当事者,単路　3.5m以上,直路,単独（交差点付近を含む）,規制なし,車両相互,65～74歳,25～34歳,軽乗用,軽乗用,自家用,自家用,損傷なし,負傷,34.00516667,130.9446389,土曜,その他
防府,55,負傷,0,2,国道２号,防府市,2023,4,8,13,45,2昼,晴,市街地,舗装　乾燥,直路,施設なし,対象外当事者,対象外当事者,対象外当事者,対象外当事者,単路　5.5m以上,直路,単独（交差点付近を含む）,規制なし,車両相互,65～74歳,55～64歳,大型貨物,普通乗用,事業用,自家用,損傷なし,負傷,34.06727333,131.6030756,土曜,その他
宇部,105,負傷,0,1,県道,宇部市,2023,4,9,13,25,2昼,晴,市街地,舗装　乾燥,交差点,点灯３灯式,標識　規制なし,表示あり,標識　規制なし,表示あり,交差点　中　中,直路,交差点内,規制なし,車両相互,01～24歳,55～64歳,軽乗用,軽乗用,自家用,自家用,負傷,損傷なし,33.96304639,131.2373589,日曜,その他
岩国,65,負傷,0,1,市道,岩国市,2023,4,9,15,33,2昼,晴,市街地,舗装　乾燥,直路,施設なし,対象外当事者,対象外当事者,対象外当事者,対象外当事者,単路　13.0m以上,直路,単独（交差点付近を含む）,規制なし,車両相互,55～64歳,75歳以上,普通乗用,小型二輪　751cc以上,自家用,自家用,損傷なし,負傷,34.16838056,132.2223069,日曜,その他
岩国,62,負傷,0,1,県道,岩国市,2023,4,9,18,46,4夜暮,晴,市街地,舗装　乾燥,直路,施設なし,対象外当事者,対象外当事者,対象外当事者,対象外当事者,単路　5.5m以上,直路,単独（交差点付近を含む）,規制なし,車両相互,35～44歳,55～64歳,普通乗用,軽乗用,自家用,自家用,負傷,損傷なし,34.09882528,132.0891083,日曜,その他