警察署,本票番号,事故内容,死者数,負傷者数,路線,市町村名,発生日時　　年,発生日時　　月,発生日時　　日,発生日時　　時,発生日時　　分,昼夜,天候,地形,路面状態,道路形状,信号機,一時停止規制標識（当事者A）,一時停止規制表示（当事者A）,一時停止規制標識（当事者B）,一時停止規制表示（当事者B）,車道幅員,道路線形,衝突地点,ゾーン規制,事故類型,年齢（当事者A）,年齢（当事者B）,当事者種別（当事者A）,当事者種別（当事者B）,用途別（当事者A）,用途別（当事者B）,人身損傷程度（当事者A）,人身損傷程度（当事者B）,緯度,経度,曜日,祝日
山口,57,負傷,0,1,国道９号,山口市,2023,4,10,7,36,2昼,晴,市街地,舗装　乾燥,交差点,施設なし,標識　規制なし,表示なし,標識　規制なし,表示なし,交差点　大　小,直路,交差点内,規制なし,車両相互,35～44歳,01～24歳,普通乗用,軽乗用,自家用,自家用,損傷なし,負傷,34.2019325,131.5072794,月曜,その他
岩国,63,負傷,0,1,国道188号,岩国市,2023,4,10,13,41,2昼,晴,市街地,舗装　乾燥,交差点付近,点灯３灯式,対象外当事者,対象外当事者,対象外当事者,対象外当事者,単路　5.5m以上,直路,単独（交差点付近を含む）,規制なし,車両相互,55～64歳,01～24歳,普通乗用,普通乗用,自家用,自家用,損傷なし,負傷,34.06206278,132.2054869,月曜,その他
山口南,37,負傷,0,1,国道９号,山口市,2023,4,10,13,52,2昼,晴,非市街地,舗装　乾燥,交差点付近,点灯３灯式,対象外当事者,対象外当事者,対象外当事者,対象外当事者,単路　9.0m以上,直路,単独（交差点付近を含む）,規制なし,車両相互,25～34歳,65～74歳,普通貨物,軽乗用,自家用,自家用,損傷なし,負傷,34.12813,131.4136039,月曜,その他
山口南,45,負傷,0,1,県道,山口市,2023,4,10,16,10,2昼,晴,非市街地,舗装　乾燥,直路,施設なし,対象外当事者,対象外当事者,対象外当事者,対象外当事者,単路　5.5m以上,直路,単独（交差点付近を含む）,規制なし,車両相互,45～54歳,55～64歳,軽乗用,自転車,自家用,自転車,損傷なし,負傷,34.02043694,131.3685383,月曜,その他
下関,87,負傷,0,1,県道,下関市,2023,4,10,17,20,2昼,晴,市街地,舗装　乾燥,交差点,施設なし,標識　規制なし,表示なし,対象外当事者,対象外当事者,交差点　大　中,直路,交差点内,規制なし,人対車両,35～44歳,35～44歳,普通乗用,歩行者,自家用,対象外当事者,損傷なし,負傷,33.97792222,130.9426228,月曜,その他
宇部,99,負傷,0,1,一般の交通の用に供するその他の道路,宇部市,2023,4,10,18,45,4夜暮,晴,市街地,舗装　乾燥,その他,施設なし,対象外当事者,対象外当事者,対象外当事者,対象外当事者,一般交通の場所,一般交通の場所,単独（交差点付近を含む）,規制なし,車両相互,25～34歳,25～34歳,普通乗用,普通乗用,自家用,自家用,損傷なし,負傷,33.99879833,131.2212503,月曜,その他
山陽小野田,41,負傷,0,1,県道,山陽小野田市,2023,4,11,6,58,2昼,晴,市街地,舗装　乾燥,直路,施設なし,対象外当事者,対象外当事者,対象外当事者,対象外当事者,単路　9.0m以上,直路,単独（交差点付近を含む）,規制なし,車両相互,45～54歳,45～54歳,普通乗用,軽乗用,自家用,自家用,負傷,損傷なし,34.00508333,131.1783611,火曜,その他
長府,46,負傷,0,1,国道２号,下関市,2023,4,11,7,21,2昼,晴,市街地,舗装　乾燥,直路,施設なし,対象外当事者,対象外当事者,対象外当事者,対象外当事者,単路　9.0m以上,直路,単独（交差点付近を含む）,規制なし,車両相互,01～24歳,01～24歳,軽乗用,軽貨物,自家用,自家用,負傷,損傷なし,34.00463028,130.9933936,火曜,その他
宇部,126,負傷,0,1,市道,宇部市,2023,4,11,13,14,2昼,晴,市街地,舗装　乾燥,直路,施設なし,対象外当事者,対象外当事者,対象外当事者,対象外当事者,単路　3.5m以上,直路,単独（交差点付近を含む）,ゾーン３０,車両相互,55～64歳,75歳以上,普通乗用,自転車,自家用,自転車,損傷なし,負傷,33.94695528,131.2518325,火曜,その他
下関,86,負傷,0,4,県道,下関市,2023,4,11,14,23,2昼,晴,市街地,舗装　乾燥,直路,施設なし,対象外当事者,対象外当事者,対象外当事者,対象外当事者,単路　3.5m未満,直路,単独（交差点付近を含む）,規制なし,車両相互,75歳以上,25～34歳,普通乗用,普通乗用,自家用,自家用,損傷なし,負傷,34.00681583,130.9410781,火曜,その他
宇部,113,負傷,0,1,市道,宇部市,2023,4,11,16,24,2昼,晴,市街地,舗装　乾燥,交差点付近,施設なし,対象外当事者,対象外当事者,対象外当事者,対象外当事者,単路　5.5m以上,直路,単独（交差点付近を含む）,規制なし,車両相互,65～74歳,65～74歳,普通乗用,軽乗用,自家用,自家用,損傷なし,損傷なし,33.94793472,131.2565597,火曜,その他
山陽小野田,44,負傷,0,1,県道,山陽小野田市,2023,4,11,17,15,2昼,晴,非市街地,舗装　乾燥,交差点,施設なし,標識　規制なし,表示なし,標識　規制なし,表示なし,交差点　中　小,直路,交差点内,規制なし,車両相互,25～34歳,25～34歳,軽乗用,自転車,自家用,自転車,損傷なし,負傷,34.01648083,131.2034872,火曜,その他
岩国,74,負傷,0,1,市道,岩国市,2023,4,11,17,35,2昼,晴,市街地,舗装　乾燥,直路,施設なし,対象外当事者,対象外当事者,対象外当事者,対象外当事者,単路　3.5m未満,直路,単独（交差点付近を含む）,規制なし,車両相互,35～44歳,45～54歳,軽乗用,軽乗用,自家用,自家用,損傷なし,負傷,34.13979722,132.2137606,火曜,その他
山口南,30,負傷,0,1,市道,山口市,2023,4,11,18,2,3昼暮,曇,市街地,舗装　乾燥,直路,施設なし,対象外当事者,対象外当事者,対象外当事者,対象外当事者,単路　5.5m以上,直路,単独（交差点付近を含む）,規制なし,車両相互,75歳以上,55～64歳,普通乗用,軽二輪　126～250cc,自家用,自家用,損傷なし,負傷,34.08992,131.3979039,火曜,その他
山陽小野田,42,負傷,0,1,国道190号,山陽小野田市,2023,4,12,8,55,2昼,曇,非市街地,舗装　湿潤,直路,施設なし,対象外当事者,対象外当事者,対象外当事者,対象外当事者,単路　5.5m以上,直路,単独（交差点付近を含む）,規制なし,車両相互,35～44歳,45～54歳,準中型貨物,軽二輪　126～250cc,自家用,自家用,損傷なし,負傷,34.04202611,131.0790606,水曜,その他
柳井,53,負傷,0,1,県道,柳井市,2023,4,12,12,4,2昼,晴,市街地,舗装　乾燥,交差点,点灯３灯式,標識　規制なし,表示なし,標識　規制なし,表示なし,交差点　大　中,直路,交差点内,規制なし,車両相互,65～74歳,25～34歳,軽乗用,自転車,自家用,自転車,損傷なし,負傷,33.96664694,132.0993242,水曜,その他
長府,41,負傷,0,2,県道,下関市,2023,4,12,13,51,2昼,晴,非市街地,舗装　乾燥,交差点,点灯３灯式,標識　規制なし,表示なし,標識　規制なし,表示なし,交差点　大　中,直路,交差点内,規制なし,車両相互,25～34歳,65～74歳,普通貨物,軽乗用,自家用,自家用,損傷なし,負傷,34.12099778,131.0149539,水曜,その他
宇部,95,負傷,0,1,国道190号,宇部市,2023,4,12,16,34,2昼,晴,市街地,舗装　乾燥,交差点,点灯３灯式,標識　規制なし,表示なし,標識　規制なし,表示なし,交差点　大　大,直路,交差点内,規制なし,車両相互,75歳以上,01～24歳,軽乗用,軽乗用,自家用,自家用,損傷なし,負傷,33.94227694,131.2898414,水曜,その他
防府,61,負傷,0,2,市道,防府市,2023,4,13,6,18,1昼明,晴,市街地,舗装　乾燥,交差点,施設なし,標識　標準　反射式,表示あり,標識　規制なし,表示なし,交差点　中　小,直路,交差点内,規制なし,車両相互,25～34歳,01～24歳,普通乗用,普通乗用,自家用,自家用,負傷,負傷,34.07048361,131.5601778,木曜,その他
下関,102,負傷,0,1,市道,下関市,2023,4,13,7,28,2昼,晴,市街地,舗装　乾燥,交差点,施設なし,標識　規制なし,表示なし,標識　規制なし,表示なし,交差点　中　中,直路,交差点内,規制なし,車両相互,25～34歳,25～34歳,普通乗用,普通乗用,自家用,自家用,損傷なし,負傷,33.99850917,130.9566356,木曜,その他
長門,12,負傷,0,1,国道191号,長門市,2023,4,13,8,20,2昼,晴,市街地,舗装　乾燥,交差点,点灯３灯式,標識　規制なし,表示なし,標識　規制なし,表示なし,交差点　中　小,直路,交差点内,規制なし,車両相互,75歳以上,75歳以上,軽貨物,自転車,自家用,自転車,損傷なし,負傷,34.36919167,131.1768597,木曜,その他
山口,72,負傷,0,1,国道262号,山口市,2023,4,13,9,10,2昼,晴,市街地,舗装　乾燥,直路,施設なし,対象外当事者,対象外当事者,対象外当事者,対象外当事者,単路　9.0m以上,直路,単独（交差点付近を含む）,規制なし,車両相互,01～24歳,45～54歳,普通乗用,軽乗用,自家用,自家用,負傷,損傷なし,34.16319917,131.5147064,木曜,その他
山口南,33,負傷,0,1,県道,山口市,2023,4,13,9,19,2昼,晴,非市街地,舗装　乾燥,交差点付近,点灯３灯式,対象外当事者,対象外当事者,対象外当事者,対象外当事者,単路　5.5m以上,直路,単独（交差点付近を含む）,規制なし,車両相互,35～44歳,45～54歳,準中型貨物,軽貨物,自家用,事業用,損傷なし,損傷なし,34.03750472,131.4195047,木曜,その他
柳井,44,負傷,0,2,国道188号,柳井市,2023,4,13,11,34,2昼,晴,市街地,舗装　乾燥,直路,施設なし,対象外当事者,対象外当事者,対象外当事者,対象外当事者,単路　5.5m以上,直路,単独（交差点付近を含む）,規制なし,車両相互,55～64歳,75歳以上,軽乗用,軽乗用,自家用,自家用,損傷なし,負傷,33.957575,132.1244536,木曜,その他
宇部,119,負傷,0,2,市道,宇部市,2023,4,13,14,30,2昼,晴,非市街地,舗装　乾燥,交差点,施設なし,標識　規制なし,表示なし,標識　規制なし,表示なし,交差点　小　小,直路,交差点内,規制なし,車両相互,45～54歳,01～24歳,軽貨物,自転車,事業用,自転車,損傷なし,負傷,33.9497375,131.2732503,木曜,その他
宇部,96,負傷,0,1,市道,宇部市,2023,4,14,8,16,2昼,曇,非市街地,舗装　乾燥,交差点付近,施設なし,対象外当事者,対象外当事者,対象外当事者,対象外当事者,単路　5.5m以上,直路,単独（交差点付近を含む）,規制なし,車両相互,35～44歳,25～34歳,普通乗用,軽貨物,自家用,事業用,負傷,損傷なし,33.96565444,131.2450867,金曜,その他
岩国,64,負傷,0,1,市道,岩国市,2023,4,14,10,2,2昼,曇,市街地,舗装　乾燥,直路,施設なし,対象外当事者,対象外当事者,対象外当事者,対象外当事者,単路　3.5m未満,直路,単独（交差点付近を含む）,規制なし,車両相互,55～64歳,35～44歳,中型貨物,軽乗用,自家用,自家用,損傷なし,負傷,34.16505694,132.1831467,金曜,その他
下関,117,負傷,0,2,国道９号,下関市,2023,4,14,10,23,2昼,晴,市街地,舗装　乾燥,交差点,点灯３灯式,標識　規制なし,表示なし,標識　規制なし,表示なし,交差点　大　小,直路,交差点内,規制なし,車両相互,65～74歳,55～64歳,軽乗用,小型二輪　751cc以上,自家用,自家用,損傷なし,負傷,33.95664528,130.9420736,金曜,その他
周南,70,負傷,0,1,市道,周南市,2023,4,14,10,37,2昼,曇,市街地,舗装　乾燥,交差点,施設なし,標識　標準　反射式,表示あり,標識　規制なし,表示なし,交差点　大　小,直路,交差点内,規制なし,車両相互,65～74歳,55～64歳,軽乗用,軽貨物,自家用,自家用,損傷なし,負傷,34.07319694,131.7665492,金曜,その他
下関,89,負傷,0,1,一般の交通の用に供するその他の道路,下関市,2023,4,14,15,30,2昼,雨,市街地,舗装　乾燥,その他,施設なし,対象外当事者,対象外当事者,対象外当事者,対象外当事者,一般交通の場所,一般交通の場所,単独（交差点付近を含む）,規制なし,車両相互,75歳以上,75歳以上,軽乗用,軽乗用,自家用,自家用,損傷なし,損傷なし,34.02339611,130.9162597,金曜,その他
山口,68,負傷,0,1,県道,山口市,2023,4,14,17,0,2昼,雨,非市街地,舗装　湿潤,交差点付近,施設なし,対象外当事者,対象外当事者,対象外当事者,対象外当事者,単路　3.5m未満,直路,単独（交差点付近を含む）,規制なし,車両相互,01～24歳,55～64歳,普通乗用,軽乗用,自家用,自家用,負傷,損傷なし,34.15551833,131.5020647,金曜,その他
宇部,98,負傷,0,1,国道190号,宇部市,2023,4,14,19,13,4夜暮,雨,市街地,舗装　湿潤,交差点,点灯３灯式,標識　規制なし,表示なし,標識　規制なし,表示なし,交差点　大　中,直路,交差点内,規制なし,車両相互,55～64歳,01～24歳,普通乗用,自転車,自家用,自転車,損傷なし,負傷,33.94289972,131.2678056,金曜,その他
山口,64,負傷,0,1,県道,山口市,2023,4,14,20,0,5夜,雨,非市街地,舗装　湿潤,交差点,施設なし,標識　規制なし,表示あり,標識　規制なし,表示あり,交差点　小　小,直路,交差点内,規制なし,車両相互,25～34歳,01～24歳,普通乗用,自転車,自家用,自転車,損傷なし,負傷,34.17367306,131.4795486,金曜,その他
長府,39,負傷,0,1,国道２号,下関市,2023,4,14,22,22,5夜,雨,市街地,舗装　湿潤,カーブ,施設なし,対象外当事者,対象外当事者,対象外当事者,対象外当事者,単路　13.0m以上,カーブ右,単独（交差点付近を含む）,規制なし,車両相互,65～74歳,65～74歳,普通乗用,普通乗用,事業用,自家用,損傷なし,負傷,34.03486056,131.0165947,金曜,その他
岩国,71,負傷,0,1,その他,岩国市,2023,4,15,11,3,2昼,雨,市街地,舗装　湿潤,その他,施設なし,対象外当事者,対象外当事者,対象外当事者,対象外当事者,一般交通の場所,一般交通の場所,単独（交差点付近を含む）,規制なし,車両単独,45～54歳,不明,普通乗用,物件等,自家用,対象外当事者,損傷なし,対象外当事者,34.15149833,132.2153719,土曜,その他
山口南,39,負傷,0,1,国道９号,山口市,2023,4,15,13,42,2昼,雨,市街地,舗装　湿潤,直路,施設なし,対象外当事者,対象外当事者,対象外当事者,対象外当事者,単路　5.5m以上,直路,単独（交差点付近を含む）,規制なし,車両相互,35～44歳,75歳以上,軽乗用,原付一種,自家用,自家用,損傷なし,負傷,34.10415167,131.3947497,土曜,その他
光,26,負傷,0,1,農免道路,周南市,2023,4,15,17,11,2昼,曇,非市街地,舗装　湿潤,直路,施設なし,対象外当事者,対象外当事者,対象外当事者,対象外当事者,単路　3.5m以上,直路,単独（交差点付近を含む）,規制なし,車両相互,55～64歳,35～44歳,軽乗用,小型二輪　251～400cc,自家用,自家用,損傷なし,負傷,34.05098389,131.9493172,土曜,その他
柳井,43,負傷,0,1,県道,田布施町,2023,4,15,17,20,2昼,雨,非市街地,舗装　湿潤,カーブ,施設なし,対象外当事者,対象外当事者,対象外当事者,対象外当事者,単路　3.5m未満,カーブ左,単独（交差点付近を含む）,規制なし,車両相互,35～44歳,01～24歳,軽乗用,軽乗用,自家用,自家用,損傷なし,負傷,33.95639333,132.0288672,土曜,その他
山口,62,負傷,0,1,県道,山口市,2023,4,15,22,43,5夜,雨,市街地,舗装　湿潤,交差点付近,点灯３灯式,対象外当事者,対象外当事者,対象外当事者,対象外当事者,単路　3.5m未満,直路,単独（交差点付近を含む）,規制なし,車両相互,01～24歳,55～64歳,普通乗用,普通乗用,自家用,事業用,損傷なし,負傷,34.16040278,131.4481428,土曜,その他
柳井,49,負傷,0,2,国道188号,柳井市,2023,4,16,9,27,2昼,晴,非市街地,舗装　乾燥,交差点,点灯３灯式,標識　規制なし,表示なし,標識　規制なし,表示なし,交差点　大　大,直路,交差点内,規制なし,車両相互,65～74歳,45～54歳,普通乗用,小型二輪　751cc以上,自家用,自家用,損傷なし,負傷,33.95760694,132.1337044,日曜,その他
防府,64,負傷,0,1,県道,防府市,2023,4,16,13,0,2昼,晴,市街地,舗装　乾燥,直路,施設なし,対象外当事者,対象外当事者,対象外当事者,対象外当事者,単路　9.0m以上,直路,単独（交差点付近を含む）,規制なし,車両相互,35～44歳,35～44歳,普通乗用,軽乗用,自家用,自家用,損傷なし,負傷,34.05751972,131.5636306,日曜,その他
宇部,116,負傷,0,1,市道,宇部市,2023,4,16,13,31,2昼,雨,市街地,舗装　湿潤,交差点,施設なし,標識　規制なし,表示なし,標識　標準　反射式,表示あり,交差点　中　中,直路,交差点内,規制なし,車両相互,65～74歳,75歳以上,軽乗用,自転車,自家用,自転車,損傷なし,負傷,33.94718583,131.2494525,日曜,その他
下関,97,負傷,0,1,国道９号,下関市,2023,4,16,13,55,2昼,晴,市街地,舗装　乾燥,交差点,点灯３灯式,標識　規制なし,表示なし,対象外当事者,対象外当事者,交差点　小　小,直路,交差点内,規制なし,人対車両,35～44歳,25～34歳,普通乗用,歩行者,自家用,対象外当事者,損傷なし,負傷,33.96602528,130.9569317,日曜,その他
周南,67,負傷,0,1,国道２号,周南市,2023,4,16,16,20,2昼,雨,非市街地,舗装　乾燥,直路,施設なし,対象外当事者,対象外当事者,対象外当事者,対象外当事者,単路　3.5m以上,直路,単独（交差点付近を含む）,規制なし,車両相互,01～24歳,35～44歳,普通乗用,軽乗用,自家用,自家用,損傷なし,負傷,34.07734972,131.7268589,日曜,その他
下関,94,負傷,0,1,県道,下関市,2023,4,16,16,52,2昼,曇,市街地,舗装　乾燥,交差点,施設なし,標識　規制なし,表示なし,標識　規制なし,表示なし,交差点　小　小,直路,交差点内,規制なし,車両相互,25～34歳,25～34歳,普通乗用,軽乗用,自家用,自家用,損傷なし,負傷,34.00914194,130.9528489,日曜,その他
長府,42,負傷,0,1,一般の交通の用に供するその他の道路,下関市,2023,4,16,20,24,5夜,曇,市街地,舗装　乾燥,その他,施設なし,対象外当事者,対象外当事者,対象外当事者,対象外当事者,一般交通の場所,一般交通の場所,単独（交差点付近を含む）,規制なし,車両相互,25～34歳,35～44歳,軽乗用,軽乗用,自家用,自家用,損傷なし,負傷,34.02314444,131.0065475,日曜,その他
周南,68,負傷,0,1,その他,周南市,2023,4,17,7,49,2昼,晴,市街地,舗装　乾燥,その他,施設なし,対象外当事者,対象外当事者,対象外当事者,対象外当事者,一般交通の場所,一般交通の場所,単独（交差点付近を含む）,規制なし,車両相互,45～54歳,01～24歳,軽乗用,自転車,自家用,自転車,損傷なし,負傷,34.03118611,131.82848,月曜,その他
長府,40,負傷,0,1,市道,下関市,2023,4,17,7,50,2昼,晴,市街地,舗装　乾燥,直路,施設なし,対象外当事者,対象外当事者,対象外当事者,対象外当事者,単路　3.5m以上,直路,単独（交差点付近を含む）,規制なし,車両相互,55～64歳,55～64歳,普通乗用,原付一種,自家用,自家用,損傷なし,負傷,34.01014639,130.9876394,月曜,その他
岩国,69,負傷,0,1,国道２号,岩国市,2023,4,17,8,15,2昼,晴,市街地,舗装　乾燥,交差点付近,点灯３灯式,対象外当事者,対象外当事者,対象外当事者,対象外当事者,単路　5.5m以上,カーブ左,単独（交差点付近を含む）,規制なし,車両相互,55～64歳,45～54歳,普通乗用,軽乗用,自家用,自家用,損傷なし,負傷,34.16442194,132.1966858,月曜,その他
宇部,101,負傷,0,1,市道,宇部市,2023,4,17,8,34,2昼,晴,非市街地,舗装　乾燥,直路,施設なし,対象外当事者,対象外当事者,対象外当事者,対象外当事者,単路　5.5m以上,直路,単独（交差点付近を含む）,規制なし,車両相互,35～44歳,65～74歳,普通乗用,軽乗用,自家用,自家用,負傷,損傷なし,33.98795861,131.2146392,月曜,その他
山口南,32,負傷,0,1,県道,山口市,2023,4,17,14,39,2昼,晴,非市街地,舗装　乾燥,交差点付近,施設なし,対象外当事者,対象外当事者,対象外当事者,対象外当事者,単路　9.0m以上,直路,単独（交差点付近を含む）,規制なし,車両相互,65～74歳,45～54歳,普通乗用,軽乗用,自家用,自家用,損傷なし,負傷,34.09500278,131.4097425,月曜,その他
山口南,36,負傷,0,1,一般の交通の用に供するその他の道路,山口市,2023,4,18,7,19,2昼,曇,非市街地,舗装　乾燥,その他,施設なし,対象外当事者,対象外当事者,対象外当事者,対象外当事者,一般交通の場所,一般交通の場所,単独（交差点付近を含む）,規制なし,車両相互,25～34歳,25～34歳,普通乗用,軽乗用,自家用,自家用,負傷,損傷なし,34.01692028,131.3361058,火曜,その他
防府,63,負傷,0,1,国道２号,防府市,2023,4,18,7,24,2昼,晴,市街地,舗装　乾燥,直路,施設なし,対象外当事者,対象外当事者,対象外当事者,対象外当事者,単路　5.5m以上,直路,単独（交差点付近を含む）,規制なし,車両相互,35～44歳,25～34歳,軽乗用,軽貨物,自家用,自家用,損傷なし,負傷,34.0552675,131.5350008,火曜,その他
防府,59,負傷,0,1,国道２号,防府市,2023,4,18,7,26,2昼,晴,非市街地,舗装　乾燥,直路,施設なし,対象外当事者,対象外当事者,対象外当事者,対象外当事者,単路　3.5m以上,直路,単独（交差点付近を含む）,規制なし,車両相互,25～34歳,01～24歳,普通乗用,軽貨物,自家用,事業用,負傷,損傷なし,34.05531306,131.5351525,火曜,その他
宇部,100,負傷,0,1,市道,宇部市,2023,4,18,12,59,2昼,晴,非市街地,舗装　乾燥,直路,点灯３灯式,対象外当事者,対象外当事者,対象外当事者,対象外当事者,単路　3.5m未満,直路,単独（交差点付近を含む）,規制なし,車両相互,45～54歳,65～74歳,普通乗用,軽乗用,自家用,自家用,損傷なし,負傷,33.93179667,131.2569778,火曜,その他
長門,13,負傷,0,1,国道191号,長門市,2023,4,18,14,15,2昼,晴,市街地,舗装　乾燥,直路,点灯３灯式,対象外当事者,対象外当事者,対象外当事者,対象外当事者,単路　5.5m以上,直路,単独（交差点付近を含む）,規制なし,車両相互,55～64歳,35～44歳,普通乗用,軽乗用,自家用,自家用,損傷なし,負傷,34.37565306,131.1963025,火曜,その他
下関,99,負傷,0,1,県道,下関市,2023,4,18,17,52,3昼暮,晴,市街地,舗装　乾燥,直路,施設なし,対象外当事者,対象外当事者,対象外当事者,対象外当事者,単路　3.5m以上,直路,単独（交差点付近を含む）,規制なし,車両相互,35～44歳,75歳以上,普通乗用,軽乗用,自家用,自家用,負傷,損傷なし,33.98388083,130.9329569,火曜,その他
光,24,負傷,0,2,県道,光市,2023,4,18,18,37,3昼暮,曇,市街地,舗装　乾燥,交差点,点灯３灯式,標識　規制なし,表示なし,標識　規制なし,表示なし,交差点　大　中,直路,交差点内,規制なし,車両相互,55～64歳,45～54歳,普通乗用,普通乗用,自家用,自家用,損傷なし,負傷,34.00404722,131.9717628,火曜,その他
岩国,68,負傷,0,1,国道188号,岩国市,2023,4,18,19,44,4夜暮,晴,市街地,舗装　乾燥,交差点付近,施設なし,対象外当事者,対象外当事者,対象外当事者,対象外当事者,単路　3.5m以上,直路,単独（交差点付近を含む）,規制なし,車両相互,65～74歳,25～34歳,普通乗用,普通乗用,自家用,自家用,損傷なし,負傷,34.12780417,132.1993919,火曜,その他
宇部,128,負傷,0,1,市道,宇部市,2023,4,18,23,32,5夜,晴,市街地,舗装　乾燥,交差点,点灯３灯式,標識　規制なし,表示なし,対象外当事者,対象外当事者,交差点　小　小,直路,交差点内,規制なし,人対車両,65～74歳,25～34歳,軽貨物,歩行者,自家用,対象外当事者,損傷なし,負傷,33.97515583,131.228205,火曜,その他
山陽小野田,45,負傷,0,1,国道190号,山陽小野田市,2023,4,19,7,36,2昼,曇,非市街地,舗装　乾燥,直路,施設なし,対象外当事者,対象外当事者,対象外当事者,対象外当事者,単路　5.5m以上,直路,単独（交差点付近を含む）,規制なし,車両相互,35～44歳,55～64歳,普通乗用,軽乗用,自家用,自家用,損傷なし,負傷,34.02087472,131.1533164,水曜,その他
下松,35,負傷,0,1,一般の交通の用に供するその他の道路,下松市,2023,4,19,10,38,2昼,曇,市街地,舗装　乾燥,その他,施設なし,対象外当事者,対象外当事者,対象外当事者,対象外当事者,一般交通の場所,一般交通の場所,単独（交差点付近を含む）,規制なし,車両相互,45～54歳,75歳以上,普通乗用,普通貨物,自家用,自家用,負傷,損傷なし,34.03210917,131.8656994,水曜,その他
山口,63,負傷,0,1,国道９号,山口市,2023,4,19,19,28,4夜暮,晴,市街地,舗装　乾燥,直路,施設なし,対象外当事者,対象外当事者,対象外当事者,対象外当事者,単路　3.5m以上,直路,単独（交差点付近を含む）,規制なし,車両相互,01～24歳,45～54歳,普通乗用,普通乗用,自家用,自家用,損傷なし,負傷,34.16830028,131.450035,水曜,その他
岩国,72,負傷,0,1,県道,岩国市,2023,4,19,21,50,5夜,晴,市街地,舗装　乾燥,直路,施設なし,対象外当事者,対象外当事者,対象外当事者,対象外当事者,単路　3.5m以上,直路,単独（交差点付近を含む）,規制なし,車両相互,01～24歳,45～54歳,普通乗用,普通乗用,自家用,自家用,損傷なし,負傷,34.10587417,132.1007458,水曜,その他
山口南,31,負傷,0,1,国道９号,山口市,2023,4,20,0,17,5夜,曇,市街地,舗装　乾燥,交差点付近,点灯３灯式,対象外当事者,対象外当事者,対象外当事者,対象外当事者,単路　9.0m以上,直路,単独（交差点付近を含む）,規制なし,車両相互,35～44歳,01～24歳,普通乗用,軽乗用,自家用,自家用,損傷なし,負傷,34.11401139,131.4011511,木曜,その他
宇部,118,負傷,0,3,国道２号,宇部市,2023,4,20,5,28,6夜明,晴,非市街地,舗装　乾燥,カーブ,施設なし,対象外当事者,対象外当事者,対象外当事者,対象外当事者,単路　9.0m以上,カーブ右,単独（交差点付近を含む）,規制なし,車両相互,55～64歳,65～74歳,大型貨物,普通貨物,事業用,自家用,損傷なし,負傷,34.04466917,131.2318503,木曜,その他
周南,73,負傷,0,1,国道２号,周南市,2023,4,20,8,35,2昼,晴,市街地,舗装　乾燥,直路,施設なし,対象外当事者,対象外当事者,対象外当事者,対象外当事者,単路　5.5m以上,直路,単独（交差点付近を含む）,規制なし,車両相互,55～64歳,01～24歳,普通乗用,軽乗用,自家用,自家用,損傷なし,負傷,34.06190917,131.8094297,木曜,その他
下関,101,負傷,0,1,一般の交通の用に供するその他の道路,下関市,2023,4,20,10,44,2昼,晴,市街地,舗装　乾燥,その他,施設なし,対象外当事者,対象外当事者,対象外当事者,対象外当事者,一般交通の場所,一般交通の場所,単独（交差点付近を含む）,規制なし,人対車両,75歳以上,45～54歳,普通乗用,歩行者,自家用,対象外当事者,損傷なし,負傷,34.01916722,130.9178769,木曜,その他
光,25,負傷,0,1,市道,光市,2023,4,20,14,33,2昼,晴,非市街地,舗装　乾燥,交差点,施設なし,標識　規制なし,表示なし,標識　規制なし,表示なし,交差点　中　小,直路,単独（交差点付近を含む）,規制なし,車両相互,75歳以上,35～44歳,軽乗用,軽乗用,自家用,自家用,損傷なし,負傷,33.98454056,131.9865342,木曜,その他
宇部,117,負傷,0,1,国道２号,宇部市,2023,4,20,14,41,2昼,晴,非市街地,舗装　乾燥,交差点付近,施設なし,対象外当事者,対象外当事者,対象外当事者,対象外当事者,単路　9.0m以上,直路,単独（交差点付近を含む）,規制なし,車両相互,45～54歳,01～24歳,普通乗用,軽貨物,自家用,事業用,負傷,損傷なし,34.04641306,131.2266439,木曜,その他
萩,12,負傷,0,1,市道,萩市,2023,4,20,16,5,2昼,晴,市街地,舗装　乾燥,直路,施設なし,対象外当事者,対象外当事者,対象外当事者,対象外当事者,単路　3.5m以上,直路,単独（交差点付近を含む）,規制なし,人対車両,65～74歳,75歳以上,軽乗用,歩行者,自家用,対象外当事者,損傷なし,負傷,34.41391111,131.3904086,木曜,その他
防府,62,負傷,0,1,市道,防府市,2023,4,20,18,13,3昼暮,晴,市街地,舗装　乾燥,直路,施設なし,対象外当事者,対象外当事者,対象外当事者,対象外当事者,単路　5.5m以上,直路,単独（交差点付近を含む）,規制なし,車両相互,25～34歳,01～24歳,軽乗用,自転車,自家用,自転車,損傷なし,負傷,34.06427694,131.5654108,木曜,その他