警察署,本票番号,事故内容,死者数,負傷者数,路線,市町村名,発生日時　　年,発生日時　　月,発生日時　　日,発生日時　　時,発生日時　　分,昼夜,天候,地形,路面状態,道路形状,信号機,一時停止規制標識（当事者A）,一時停止規制表示（当事者A）,一時停止規制標識（当事者B）,一時停止規制表示（当事者B）,車道幅員,道路線形,衝突地点,ゾーン規制,事故類型,年齢（当事者A）,年齢（当事者B）,当事者種別（当事者A）,当事者種別（当事者B）,用途別（当事者A）,用途別（当事者B）,人身損傷程度（当事者A）,人身損傷程度（当事者B）,緯度,経度,曜日,祝日
下関,106,負傷,0,1,県道,下関市,2023,4,21,7,58,2昼,晴,非市街地,舗装　乾燥,直路,施設なし,対象外当事者,対象外当事者,対象外当事者,対象外当事者,単路　5.5m以上,直路,単独（交差点付近を含む）,規制なし,車両相互,45～54歳,45～54歳,軽乗用,軽乗用,自家用,自家用,損傷なし,負傷,33.98230611,130.9337644,金曜,その他
柳井,52,負傷,0,1,市道,柳井市,2023,4,21,8,47,2昼,曇,市街地,舗装　乾燥,交差点,施設なし,標識　規制なし,表示なし,標識　規制なし,表示なし,交差点　小　小,直路,交差点内,規制なし,車両相互,35～44歳,75歳以上,軽貨物,原付一種,自家用,自家用,損傷なし,負傷,33.95965722,132.0987931,金曜,その他
長門,14,負傷,0,2,国道191号,長門市,2023,4,21,11,36,2昼,曇,市街地,舗装　乾燥,直路,施設なし,対象外当事者,対象外当事者,対象外当事者,対象外当事者,単路　9.0m以上,直路,単独（交差点付近を含む）,規制なし,車両相互,65～74歳,65～74歳,軽乗用,軽乗用,自家用,自家用,負傷,損傷なし,34.37569472,131.1964278,金曜,その他
岩国,77,負傷,0,1,国道187号,岩国市,2023,4,21,11,50,2昼,曇,非市街地,舗装　乾燥,直路,施設なし,対象外当事者,対象外当事者,対象外当事者,対象外当事者,単路　5.5m以上,直路,単独（交差点付近を含む）,規制なし,車両相互,75歳以上,65～74歳,普通乗用,軽乗用,自家用,自家用,損傷なし,損傷なし,34.17123944,132.0781997,金曜,その他
宇部,120,負傷,0,1,国道２号,宇部市,2023,4,21,12,34,2昼,晴,非市街地,舗装　乾燥,交差点付近,施設なし,対象外当事者,対象外当事者,対象外当事者,対象外当事者,単路　5.5m以上,直路,単独（交差点付近を含む）,規制なし,車両相互,75歳以上,35～44歳,普通乗用,普通乗用,自家用,自家用,損傷なし,損傷なし,34.04833028,131.2019531,金曜,その他
宇部,112,負傷,0,1,国道190号,宇部市,2023,4,21,16,13,2昼,晴,市街地,舗装　乾燥,交差点,点灯３灯式,標識　その他,表示あり,標識　規制なし,表示なし,交差点　大　中,カーブ左,交差点内,規制なし,車両相互,45～54歳,75歳以上,普通乗用,自転車,自家用,自転車,損傷なし,負傷,33.95084556,131.2469611,金曜,その他
光,30,負傷,0,3,国道188号,光市,2023,4,21,18,47,3昼暮,曇,非市街地,舗装　乾燥,交差点,点灯３灯式,標識　規制なし,表示なし,標識　規制なし,表示なし,交差点　大　中,直路,交差点内,規制なし,車両相互,35～44歳,55～64歳,普通乗用,軽乗用,自家用,自家用,負傷,負傷,33.97273972,131.9147406,金曜,その他
光,31,負傷,0,2,国道188号,光市,2023,4,21,18,47,3昼暮,晴,非市街地,舗装　乾燥,交差点,点灯３灯式,標識　規制なし,表示なし,標識　規制なし,表示なし,交差点　大　中,直路,交差点内,規制なし,車両相互,45～54歳,35～44歳,普通乗用,普通乗用,自家用,自家用,損傷なし,負傷,33.97272889,131.9147364,金曜,その他
柳井,47,負傷,0,1,県道,田布施町,2023,4,21,21,55,5夜,曇,非市街地,舗装　乾燥,交差点付近,施設なし,対象外当事者,対象外当事者,対象外当事者,対象外当事者,単路　5.5m以上,直路,単独（交差点付近を含む）,規制なし,車両相互,35～44歳,25～34歳,普通乗用,普通乗用,自家用,自家用,損傷なし,負傷,33.94549056,132.0195072,金曜,その他
宇部,102,負傷,0,1,県道,宇部市,2023,4,22,8,46,2昼,晴,非市街地,舗装　乾燥,交差点,施設なし,標識　規制なし,表示なし,標識　規制なし,表示なし,交差点　中　小,直路,交差点内,規制なし,車両相互,01～24歳,45～54歳,普通乗用,軽貨物,自家用,自家用,損傷なし,負傷,34.00527139,131.2154981,土曜,その他
岩国,70,負傷,0,1,国道２号,岩国市,2023,4,22,8,57,2昼,晴,市街地,舗装　乾燥,交差点,点灯３灯式,標識　規制なし,表示なし,標識　規制なし,表示なし,交差点　中　中,直路,交差点内,規制なし,車両相互,75歳以上,55～64歳,軽乗用,自転車,自家用,自転車,損傷なし,負傷,34.17116611,132.2151022,土曜,その他
下関,107,負傷,0,1,国道９号,下関市,2023,4,22,11,47,2昼,晴,市街地,舗装　乾燥,交差点付近,点灯３灯式,対象外当事者,対象外当事者,対象外当事者,対象外当事者,単路　5.5m以上,直路,単独（交差点付近を含む）,規制なし,車両相互,35～44歳,25～34歳,普通乗用,原付二種　51～125cc,自家用,自家用,損傷なし,負傷,33.95065583,130.9262664,土曜,その他
岩国,73,負傷,0,2,国道188号,岩国市,2023,4,22,12,2,2昼,晴,市街地,舗装　乾燥,交差点付近,施設なし,対象外当事者,対象外当事者,対象外当事者,対象外当事者,単路　5.5m以上,直路,単独（交差点付近を含む）,規制なし,車両相互,55～64歳,55～64歳,普通乗用,軽乗用,自家用,自家用,損傷なし,負傷,34.09005194,132.2072461,土曜,その他
萩,14,負傷,0,1,一般の交通の用に供するその他の道路,萩市,2023,4,22,16,2,2昼,晴,市街地,舗装　乾燥,その他,施設なし,対象外当事者,対象外当事者,対象外当事者,対象外当事者,一般交通の場所,一般交通の場所,単独（交差点付近を含む）,規制なし,車両相互,45～54歳,75歳以上,普通乗用,軽貨物,自家用,自家用,負傷,損傷なし,34.40338111,131.4023242,土曜,その他
防府,65,負傷,0,1,市道,防府市,2023,4,22,17,25,2昼,晴,市街地,舗装　乾燥,交差点,施設なし,標識　規制なし,表示なし,標識　規制なし,表示なし,交差点　中　中,直路,交差点内,規制なし,車両相互,01～24歳,01～24歳,軽乗用,軽乗用,自家用,自家用,損傷なし,負傷,34.03324028,131.5742961,土曜,その他
岩国,87,負傷,0,1,国道２号,和木町,2023,4,22,21,24,5夜,晴,市街地,舗装　乾燥,直路,点灯３灯式,対象外当事者,対象外当事者,対象外当事者,対象外当事者,単路　5.5m以上,直路,単独（交差点付近を含む）,規制なし,車両相互,55～64歳,35～44歳,軽貨物,軽二輪　126～250cc,自家用,自家用,損傷なし,負傷,34.20467694,132.2295075,土曜,その他
長府,49,負傷,0,1,県道,下関市,2023,4,22,22,40,5夜,晴,非市街地,舗装　乾燥,直路,施設なし,対象外当事者,対象外当事者,対象外当事者,対象外当事者,単路　5.5m以上,直路,単独（交差点付近を含む）,規制なし,車両相互,25～34歳,45～54歳,普通乗用,自転車,自家用,自転車,損傷なし,負傷,34.16153806,131.0545186,土曜,その他
宇部,106,負傷,0,1,県道,宇部市,2023,4,23,7,57,2昼,晴,市街地,舗装　乾燥,交差点,点灯３灯式,標識　規制なし,表示なし,標識　規制なし,表示なし,交差点　大　大,直路,交差点内,規制なし,車両相互,01～24歳,25～34歳,軽乗用,軽乗用,自家用,自家用,損傷なし,負傷,33.96406944,131.3053744,日曜,その他
山口南,41,負傷,0,5,県道,山口市,2023,4,23,15,34,2昼,曇,非市街地,舗装　乾燥,交差点,施設なし,標識　規制なし,表示なし,標識　規制なし,表示なし,交差点　大　中,直路,交差点内,規制なし,車両相互,45～54歳,55～64歳,普通乗用,普通乗用,自家用,自家用,負傷,負傷,34.00971278,131.3724031,日曜,その他
宇部,110,負傷,0,2,国道２号,宇部市,2023,4,23,18,52,4夜暮,曇,非市街地,舗装　乾燥,直路,施設なし,対象外当事者,対象外当事者,対象外当事者,対象外当事者,単路　9.0m以上,直路,単独（交差点付近を含む）,規制なし,車両相互,45～54歳,25～34歳,普通乗用,軽乗用,自家用,自家用,負傷,損傷なし,34.04371,131.2800103,日曜,その他
長門,16,負傷,0,1,国道316号,長門市,2023,4,23,21,44,5夜,晴,非市街地,舗装　乾燥,交差点,施設なし,標識　規制なし,表示なし,標識　規制なし,表示あり,交差点　中　小,直路,交差点内,規制なし,車両相互,45～54歳,45～54歳,軽乗用,軽貨物,自家用,自家用,負傷,損傷なし,34.350375,131.1770144,日曜,その他
防府,72,負傷,0,1,国道262号,防府市,2023,4,24,8,11,2昼,曇,非市街地,舗装　乾燥,その他,施設なし,対象外当事者,対象外当事者,対象外当事者,対象外当事者,単路　9.0m以上,直路,単独（交差点付近を含む）,規制なし,車両相互,01～24歳,65～74歳,準中型貨物,普通乗用,自家用,自家用,損傷なし,負傷,34.09850889,131.5416289,月曜,その他
下関,105,負傷,0,1,市道,下関市,2023,4,24,8,15,2昼,曇,市街地,舗装　乾燥,交差点,施設なし,標識　標準　反射式,表示なし,標識　規制なし,表示なし,交差点　中　中,直路,交差点内,規制なし,車両相互,55～64歳,01～24歳,普通乗用,普通乗用,自家用,自家用,損傷なし,負傷,34.04800167,130.9211436,月曜,その他
山口,65,負傷,0,1,県道,山口市,2023,4,24,9,9,2昼,曇,市街地,舗装　乾燥,交差点,点灯３灯式,標識　規制なし,表示あり,標識　規制なし,表示あり,交差点　中　小,直路,単独（交差点付近を含む）,規制なし,車両相互,01～24歳,55～64歳,軽乗用,軽貨物,自家用,自家用,損傷なし,負傷,34.14573444,131.4600933,月曜,その他
山陽小野田,43,負傷,0,1,県道,山陽小野田市,2023,4,24,9,35,2昼,曇,非市街地,舗装　乾燥,交差点,施設なし,標識　標準　反射式,表示あり,標識　規制なし,表示なし,交差点　大　中,直路,交差点内,規制なし,車両相互,65～74歳,75歳以上,普通乗用,自転車,自家用,自転車,損傷なし,負傷,33.99549694,131.1808519,月曜,その他
山陽小野田,46,負傷,0,1,市道,山陽小野田市,2023,4,24,17,26,2昼,雨,非市街地,舗装　湿潤,交差点,施設なし,標識　規制なし,表示なし,標識　規制なし,表示なし,交差点　中　小,直路,交差点内,規制なし,車両相互,35～44歳,01～24歳,普通貨物,自転車,自家用,自転車,損傷なし,負傷,34.00366722,131.1640633,月曜,その他
宇部,108,負傷,0,1,県道,宇部市,2023,4,25,7,40,2昼,雨,非市街地,舗装　湿潤,直路,施設なし,対象外当事者,対象外当事者,対象外当事者,対象外当事者,単路　5.5m以上,直路,単独（交差点付近を含む）,規制なし,車両相互,01～24歳,35～44歳,普通乗用,普通乗用,自家用,自家用,損傷なし,負傷,34.01707417,131.2843633,火曜,その他
長府,45,負傷,0,1,私道,下関市,2023,4,25,9,48,2昼,雨,市街地,舗装　湿潤,直路,施設なし,対象外当事者,対象外当事者,対象外当事者,対象外当事者,単路　3.5m以上,直路,単独（交差点付近を含む）,規制なし,車両相互,65～74歳,25～34歳,普通乗用,普通乗用,自家用,自家用,損傷なし,負傷,34.11980444,131.0361917,火曜,その他
宇部,109,負傷,0,1,国道490号,宇部市,2023,4,25,10,15,2昼,雨,市街地,舗装　湿潤,直路,施設なし,対象外当事者,対象外当事者,対象外当事者,対象外当事者,単路　13.0m以上,直路,単独（交差点付近を含む）,規制なし,車両相互,65～74歳,25～34歳,普通乗用,軽貨物,自家用,事業用,負傷,損傷なし,33.95770944,131.2596686,火曜,その他
宇部,104,負傷,0,1,国道190号,宇部市,2023,4,25,16,56,2昼,雨,市街地,舗装　乾燥,直路,施設なし,対象外当事者,対象外当事者,対象外当事者,対象外当事者,単路　13.0m以上,直路,単独（交差点付近を含む）,規制なし,車両相互,25～34歳,01～24歳,普通乗用,軽乗用,自家用,自家用,負傷,損傷なし,33.95765917,131.3099111,火曜,その他
下関,124,負傷,0,1,国道２号,下関市,2023,4,25,17,13,2昼,雨,市街地,舗装　湿潤,交差点,施設なし,標識　標準　反射式,表示あり,標識　標準　反射式,表示あり,交差点　小　小,直路,交差点内,規制なし,車両相互,25～34歳,45～54歳,普通乗用,軽貨物,自家用,自家用,損傷なし,負傷,33.99896778,130.9610622,火曜,その他
高速隊,27,負傷,0,2,宇部有料,山口市,2023,4,25,18,25,3昼暮,雨,市街地,舗装　湿潤,直路,施設なし,対象外当事者,対象外当事者,対象外当事者,対象外当事者,単路　5.5m以上,直路,単独（交差点付近を含む）,規制なし,車両相互,01～24歳,01～24歳,普通乗用,軽乗用,自家用,自家用,負傷,損傷なし,34.05388944,131.3511733,火曜,その他
宇部,111,負傷,0,1,国道190号,宇部市,2023,4,25,19,53,4夜暮,雨,市街地,舗装　湿潤,直路,施設なし,対象外当事者,対象外当事者,対象外当事者,対象外当事者,単路　19.5m以上,直路,単独（交差点付近を含む）,規制なし,車両相互,55～64歳,01～24歳,軽乗用,軽乗用,自家用,自家用,損傷なし,負傷,33.97539806,131.2230528,火曜,その他
岩国,75,負傷,0,1,国道２号,岩国市,2023,4,25,20,7,5夜,雨,市街地,舗装　湿潤,交差点,点灯３灯式,標識　規制なし,表示あり,標識　規制なし,表示あり,交差点　中　小,直路,交差点内,規制なし,車両相互,55～64歳,25～34歳,普通乗用,軽乗用,自家用,自家用,損傷なし,損傷なし,34.17128361,132.2151075,火曜,その他
周南,71,負傷,0,1,その他,周南市,2023,4,26,5,58,1昼明,晴,市街地,舗装　乾燥,その他,施設なし,対象外当事者,対象外当事者,対象外当事者,対象外当事者,一般交通の場所,一般交通の場所,単独（交差点付近を含む）,規制なし,人対車両,45～54歳,75歳以上,普通乗用,歩行者,自家用,対象外当事者,損傷なし,負傷,34.06674917,131.7990633,水曜,その他
下関,100,負傷,0,1,国道191号,下関市,2023,4,26,14,3,2昼,晴,市街地,舗装　乾燥,直路,施設なし,対象外当事者,対象外当事者,対象外当事者,対象外当事者,単路　3.5m以上,直路,単独（交差点付近を含む）,規制なし,車両相互,35～44歳,45～54歳,普通乗用,普通乗用,自家用,自家用,損傷なし,負傷,33.97488556,130.9177106,水曜,その他
光,27,負傷,0,1,県道,光市,2023,4,26,17,45,2昼,晴,非市街地,舗装　乾燥,直路,施設なし,対象外当事者,対象外当事者,対象外当事者,対象外当事者,単路　3.5m以上,直路,単独（交差点付近を含む）,規制なし,車両相互,65～74歳,45～54歳,軽乗用,軽乗用,自家用,自家用,損傷なし,負傷,33.98696361,131.9597619,水曜,その他
光,28,負傷,0,1,国道188号,光市,2023,4,26,18,43,3昼暮,晴,市街地,舗装　乾燥,直路,施設なし,対象外当事者,対象外当事者,対象外当事者,対象外当事者,単路　5.5m以上,直路,単独（交差点付近を含む）,規制なし,車両相互,65～74歳,01～24歳,軽乗用,軽乗用,自家用,自家用,損傷なし,負傷,33.97206861,131.92285,水曜,その他
長門,15,負傷,0,1,国道191号,長門市,2023,4,27,7,45,2昼,晴,非市街地,舗装　乾燥,直路,点灯３灯式,対象外当事者,対象外当事者,対象外当事者,対象外当事者,単路　5.5m以上,直路,単独（交差点付近を含む）,規制なし,車両相互,75歳以上,01～24歳,軽乗用,軽乗用,自家用,自家用,損傷なし,負傷,34.3758225,131.1973936,木曜,その他
下関,109,負傷,0,1,県道,下関市,2023,4,27,8,21,2昼,晴,市街地,舗装　乾燥,交差点付近,施設なし,対象外当事者,対象外当事者,対象外当事者,対象外当事者,単路　9.0m以上,直路,単独（交差点付近を含む）,規制なし,車両相互,45～54歳,35～44歳,普通貨物,軽貨物,自家用,自家用,負傷,損傷なし,34.00461528,130.9507139,木曜,その他
長府,47,負傷,0,2,市道,下関市,2023,4,27,16,55,2昼,晴,市街地,舗装　乾燥,直路,施設なし,対象外当事者,対象外当事者,対象外当事者,対象外当事者,単路　5.5m以上,直路,単独（交差点付近を含む）,規制なし,車両相互,35～44歳,35～44歳,普通乗用,軽乗用,自家用,自家用,負傷,損傷なし,34.02606472,131.0058556,木曜,その他
宇部,114,負傷,0,1,市道,宇部市,2023,4,27,17,34,2昼,晴,市街地,舗装　乾燥,交差点,施設なし,標識　標準　反射式,表示なし,標識　規制なし,表示なし,交差点　中　中,直路,交差点内,規制なし,車両相互,55～64歳,01～24歳,軽乗用,原付二種　51～125cc,自家用,自家用,損傷なし,負傷,33.95453167,131.2466044,木曜,その他
下松,43,負傷,0,1,県道,下松市,2023,4,27,20,14,5夜,晴,市街地,舗装　乾燥,交差点,点灯３灯式,標識　規制なし,表示なし,標識　規制なし,表示なし,交差点　中　中,直路,交差点内,規制なし,車両相互,01～24歳,45～54歳,普通乗用,原付一種,自家用,自家用,損傷なし,負傷,33.99953667,131.8728269,木曜,その他
下関,103,負傷,0,1,国道９号,下関市,2023,4,28,9,51,2昼,晴,市街地,舗装　乾燥,交差点,施設なし,標識　規制なし,表示なし,標識　規制なし,表示なし,交差点　大　小,直路,交差点内,規制なし,車両相互,65～74歳,55～64歳,普通乗用,軽乗用,自家用,自家用,負傷,損傷なし,33.95792944,130.9469425,金曜,前日
岩国,78,負傷,0,1,国道188号,岩国市,2023,4,28,10,27,2昼,晴,市街地,舗装　乾燥,直路,施設なし,対象外当事者,対象外当事者,対象外当事者,対象外当事者,単路　5.5m以上,直路,単独（交差点付近を含む）,規制なし,車両相互,65～74歳,75歳以上,軽乗用,軽二輪　126～250cc,自家用,自家用,損傷なし,負傷,34.14080222,132.2102778,金曜,前日
周南,74,負傷,0,1,国道２号,周南市,2023,4,28,11,45,2昼,晴,市街地,舗装　乾燥,直路,施設なし,対象外当事者,対象外当事者,対象外当事者,対象外当事者,単路　5.5m以上,直路,単独（交差点付近を含む）,規制なし,車両相互,55～64歳,75歳以上,大型貨物,普通乗用,事業用,自家用,負傷,損傷なし,34.05600056,131.8194581,金曜,前日
周南,78,負傷,0,1,国道２号,周南市,2023,4,28,11,45,2昼,晴,市街地,舗装　乾燥,直路,施設なし,対象外当事者,対象外当事者,対象外当事者,対象外当事者,単路　13.0m以上,直路,単独（交差点付近を含む）,規制なし,車両相互,75歳以上,55～64歳,普通乗用,普通乗用,自家用,自家用,損傷なし,負傷,34.05574639,131.8198942,金曜,前日
周南,77,負傷,0,1,県道,周南市,2023,4,28,12,35,2昼,晴,市街地,舗装　乾燥,交差点付近,点灯３灯式,対象外当事者,対象外当事者,対象外当事者,対象外当事者,単路　9.0m以上,カーブ右,単独（交差点付近を含む）,規制なし,車両相互,75歳以上,25～34歳,普通乗用,原付二種　51～125cc,自家用,自家用,損傷なし,負傷,34.04520028,131.8138214,金曜,前日
高速隊,28,負傷,0,2,高速道路,山口市,2023,4,28,17,4,2昼,晴,非市街地,舗装　乾燥,その他,施設なし,対象外当事者,対象外当事者,対象外当事者,対象外当事者,単路　5.5m以上,カーブ左,単独（交差点付近を含む）,規制なし,車両相互,45～54歳,45～54歳,大型乗用,大型乗用,事業用,事業用,損傷なし,損傷なし,34.101045,131.45103,金曜,前日
高速隊,29,負傷,0,1,高速道路,山口市,2023,4,28,17,4,2昼,晴,非市街地,舗装　乾燥,その他,施設なし,対象外当事者,対象外当事者,対象外当事者,対象外当事者,単路　5.5m以上,カーブ左,単独（交差点付近を含む）,規制なし,車両相互,45～54歳,45～54歳,大型乗用,大型貨物,事業用,事業用,損傷なし,損傷なし,34.10084583,131.4511028,金曜,前日
下関,104,負傷,0,1,市道,下関市,2023,4,28,17,22,2昼,晴,市街地,舗装　乾燥,交差点付近,点灯３灯式,対象外当事者,対象外当事者,対象外当事者,対象外当事者,単路　5.5m以上,直路,単独（交差点付近を含む）,規制なし,人対車両,25～34歳,75歳以上,普通乗用,歩行者,自家用,対象外当事者,損傷なし,負傷,34.00615111,130.9379211,金曜,前日
山口南,42,負傷,0,1,国道９号,山口市,2023,4,28,17,43,2昼,晴,市街地,舗装　乾燥,直路,点灯３灯式,対象外当事者,対象外当事者,対象外当事者,対象外当事者,単路　3.5m以上,直路,単独（交差点付近を含む）,規制なし,車両相互,45～54歳,45～54歳,普通乗用,軽乗用,自家用,自家用,損傷なし,負傷,34.10916806,131.3990286,金曜,前日
下松,37,負傷,0,1,市道,下松市,2023,4,28,17,51,2昼,晴,市街地,舗装　乾燥,カーブ,施設なし,対象外当事者,対象外当事者,対象外当事者,対象外当事者,単路　3.5m以上,カーブ右,単独（交差点付近を含む）,規制なし,車両相互,25～34歳,25～34歳,軽乗用,軽乗用,自家用,自家用,損傷なし,負傷,34.03584,131.8607558,金曜,前日
防府,66,負傷,0,1,その他,防府市,2023,4,29,8,46,2昼,雨,市街地,舗装　湿潤,その他,施設なし,対象外当事者,対象外当事者,対象外当事者,対象外当事者,一般交通の場所,一般交通の場所,単独（交差点付近を含む）,規制なし,車両相互,35～44歳,45～54歳,普通乗用,普通乗用,自家用,自家用,損傷なし,負傷,34.05128917,131.5672122,土曜,当日
山陽小野田,52,負傷,0,1,国道190号,山陽小野田市,2023,4,29,12,31,2昼,雨,非市街地,舗装　湿潤,交差点付近,点灯３灯式,対象外当事者,対象外当事者,対象外当事者,対象外当事者,単路　9.0m以上,直路,単独（交差点付近を含む）,規制なし,車両相互,45～54歳,55～64歳,準中型貨物,普通乗用,自家用,自家用,損傷なし,負傷,34.04343333,131.0701067,土曜,当日
長府,48,負傷,0,1,国道491号,下関市,2023,4,29,17,46,2昼,雨,市街地,舗装　湿潤,直路,施設なし,対象外当事者,対象外当事者,対象外当事者,対象外当事者,単路　9.0m以上,直路,単独（交差点付近を含む）,規制なし,車両相互,35～44歳,75歳以上,普通乗用,軽乗用,自家用,自家用,負傷,損傷なし,34.04399333,131.0147106,土曜,当日
高速隊,23,負傷,0,2,高速道路,下関市,2023,4,29,17,58,3昼暮,雨,非市街地,舗装　湿潤,カーブ,施設なし,対象外当事者,対象外当事者,対象外当事者,対象外当事者,単路　5.5m以上,カーブ右,単独（交差点付近を含む）,規制なし,車両相互,55～64歳,01～24歳,普通乗用,軽乗用,自家用,自家用,損傷なし,負傷,34.01504111,130.9563325,土曜,当日
光,29,負傷,0,1,国道188号,光市,2023,4,30,8,9,2昼,晴,非市街地,舗装　乾燥,直路,施設なし,対象外当事者,対象外当事者,対象外当事者,対象外当事者,単路　5.5m以上,直路,単独（交差点付近を含む）,規制なし,車両相互,75歳以上,01～24歳,軽乗用,自転車,自家用,自転車,損傷なし,負傷,33.93567833,131.9700914,日曜,その他
岩国,79,負傷,0,1,市道,岩国市,2023,4,30,12,8,2昼,晴,市街地,舗装　乾燥,交差点,施設なし,標識　規制なし,表示あり,標識　標準　反射式,表示あり,交差点　中　小,直路,交差点内,ゾーン３０,車両相互,25～34歳,65～74歳,普通乗用,軽貨物,自家用,自家用,損傷なし,負傷,34.1690625,132.2200044,日曜,その他
宇部,123,負傷,0,1,県道,宇部市,2023,4,30,12,55,2昼,晴,非市街地,舗装　乾燥,交差点,点灯３灯式,標識　規制なし,表示なし,標識　規制なし,表示なし,交差点　大　大,直路,交差点内,規制なし,車両相互,25～34歳,45～54歳,軽乗用,軽乗用,自家用,自家用,損傷なし,負傷,33.9870575,131.2907531,日曜,その他
下関,127,負傷,0,3,県道,下関市,2023,4,30,17,21,2昼,晴,市街地,舗装　乾燥,カーブ,施設なし,対象外当事者,対象外当事者,対象外当事者,対象外当事者,単路　5.5m以上,カーブ左,単独（交差点付近を含む）,規制なし,車両相互,25～34歳,25～34歳,普通乗用,軽貨物,自家用,自家用,負傷,損傷なし,33.96716972,130.9150256,日曜,その他
防府,68,負傷,0,1,国道２号,防府市,2023,4,30,17,26,2昼,晴,非市街地,舗装　乾燥,交差点,施設なし,標識　規制なし,表示なし,標識　規制なし,表示なし,交差点　中　小,直路,交差点内,規制なし,車両相互,65～74歳,45～54歳,軽貨物,自転車,自家用,自転車,損傷なし,負傷,34.04760083,131.5059828,日曜,その他
周南,75,負傷,0,1,国道２号,周南市,2023,4,30,19,50,4夜暮,晴,非市街地,舗装　乾燥,交差点,点灯３灯式,標識　規制なし,表示なし,標識　規制なし,表示なし,交差点　大　中,直路,交差点内,規制なし,車両相互,55～64歳,01～24歳,普通乗用,駆動補助装置付自転車,自家用,自転車,損傷なし,負傷,34.06540889,131.8003528,日曜,その他
山口南,38,負傷,0,1,県道,山口市,2023,5,1,2,13,5夜,晴,非市街地,舗装　乾燥,直路,施設なし,対象外当事者,対象外当事者,対象外当事者,対象外当事者,単路　5.5m以上,直路,単独（交差点付近を含む）,規制なし,車両相互,45～54歳,35～44歳,準中型貨物,普通乗用,自家用,自家用,損傷なし,負傷,34.03172139,131.4073853,月曜,その他
宇部,115,負傷,0,1,市道,宇部市,2023,5,1,12,4,2昼,晴,市街地,舗装　乾燥,直路,施設なし,対象外当事者,対象外当事者,対象外当事者,対象外当事者,単路　13.0m以上,直路,単独（交差点付近を含む）,規制なし,車両相互,25～34歳,65～74歳,普通乗用,普通貨物,自家用,自家用,損傷なし,負傷,33.94005194,131.2529433,月曜,その他
宇部,182,負傷,0,2,国道190号,宇部市,2023,5,2,8,55,2昼,晴,市街地,舗装　乾燥,交差点,点灯押ボ式,標識　標準　反射式,表示あり,標識　規制なし,表示なし,交差点　中　小,直路,交差点内,規制なし,車両相互,25～34歳,45～54歳,普通乗用,普通乗用,自家用,自家用,損傷なし,負傷,33.97716667,131.210525,火曜,前日
周南,96,負傷,0,1,国道489号,周南市,2023,5,2,9,30,2昼,晴,市街地,舗装　乾燥,交差点,点灯押ボ式,標識　規制なし,表示あり,標識　規制なし,表示あり,交差点　小　小,カーブ左,交差点内,規制なし,車両相互,65～74歳,25～34歳,中型乗用,小型二輪　401～750cc,自家用,自家用,損傷なし,負傷,34.08540028,131.7658089,火曜,前日
山口南,82,負傷,0,1,一般の交通の用に供するその他の道路,山口市,2023,5,2,10,13,2昼,晴,市街地,舗装　乾燥,その他,施設なし,対象外当事者,対象外当事者,対象外当事者,対象外当事者,一般交通の場所,一般交通の場所,単独（交差点付近を含む）,ゾーン３０,車両相互,65～74歳,35～44歳,普通乗用,軽貨物,自家用,自家用,負傷,損傷なし,34.10233611,131.3976867,火曜,前日
下松,36,負傷,0,1,国道２号,下松市,2023,5,2,12,49,2昼,晴,市街地,舗装　乾燥,直路,点灯３灯式,対象外当事者,対象外当事者,対象外当事者,対象外当事者,単路　5.5m以上,直路,単独（交差点付近を含む）,規制なし,車両相互,45～54歳,45～54歳,普通乗用,普通乗用,自家用,自家用,損傷なし,負傷,34.03278611,131.8684392,火曜,前日
防府,67,負傷,0,1,県道,防府市,2023,5,2,14,26,2昼,晴,市街地,舗装　乾燥,交差点,点灯３灯式,標識　規制なし,表示なし,対象外当事者,対象外当事者,交差点　中　中,直路,交差点内,規制なし,人対車両,75歳以上,75歳以上,普通乗用,歩行者,事業用,対象外当事者,損傷なし,負傷,34.03519972,131.57151,火曜,前日
宇部,121,負傷,0,1,市道,宇部市,2023,5,2,15,29,2昼,晴,市街地,舗装　乾燥,交差点,施設なし,標識　規制なし,表示なし,標識　標準　反射式,表示あり,交差点　中　小,直路,交差点内,ゾーン３０,車両相互,55～64歳,55～64歳,軽貨物,駆動補助装置付自転車,自家用,自転車,損傷なし,負傷,33.94493556,131.2523628,火曜,前日
柳井,46,負傷,0,1,市道,柳井市,2023,5,2,19,55,4夜暮,晴,市街地,舗装　乾燥,交差点付近,施設なし,対象外当事者,対象外当事者,対象外当事者,対象外当事者,単路　5.5m以上,直路,単独（交差点付近を含む）,規制なし,人対車両,65～74歳,65～74歳,軽貨物,歩行者,自家用,対象外当事者,損傷なし,負傷,33.96602806,132.1158608,火曜,前日
高速隊,25,負傷,0,9,高速道路,岩国市,2023,5,3,8,10,2昼,晴,市街地,舗装　乾燥,橋,施設なし,対象外当事者,対象外当事者,対象外当事者,対象外当事者,単路　3.5m以上,直路,単独（交差点付近を含む）,規制なし,車両相互,55～64歳,45～54歳,普通乗用,普通乗用,自家用,自家用,損傷なし,負傷,34.22514833,132.2039058,水曜,当日