警察署,本票番号,事故内容,死者数,負傷者数,路線,市町村名,発生日時　　年,発生日時　　月,発生日時　　日,発生日時　　時,発生日時　　分,昼夜,天候,地形,路面状態,道路形状,信号機,一時停止規制標識（当事者A）,一時停止規制表示（当事者A）,一時停止規制標識（当事者B）,一時停止規制表示（当事者B）,車道幅員,道路線形,衝突地点,ゾーン規制,事故類型,年齢（当事者A）,年齢（当事者B）,当事者種別（当事者A）,当事者種別（当事者B）,用途別（当事者A）,用途別（当事者B）,人身損傷程度（当事者A）,人身損傷程度（当事者B）,緯度,経度,曜日,祝日
防府,70,負傷,0,1,市道,防府市,2023,5,3,9,38,2昼,晴,市街地,舗装　乾燥,直路,施設なし,対象外当事者,対象外当事者,対象外当事者,対象外当事者,単路　3.5m未満,直路,単独（交差点付近を含む）,規制なし,車両相互,55～64歳,01～24歳,普通乗用,軽二輪　126～250cc,自家用,自家用,負傷,損傷なし,34.03554389,131.5669497,水曜,当日
高速隊,19,負傷,0,1,高速道路,岩国市,2023,5,3,11,40,2昼,晴,非市街地,舗装　乾燥,その他,施設なし,対象外当事者,対象外当事者,対象外当事者,対象外当事者,単路　5.5m以上,直路,単独（交差点付近を含む）,規制なし,車両相互,45～54歳,65～74歳,大型貨物,軽乗用,事業用,自家用,負傷,損傷なし,34.16522139,132.1568411,水曜,当日
下関,121,負傷,0,2,一般の交通の用に供するその他の道路,下関市,2023,5,3,11,43,2昼,晴,市街地,舗装　乾燥,その他,施設なし,対象外当事者,対象外当事者,対象外当事者,対象外当事者,一般交通の場所,一般交通の場所,単独（交差点付近を含む）,規制なし,車両相互,01～24歳,01～24歳,普通乗用,軽乗用,自家用,自家用,負傷,損傷なし,33.95880722,130.9445006,水曜,当日
周南,76,負傷,0,2,国道２号,周南市,2023,5,4,10,32,2昼,晴,非市街地,舗装　乾燥,直路,施設なし,対象外当事者,対象外当事者,対象外当事者,対象外当事者,単路　5.5m以上,直路,単独（交差点付近を含む）,規制なし,車両相互,01～24歳,45～54歳,軽乗用,軽乗用,自家用,自家用,損傷なし,負傷,34.07060361,131.6727167,木曜,当日
山口,66,死亡,1,0,県道,山口市,2023,5,4,13,7,2昼,曇,非市街地,舗装　乾燥,交差点付近,施設なし,対象外当事者,対象外当事者,対象外当事者,対象外当事者,単路　5.5m以上,カーブ左,単独（交差点付近を含む）,規制なし,車両単独,55～64歳,不明,小型二輪　751cc以上,物件等,自家用,対象外当事者,死亡,対象外当事者,34.34412778,131.7164369,木曜,当日
下関,111,負傷,0,3,県道,下関市,2023,5,4,13,10,2昼,晴,市街地,舗装　乾燥,その他,施設なし,対象外当事者,対象外当事者,対象外当事者,対象外当事者,単路　9.0m以上,直路,単独（交差点付近を含む）,規制なし,車両相互,25～34歳,35～44歳,普通乗用,普通乗用,自家用,自家用,損傷なし,負傷,33.97289222,130.9460564,木曜,当日
周南,80,負傷,0,1,市道,周南市,2023,5,4,14,47,2昼,曇,市街地,舗装　乾燥,交差点,点灯押ボ式,標識　規制なし,表示なし,標識　規制なし,表示なし,交差点　大　中,直路,交差点内,規制なし,車両相互,25～34歳,01～24歳,普通貨物,軽乗用,自家用,自家用,損傷なし,負傷,34.05649972,131.8287961,木曜,当日
山口,69,負傷,0,3,県道,山口市,2023,5,4,15,14,2昼,晴,市街地,舗装　乾燥,交差点付近,施設なし,対象外当事者,対象外当事者,対象外当事者,対象外当事者,単路　5.5m以上,直路,単独（交差点付近を含む）,規制なし,車両相互,25～34歳,01～24歳,普通乗用,軽乗用,自家用,自家用,負傷,損傷なし,34.15713944,131.4952361,木曜,当日
下関,113,負傷,0,2,県道,下関市,2023,5,5,10,55,2昼,晴,市街地,舗装　乾燥,その他,施設なし,対象外当事者,対象外当事者,対象外当事者,対象外当事者,単路　9.0m以上,直路,単独（交差点付近を含む）,規制なし,車両相互,35～44歳,25～34歳,普通乗用,軽乗用,自家用,自家用,負傷,損傷なし,33.97269639,130.9457753,金曜,当日
柳井,48,負傷,0,1,町道,周防大島町,2023,5,5,11,50,2昼,曇,非市街地,舗装　乾燥,カーブ,施設なし,対象外当事者,対象外当事者,対象外当事者,対象外当事者,単路　5.5m以上,カーブ右,単独（交差点付近を含む）,規制なし,車両単独,75歳以上,不明,軽貨物,相手なし,自家用,対象外当事者,負傷,対象外当事者,33.93020694,132.4265703,金曜,当日
宇部,134,負傷,0,1,国道190号,宇部市,2023,5,5,15,4,2昼,晴,市街地,舗装　乾燥,交差点,施設なし,標識　規制なし,表示なし,標識　規制なし,表示なし,交差点　大　中,直路,交差点内,規制なし,車両相互,55～64歳,01～24歳,普通乗用,軽乗用,自家用,自家用,損傷なし,負傷,33.97670278,131.1884083,金曜,当日
宇部,127,負傷,0,1,県道,宇部市,2023,5,5,16,31,2昼,晴,市街地,舗装　乾燥,交差点付近,点灯３灯式,対象外当事者,対象外当事者,対象外当事者,対象外当事者,単路　13.0m以上,直路,単独（交差点付近を含む）,規制なし,車両相互,65～74歳,75歳以上,普通乗用,普通乗用,自家用,自家用,損傷なし,負傷,33.97259139,131.2987067,金曜,当日
萩,19,負傷,0,4,国道262号,萩市,2023,5,6,8,26,2昼,雨,非市街地,舗装　湿潤,交差点,点灯３灯式,標識　規制なし,表示なし,標識　規制なし,表示なし,交差点　中　中,直路,交差点内,規制なし,車両相互,55～64歳,25～34歳,普通乗用,普通乗用,自家用,自家用,負傷,負傷,34.32909361,131.4056378,土曜,その他
岩国,86,負傷,0,2,県道,岩国市,2023,5,6,12,55,2昼,雨,非市街地,舗装　湿潤,直路,施設なし,対象外当事者,対象外当事者,対象外当事者,対象外当事者,単路　5.5m以上,直路,単独（交差点付近を含む）,規制なし,車両相互,35～44歳,65～74歳,軽乗用,軽貨物,自家用,自家用,負傷,損傷なし,34.13047194,132.1465828,土曜,その他
長府,51,負傷,0,1,県道,下関市,2023,5,6,13,40,2昼,雨,非市街地,舗装　湿潤,交差点,施設なし,標識　標準　反射式,表示あり,標識　規制なし,表示なし,交差点　中　小,直路,交差点内,規制なし,車両相互,45～54歳,75歳以上,普通乗用,普通乗用,自家用,自家用,損傷なし,負傷,34.24009444,131.1311278,土曜,その他
高速隊,20,負傷,0,1,高速道路,周南市,2023,5,6,18,50,3昼暮,雨,非市街地,舗装　湿潤,橋,施設なし,対象外当事者,対象外当事者,対象外当事者,対象外当事者,単路　5.5m以上,カーブ右,単独（交差点付近を含む）,規制なし,車両単独,01～24歳,不明,普通乗用,物件等,自家用,対象外当事者,損傷なし,対象外当事者,34.07225,131.6790833,土曜,その他
山口,77,負傷,0,1,国道262号,山口市,2023,5,6,19,40,4夜暮,雨,市街地,舗装　湿潤,直路,施設なし,対象外当事者,対象外当事者,対象外当事者,対象外当事者,単路　5.5m以上,直路,単独（交差点付近を含む）,規制なし,車両相互,65～74歳,35～44歳,普通乗用,軽乗用,自家用,自家用,損傷なし,負傷,34.1316375,131.5260297,土曜,その他
宇部,140,負傷,0,2,国道２号,宇部市,2023,5,6,20,32,5夜,雨,市街地,舗装　湿潤,交差点付近,点灯３灯式,対象外当事者,対象外当事者,対象外当事者,対象外当事者,単路　9.0m以上,直路,単独（交差点付近を含む）,規制なし,車両相互,01～24歳,01～24歳,普通乗用,普通乗用,自家用,自家用,損傷なし,負傷,34.04572583,131.2082975,土曜,その他
山口南,40,負傷,0,1,県道,山口市,2023,5,7,1,13,5夜,曇,非市街地,舗装　湿潤,直路,施設なし,対象外当事者,対象外当事者,対象外当事者,対象外当事者,単路　9.0m以上,直路,単独（交差点付近を含む）,規制なし,車両相互,45～54歳,45～54歳,普通乗用,普通乗用,事業用,自家用,損傷なし,損傷なし,34.02832111,131.4170372,日曜,その他
下関,108,負傷,0,1,市道,下関市,2023,5,7,7,58,2昼,雨,市街地,舗装　湿潤,直路,施設なし,対象外当事者,対象外当事者,対象外当事者,対象外当事者,単路　3.5m以上,直路,単独（交差点付近を含む）,規制なし,車両相互,35～44歳,25～34歳,軽乗用,軽二輪　126～250cc,自家用,自家用,損傷なし,負傷,33.95335167,130.9400817,日曜,その他
高速隊,21,負傷,0,2,高速道路,下関市,2023,5,7,15,10,2昼,雨,非市街地,舗装　湿潤,直路,施設なし,対象外当事者,対象外当事者,対象外当事者,対象外当事者,単路　9.0m以上,直路,単独（交差点付近を含む）,規制なし,車両相互,55～64歳,01～24歳,大型貨物,普通乗用,事業用,自家用,損傷なし,負傷,33.979795,130.9522936,日曜,その他
岩国,83,負傷,0,1,国道２号,岩国市,2023,5,7,17,40,2昼,雨,市街地,舗装　湿潤,交差点,点灯３灯式,標識　規制なし,表示あり,標識　規制なし,表示あり,交差点　中　中,直路,交差点内,規制なし,車両相互,65～74歳,45～54歳,普通乗用,軽乗用,自家用,自家用,損傷なし,負傷,34.09726472,132.0793936,日曜,その他
防府,69,負傷,0,1,県道,防府市,2023,5,8,8,50,2昼,晴,市街地,舗装　乾燥,交差点,施設なし,標識　規制なし,表示なし,標識　規制なし,表示なし,交差点　中　小,直路,交差点内,規制なし,車両相互,35～44歳,75歳以上,普通乗用,軽乗用,自家用,自家用,負傷,損傷なし,34.06933278,131.5494156,月曜,その他
周南,94,負傷,0,1,市道,周南市,2023,5,8,9,45,2昼,晴,市街地,舗装　乾燥,交差点,施設なし,標識　標準　反射式,表示あり,標識　規制なし,表示なし,交差点　中　小,直路,交差点内,規制なし,車両相互,55～64歳,75歳以上,軽乗用,原付一種,自家用,自家用,損傷なし,負傷,34.04668583,131.836555,月曜,その他
周南,84,負傷,0,1,市道,周南市,2023,5,8,12,9,2昼,晴,市街地,舗装　乾燥,直路,施設なし,対象外当事者,対象外当事者,対象外当事者,対象外当事者,単路　5.5m以上,直路,単独（交差点付近を含む）,規制なし,車両相互,35～44歳,65～74歳,普通貨物,自転車,自家用,自転車,損傷なし,負傷,34.04228694,131.8221289,月曜,その他
下関,134,負傷,0,1,県道,下関市,2023,5,8,12,30,2昼,晴,市街地,舗装　乾燥,交差点,施設なし,標識　規制なし,表示なし,対象外当事者,対象外当事者,交差点　小　小,直路,交差点内,規制なし,人対車両,25～34歳,55～64歳,普通乗用,歩行者,自家用,対象外当事者,損傷なし,負傷,33.95343333,130.9401144,月曜,その他
防府,76,負傷,0,1,県道,防府市,2023,5,9,4,18,6夜明,晴,市街地,舗装　乾燥,交差点,点灯３灯式,標識　規制なし,表示なし,標識　規制なし,表示なし,交差点　中　小,直路,交差点内,規制なし,車両相互,01～24歳,01～24歳,軽乗用,自転車,自家用,自転車,損傷なし,負傷,34.053555,131.5637156,火曜,その他
光,35,負傷,0,1,県道,光市,2023,5,9,8,14,2昼,晴,非市街地,舗装　乾燥,交差点,施設なし,標識　規制なし,表示なし,標識　標準　反射式,表示あり,交差点　中　小,直路,交差点内,規制なし,車両相互,45～54歳,65～74歳,普通乗用,軽乗用,自家用,自家用,負傷,損傷なし,33.99250333,131.9628217,火曜,その他
下関,149,負傷,0,1,市道,下関市,2023,5,9,8,22,2昼,晴,市街地,舗装　乾燥,交差点,施設なし,標識　規制なし,表示なし,対象外当事者,対象外当事者,交差点　小　小,直路,交差点内,規制なし,人対車両,75歳以上,75歳以上,普通乗用,歩行者,自家用,対象外当事者,損傷なし,負傷,33.96204111,130.9434389,火曜,その他
長府,50,負傷,0,1,国道491号,下関市,2023,5,9,9,43,2昼,晴,市街地,舗装　乾燥,直路,施設なし,対象外当事者,対象外当事者,対象外当事者,対象外当事者,単路　13.0m以上,直路,単独（交差点付近を含む）,規制なし,車両相互,75歳以上,55～64歳,普通貨物,軽乗用,自家用,自家用,損傷なし,損傷なし,34.05234806,131.0198336,火曜,その他
萩,15,負傷,0,1,県道,萩市,2023,5,9,11,45,2昼,晴,非市街地,舗装　乾燥,カーブ,施設なし,対象外当事者,対象外当事者,対象外当事者,対象外当事者,単路　5.5m以上,カーブ左,単独（交差点付近を含む）,規制なし,車両相互,65～74歳,65～74歳,軽貨物,軽貨物,自家用,自家用,損傷なし,負傷,34.44677,131.6020203,火曜,その他
山陽小野田,49,負傷,0,1,市道,山陽小野田市,2023,5,9,16,24,2昼,晴,非市街地,舗装　乾燥,直路,施設なし,対象外当事者,対象外当事者,対象外当事者,対象外当事者,単路　3.5m以上,直路,単独（交差点付近を含む）,規制なし,人対車両,25～34歳,01～24歳,軽乗用,歩行者,自家用,対象外当事者,損傷なし,負傷,34.03986111,131.09225,火曜,その他
下関,110,負傷,0,2,県道,下関市,2023,5,9,17,7,2昼,晴,市街地,舗装　乾燥,交差点,点灯３灯式,標識　規制なし,表示なし,標識　規制なし,表示なし,交差点　大　中,直路,交差点内,規制なし,車両相互,35～44歳,45～54歳,軽乗用,軽貨物,自家用,自家用,負傷,損傷なし,33.94550472,130.9181842,火曜,その他
岩国,80,負傷,0,1,市道,岩国市,2023,5,9,17,17,2昼,晴,市街地,舗装　乾燥,交差点,施設なし,標識　規制なし,表示なし,標識　規制なし,表示なし,交差点　小　小,直路,交差点内,規制なし,車両相互,55～64歳,01～24歳,軽乗用,自転車,自家用,自転車,損傷なし,負傷,34.15752,132.2102539,火曜,その他
下関,112,負傷,0,1,国道191号,下関市,2023,5,9,17,36,2昼,晴,市街地,舗装　乾燥,直路,施設なし,対象外当事者,対象外当事者,対象外当事者,対象外当事者,単路　5.5m以上,直路,単独（交差点付近を含む）,規制なし,車両相互,45～54歳,25～34歳,普通乗用,軽乗用,自家用,自家用,負傷,損傷なし,34.02362056,130.9157683,火曜,その他
山口,75,負傷,0,1,県道,山口市,2023,5,9,18,38,3昼暮,晴,非市街地,舗装　乾燥,直路,点灯３灯式,対象外当事者,対象外当事者,対象外当事者,対象外当事者,単路　5.5m以上,直路,単独（交差点付近を含む）,規制なし,車両相互,35～44歳,25～34歳,軽乗用,軽乗用,自家用,自家用,損傷なし,負傷,34.13754139,131.44018,火曜,その他
宇部,136,負傷,0,1,市道,宇部市,2023,5,10,8,0,2昼,晴,非市街地,舗装　乾燥,直路,施設なし,対象外当事者,対象外当事者,対象外当事者,対象外当事者,単路　3.5m以上,直路,単独（交差点付近を含む）,規制なし,人対車両,35～44歳,01～24歳,軽乗用,歩行者,自家用,対象外当事者,損傷なし,負傷,34.00658028,131.2205047,水曜,その他
山陽小野田,48,負傷,0,1,国道190号,山陽小野田市,2023,5,10,10,2,2昼,晴,非市街地,舗装　乾燥,直路,施設なし,対象外当事者,対象外当事者,対象外当事者,対象外当事者,単路　9.0m以上,直路,単独（交差点付近を含む）,規制なし,車両相互,01～24歳,35～44歳,普通乗用,普通貨物,自家用,自家用,損傷なし,負傷,34.02223639,131.1522808,水曜,その他
下関,118,負傷,0,1,国道191号,下関市,2023,5,10,10,15,2昼,晴,非市街地,舗装　乾燥,直路,施設なし,対象外当事者,対象外当事者,対象外当事者,対象外当事者,単路　5.5m以上,直路,単独（交差点付近を含む）,規制なし,車両相互,35～44歳,75歳以上,普通貨物,軽乗用,自家用,自家用,損傷なし,負傷,34.06094083,130.9115931,水曜,その他
周南,81,負傷,0,1,市道,周南市,2023,5,10,10,24,2昼,晴,市街地,舗装　乾燥,交差点付近,施設なし,対象外当事者,対象外当事者,対象外当事者,対象外当事者,単路　5.5m以上,直路,単独（交差点付近を含む）,規制なし,人対車両,25～34歳,65～74歳,軽二輪　126～250cc,歩行者,自家用,対象外当事者,損傷なし,負傷,34.04817917,131.8333203,水曜,その他
岩国,88,負傷,0,1,県道,岩国市,2023,5,10,11,5,2昼,晴,市街地,舗装　乾燥,直路,施設なし,対象外当事者,対象外当事者,対象外当事者,対象外当事者,単路　5.5m以上,直路,単独（交差点付近を含む）,規制なし,車両相互,75歳以上,75歳以上,軽乗用,自転車,自家用,自転車,損傷なし,負傷,34.16394583,132.1963625,水曜,その他
下関,129,負傷,0,1,一般の交通の用に供するその他の道路,下関市,2023,5,10,11,29,2昼,晴,非市街地,舗装　乾燥,その他,施設なし,対象外当事者,対象外当事者,対象外当事者,対象外当事者,一般交通の場所,一般交通の場所,単独（交差点付近を含む）,規制なし,車両相互,55～64歳,75歳以上,軽乗用,軽貨物,自家用,自家用,負傷,損傷なし,34.00635028,130.9326525,水曜,その他
柳井,50,負傷,0,1,国道437号,周防大島町,2023,5,10,12,37,2昼,晴,非市街地,舗装　乾燥,直路,施設なし,対象外当事者,対象外当事者,対象外当事者,対象外当事者,単路　9.0m以上,直路,単独（交差点付近を含む）,規制なし,車両相互,75歳以上,01～24歳,軽乗用,軽二輪　126～250cc,自家用,自家用,損傷なし,負傷,33.94785667,132.2698067,水曜,その他
下松,40,負傷,0,2,市道,下松市,2023,5,10,20,3,4夜暮,晴,市街地,舗装　乾燥,交差点付近,点滅１灯式,対象外当事者,対象外当事者,対象外当事者,対象外当事者,単路　5.5m以上,直路,単独（交差点付近を含む）,規制なし,車両相互,25～34歳,25～34歳,普通乗用,軽貨物,自家用,自家用,負傷,損傷なし,34.02405944,131.8629647,水曜,その他
光,46,負傷,0,1,市道,光市,2023,5,11,7,42,2昼,晴,市街地,舗装　乾燥,直路,施設なし,対象外当事者,対象外当事者,対象外当事者,対象外当事者,単路　5.5m以上,直路,単独（交差点付近を含む）,規制なし,車両相互,55～64歳,65～74歳,軽乗用,軽乗用,自家用,自家用,損傷なし,負傷,33.95215944,131.9541642,木曜,その他
周南,86,負傷,0,1,市道,周南市,2023,5,11,8,6,2昼,晴,非市街地,舗装　乾燥,交差点,施設なし,標識　標準　反射式,表示なし,標識　規制なし,表示なし,交差点　大　中,直路,交差点内,規制なし,車両相互,35～44歳,01～24歳,普通乗用,自転車,自家用,自転車,損傷なし,負傷,34.05688889,131.81,木曜,その他
柳井,64,負傷,0,1,国道188号,柳井市,2023,5,11,12,9,2昼,晴,市街地,舗装　乾燥,交差点,点灯３灯式,標識　規制なし,表示なし,標識　規制なし,表示なし,交差点　大　小,直路,交差点内,規制なし,車両相互,25～34歳,35～44歳,普通乗用,小型二輪　251～400cc,自家用,自家用,損傷なし,負傷,33.961005,132.1025519,木曜,その他
下関,119,負傷,0,1,市道,下関市,2023,5,11,13,50,2昼,晴,市街地,舗装　乾燥,交差点,施設なし,標識　規制なし,表示なし,標識　規制なし,表示なし,交差点　小　小,直路,交差点内,規制なし,車両相互,45～54歳,65～74歳,軽乗用,軽乗用,自家用,自家用,損傷なし,負傷,33.93993889,130.8972897,木曜,その他
山口,88,負傷,0,1,一般の交通の用に供するその他の道路,山口市,2023,5,11,14,27,2昼,晴,非市街地,舗装　乾燥,その他,施設なし,対象外当事者,対象外当事者,対象外当事者,対象外当事者,一般交通の場所,一般交通の場所,単独（交差点付近を含む）,規制なし,車両相互,65～74歳,55～64歳,軽乗用,軽乗用,自家用,自家用,損傷なし,損傷なし,34.19065083,131.6598119,木曜,その他
防府,85,負傷,0,1,県道,防府市,2023,5,11,15,28,2昼,晴,市街地,舗装　乾燥,交差点,点灯３灯式,標識　規制なし,表示なし,対象外当事者,対象外当事者,交差点　大　中,直路,交差点内,規制なし,人対車両,55～64歳,75歳以上,軽乗用,歩行者,自家用,対象外当事者,損傷なし,負傷,34.03658472,131.5699756,木曜,その他
防府,71,負傷,0,2,市道,防府市,2023,5,11,16,4,2昼,晴,市街地,舗装　乾燥,交差点,点滅１灯式,標識　規制なし,表示なし,標識　規制なし,表示なし,交差点　小　小,直路,交差点内,規制なし,車両相互,25～34歳,45～54歳,普通乗用,軽乗用,自家用,自家用,負傷,負傷,34.05811278,131.5926708,木曜,その他
周南,89,負傷,0,1,国道２号,周南市,2023,5,11,17,35,2昼,晴,市街地,舗装　乾燥,直路,施設なし,対象外当事者,対象外当事者,対象外当事者,対象外当事者,単路　5.5m以上,直路,単独（交差点付近を含む）,規制なし,車両相互,45～54歳,35～44歳,普通乗用,軽乗用,自家用,自家用,損傷なし,負傷,34.0795375,131.7189672,木曜,その他
周南,82,負傷,0,1,市道,周南市,2023,5,12,16,8,2昼,曇,市街地,舗装　乾燥,直路,施設なし,対象外当事者,対象外当事者,対象外当事者,対象外当事者,単路　9.0m以上,直路,単独（交差点付近を含む）,規制なし,人対車両,01～24歳,75歳以上,普通乗用,歩行者,自家用,対象外当事者,損傷なし,負傷,34.03816806,131.8436444,金曜,その他
山陽小野田,50,負傷,0,1,国道190号,山陽小野田市,2023,5,12,18,10,3昼暮,晴,非市街地,舗装　乾燥,直路,点灯３灯式,対象外当事者,対象外当事者,対象外当事者,対象外当事者,単路　13.0m以上,直路,単独（交差点付近を含む）,規制なし,車両相互,01～24歳,45～54歳,普通乗用,軽貨物,自家用,自家用,損傷なし,負傷,34.00980194,131.1701636,金曜,その他
長門,20,負傷,0,1,国道191号,長門市,2023,5,12,19,6,3昼暮,晴,市街地,舗装　乾燥,交差点,点灯３灯式,標識　規制なし,表示なし,標識　規制なし,表示なし,交差点　大　小,直路,交差点内,規制なし,車両相互,45～54歳,25～34歳,普通貨物,軽乗用,自家用,自家用,負傷,損傷なし,34.37307861,131.1876653,金曜,その他
長門,17,負傷,0,1,国道316号,長門市,2023,5,12,20,58,5夜,晴,非市街地,舗装　乾燥,交差点,施設なし,標識　規制なし,表示なし,標識　規制なし,表示なし,交差点　大　中,直路,交差点内,規制なし,車両相互,55～64歳,65～74歳,普通乗用,軽乗用,自家用,自家用,損傷なし,負傷,34.350375,131.1770144,金曜,その他
宇部,129,負傷,0,1,県道,宇部市,2023,5,13,7,3,2昼,雨,市街地,舗装　湿潤,交差点,施設なし,標識　規制なし,表示なし,標識　標準　反射式,表示あり,交差点　中　小,直路,交差点内,規制なし,車両相互,25～34歳,55～64歳,普通貨物,軽貨物,自家用,自家用,損傷なし,負傷,33.96436361,131.2509258,土曜,その他
山口,79,負傷,0,1,市道,山口市,2023,5,13,7,35,2昼,雨,非市街地,舗装　湿潤,交差点,施設なし,標識　規制なし,表示あり,標識　規制なし,表示あり,交差点　小　小,直路,交差点内,規制なし,車両相互,45～54歳,01～24歳,普通乗用,自転車,自家用,自転車,損傷なし,負傷,34.14951611,131.4369392,土曜,その他
山口,71,負傷,0,1,県道,山口市,2023,5,13,7,45,2昼,雨,市街地,舗装　湿潤,交差点,点灯３灯式,標識　規制なし,表示なし,標識　規制なし,表示なし,交差点　中　小,直路,交差点内,規制なし,車両相互,35～44歳,75歳以上,軽乗用,軽貨物,自家用,自家用,負傷,損傷なし,34.16801083,131.4584894,土曜,その他
防府,75,負傷,0,2,市道,防府市,2023,5,13,9,40,2昼,雨,市街地,舗装　湿潤,交差点,施設なし,標識　規制なし,表示なし,標識　規制なし,表示なし,交差点　小　小,直路,交差点内,規制なし,車両相互,01～24歳,45～54歳,軽乗用,軽乗用,自家用,自家用,損傷なし,負傷,34.05051639,131.5504403,土曜,その他
美祢,8,負傷,0,2,市道,美祢市,2023,5,13,11,46,2昼,雨,市街地,舗装　湿潤,交差点,施設なし,標識　規制なし,表示なし,標識　規制なし,表示なし,交差点　中　小,直路,交差点内,規制なし,車両相互,55～64歳,55～64歳,普通乗用,普通乗用,自家用,事業用,負傷,負傷,34.18112694,131.1976397,土曜,その他
防府,73,負傷,0,1,県道,防府市,2023,5,13,14,48,2昼,雨,市街地,舗装　湿潤,直路,施設なし,対象外当事者,対象外当事者,対象外当事者,対象外当事者,単路　9.0m以上,直路,単独（交差点付近を含む）,規制なし,車両相互,25～34歳,45～54歳,普通乗用,軽乗用,自家用,自家用,損傷なし,負傷,34.05973528,131.5610947,土曜,その他
下関,120,負傷,0,1,一般の交通の用に供するその他の道路,下関市,2023,5,14,10,57,2昼,晴,市街地,舗装　乾燥,その他,施設なし,対象外当事者,対象外当事者,対象外当事者,対象外当事者,一般交通の場所,一般交通の場所,単独（交差点付近を含む）,規制なし,人対車両,35～44歳,75歳以上,普通乗用,歩行者,自家用,対象外当事者,損傷なし,負傷,33.92999889,130.9131631,日曜,その他
岩国,81,負傷,0,2,国道188号,岩国市,2023,5,14,13,2,2昼,晴,市街地,舗装　乾燥,交差点付近,点灯３灯式,対象外当事者,対象外当事者,対象外当事者,対象外当事者,単路　5.5m以上,直路,単独（交差点付近を含む）,規制なし,車両相互,45～54歳,45～54歳,普通乗用,軽乗用,自家用,自家用,損傷なし,負傷,34.13734944,132.1957564,日曜,その他
宇部,122,負傷,0,1,市道,宇部市,2023,5,14,13,27,2昼,晴,市街地,舗装　乾燥,直路,施設なし,対象外当事者,対象外当事者,対象外当事者,対象外当事者,単路　5.5m以上,直路,単独（交差点付近を含む）,規制なし,車両相互,75歳以上,75歳以上,普通乗用,自転車,自家用,自転車,損傷なし,負傷,33.94577472,131.2601619,日曜,その他
光,38,負傷,0,1,県道,光市,2023,5,14,15,46,2昼,晴,市街地,舗装　乾燥,交差点,施設なし,標識　規制なし,表示なし,対象外当事者,対象外当事者,交差点　小　小,直路,交差点内,規制なし,人対車両,25～34歳,75歳以上,軽乗用,歩行者,自家用,対象外当事者,損傷なし,負傷,33.92873694,131.9703161,日曜,その他
光,33,負傷,0,1,国道188号,光市,2023,5,14,16,8,2昼,晴,市街地,舗装　乾燥,直路,施設なし,対象外当事者,対象外当事者,対象外当事者,対象外当事者,単路　5.5m以上,直路,単独（交差点付近を含む）,規制なし,車両相互,35～44歳,65～74歳,普通乗用,軽乗用,自家用,自家用,負傷,損傷なし,33.93467972,131.9704883,日曜,その他
長門,18,負傷,0,1,国道191号,長門市,2023,5,14,16,36,2昼,曇,非市街地,舗装　乾燥,直路,施設なし,対象外当事者,対象外当事者,対象外当事者,対象外当事者,単路　5.5m以上,直路,単独（交差点付近を含む）,規制なし,車両相互,35～44歳,65～74歳,軽乗用,軽貨物,自家用,自家用,負傷,損傷なし,34.36405417,131.227655,日曜,その他
山口,73,負傷,0,2,県道,山口市,2023,5,14,16,50,2昼,晴,市街地,舗装　乾燥,交差点付近,施設なし,対象外当事者,対象外当事者,対象外当事者,対象外当事者,単路　5.5m以上,直路,単独（交差点付近を含む）,規制なし,車両相互,35～44歳,01～24歳,普通乗用,普通乗用,自家用,自家用,損傷なし,負傷,34.14886083,131.4328894,日曜,その他
岩国,92,負傷,0,1,国道188号,岩国市,2023,5,14,18,23,3昼暮,晴,市街地,舗装　乾燥,交差点付近,施設なし,対象外当事者,対象外当事者,対象外当事者,対象外当事者,単路　5.5m以上,直路,単独（交差点付近を含む）,規制なし,車両相互,55～64歳,25～34歳,軽乗用,原付一種,自家用,自家用,損傷なし,負傷,34.13443222,132.1937611,日曜,その他
周南,83,負傷,0,1,県道,周南市,2023,5,15,7,6,2昼,晴,市街地,舗装　乾燥,交差点,施設なし,標識　規制なし,表示なし,標識　規制なし,表示なし,交差点　大　中,直路,交差点内,規制なし,車両相互,45～54歳,01～24歳,普通乗用,自転車,自家用,自転車,損傷なし,負傷,34.0529775,131.8053764,月曜,その他
周南,91,負傷,0,1,県道,周南市,2023,5,15,7,7,2昼,晴,市街地,舗装　乾燥,交差点,点灯３灯式,標識　規制なし,表示なし,標識　規制なし,表示なし,交差点　小　小,直路,交差点内,規制なし,車両相互,75歳以上,25～34歳,軽乗用,原付二種　51～125cc,自家用,自家用,損傷なし,負傷,34.07256083,131.7382992,月曜,その他
山口南,51,負傷,0,1,県道,山口市,2023,5,15,8,45,2昼,晴,非市街地,舗装　乾燥,直路,施設なし,対象外当事者,対象外当事者,対象外当事者,対象外当事者,単路　3.5m以上,直路,単独（交差点付近を含む）,規制なし,車両相互,65～74歳,55～64歳,軽乗用,軽貨物,自家用,自家用,損傷なし,負傷,34.01997944,131.4621342,月曜,その他
下関,123,負傷,0,1,市道,下関市,2023,5,15,12,5,2昼,晴,市街地,舗装　乾燥,直路,施設なし,対象外当事者,対象外当事者,対象外当事者,対象外当事者,単路　5.5m以上,直路,単独（交差点付近を含む）,規制なし,車両相互,25～34歳,65～74歳,軽乗用,軽乗用,自家用,自家用,損傷なし,負傷,33.98612722,130.9453142,月曜,その他