警察署,本票番号,事故内容,死者数,負傷者数,路線,市町村名,発生日時　　年,発生日時　　月,発生日時　　日,発生日時　　時,発生日時　　分,昼夜,天候,地形,路面状態,道路形状,信号機,一時停止規制標識（当事者A）,一時停止規制表示（当事者A）,一時停止規制標識（当事者B）,一時停止規制表示（当事者B）,車道幅員,道路線形,衝突地点,ゾーン規制,事故類型,年齢（当事者A）,年齢（当事者B）,当事者種別（当事者A）,当事者種別（当事者B）,用途別（当事者A）,用途別（当事者B）,人身損傷程度（当事者A）,人身損傷程度（当事者B）,緯度,経度,曜日,祝日
岩国,90,負傷,0,2,国道２号,岩国市,2023,5,15,13,15,2昼,晴,市街地,舗装　乾燥,直路,施設なし,対象外当事者,対象外当事者,対象外当事者,対象外当事者,単路　5.5m以上,直路,単独（交差点付近を含む）,規制なし,車両相互,65～74歳,55～64歳,普通乗用,軽乗用,自家用,自家用,負傷,損傷なし,34.1687525,132.2017703,月曜,その他
高速隊,22,負傷,0,2,高速道路,宇部市,2023,5,15,17,16,2昼,晴,非市街地,舗装　乾燥,カーブ,施設なし,対象外当事者,対象外当事者,対象外当事者,対象外当事者,単路　9.0m以上,カーブ左,単独（交差点付近を含む）,規制なし,車両相互,45～54歳,45～54歳,普通乗用,普通乗用,自家用,自家用,損傷なし,負傷,33.99080556,131.2835278,月曜,その他
光,32,負傷,0,1,市道,光市,2023,5,15,17,40,2昼,晴,非市街地,舗装　乾燥,直路,施設なし,対象外当事者,対象外当事者,対象外当事者,対象外当事者,単路　3.5m未満,直路,単独（交差点付近を含む）,規制なし,車両相互,35～44歳,25～34歳,普通乗用,軽乗用,自家用,自家用,負傷,損傷なし,34.01548583,131.9870689,月曜,その他
防府,74,負傷,0,1,その他,防府市,2023,5,16,15,0,2昼,晴,市街地,舗装　乾燥,その他,施設なし,対象外当事者,対象外当事者,対象外当事者,対象外当事者,一般交通の場所,一般交通の場所,単独（交差点付近を含む）,規制なし,車両相互,01～24歳,55～64歳,軽乗用,軽乗用,自家用,自家用,損傷なし,負傷,34.07316722,131.5534153,火曜,その他
岩国,84,負傷,0,1,国道188号,岩国市,2023,5,16,16,25,2昼,晴,市街地,舗装　乾燥,直路,施設なし,対象外当事者,対象外当事者,対象外当事者,対象外当事者,単路　5.5m以上,直路,単独（交差点付近を含む）,規制なし,車両相互,65～74歳,45～54歳,普通乗用,軽乗用,自家用,自家用,損傷なし,負傷,34.12907222,132.1996458,火曜,その他
下関,116,負傷,0,2,国道191号,下関市,2023,5,16,17,27,2昼,晴,市街地,舗装　乾燥,直路,施設なし,対象外当事者,対象外当事者,対象外当事者,対象外当事者,単路　9.0m以上,直路,単独（交差点付近を含む）,規制なし,車両相互,55～64歳,75歳以上,普通乗用,軽乗用,自家用,自家用,損傷なし,損傷なし,33.97022639,130.9198783,火曜,その他
防府,79,負傷,0,1,県道,防府市,2023,5,16,17,36,2昼,晴,市街地,舗装　乾燥,交差点付近,施設なし,対象外当事者,対象外当事者,対象外当事者,対象外当事者,単路　9.0m以上,直路,単独（交差点付近を含む）,規制なし,車両相互,25～34歳,35～44歳,普通乗用,軽貨物,自家用,自家用,損傷なし,負傷,34.0295025,131.5128053,火曜,その他
周南,85,負傷,0,1,国道２号,周南市,2023,5,16,23,3,5夜,晴,市街地,舗装　乾燥,直路,点灯３灯式,対象外当事者,対象外当事者,対象外当事者,対象外当事者,単路　9.0m以上,直路,単独（交差点付近を含む）,規制なし,車両相互,45～54歳,45～54歳,普通乗用,普通貨物,自家用,自家用,損傷なし,負傷,34.066625,131.7986233,火曜,その他
宇部,170,負傷,0,2,市道,宇部市,2023,5,17,8,0,2昼,晴,非市街地,舗装　乾燥,直路,施設なし,対象外当事者,対象外当事者,対象外当事者,対象外当事者,単路　3.5m以上,直路,単独（交差点付近を含む）,規制なし,車両相互,45～54歳,45～54歳,普通乗用,軽乗用,自家用,自家用,負傷,負傷,33.98664417,131.2278539,水曜,その他
下関,115,負傷,0,1,市道,下関市,2023,5,17,11,45,2昼,晴,市街地,舗装　乾燥,直路,施設なし,対象外当事者,対象外当事者,対象外当事者,対象外当事者,単路　5.5m以上,直路,単独（交差点付近を含む）,規制なし,人対車両,75歳以上,65～74歳,軽貨物,歩行者,自家用,対象外当事者,損傷なし,負傷,33.95671444,130.9220019,水曜,その他
宇部,125,負傷,0,1,国道190号,宇部市,2023,5,17,13,50,2昼,晴,非市街地,舗装　乾燥,交差点,施設なし,標識　規制なし,表示なし,標識　規制なし,表示なし,交差点　中　小,直路,交差点内,規制なし,車両相互,65～74歳,45～54歳,普通乗用,軽貨物,自家用,自家用,損傷なし,負傷,33.96271056,131.2318303,水曜,その他
宇部,133,負傷,0,1,県道,宇部市,2023,5,17,14,5,2昼,晴,市街地,舗装　乾燥,交差点,点灯３灯式,標識　規制なし,表示なし,標識　規制なし,表示なし,交差点　大　中,直路,交差点内,規制なし,車両相互,65～74歳,65～74歳,軽乗用,軽貨物,自家用,自家用,負傷,損傷なし,34.00358111,131.2312414,水曜,その他
宇部,124,負傷,0,1,県道,宇部市,2023,5,17,15,28,2昼,晴,非市街地,舗装　乾燥,交差点付近,施設なし,対象外当事者,対象外当事者,対象外当事者,対象外当事者,単路　9.0m以上,直路,単独（交差点付近を含む）,規制なし,車両相互,25～34歳,65～74歳,普通乗用,普通乗用,自家用,自家用,損傷なし,損傷なし,33.94622361,131.2941161,水曜,その他
長門,22,負傷,0,1,市道,長門市,2023,5,17,15,49,2昼,晴,市街地,舗装　乾燥,直路,施設なし,対象外当事者,対象外当事者,対象外当事者,対象外当事者,単路　3.5m未満,直路,単独（交差点付近を含む）,規制なし,車両単独,75歳以上,不明,軽乗用,物件等,自家用,対象外当事者,負傷,対象外当事者,34.42148361,131.2546394,水曜,その他
防府,82,負傷,0,1,県道,防府市,2023,5,17,15,52,2昼,晴,市街地,舗装　乾燥,直路,点灯押ボ式,対象外当事者,対象外当事者,対象外当事者,対象外当事者,単路　5.5m以上,直路,単独（交差点付近を含む）,規制なし,人対車両,45～54歳,01～24歳,普通乗用,歩行者,自家用,対象外当事者,損傷なし,負傷,34.04191639,131.5654431,水曜,その他
山口,74,負傷,0,1,県道,山口市,2023,5,17,16,15,2昼,晴,非市街地,舗装　乾燥,カーブ,施設なし,対象外当事者,対象外当事者,対象外当事者,対象外当事者,単路　5.5m以上,カーブ左,単独（交差点付近を含む）,規制なし,車両相互,75歳以上,45～54歳,軽乗用,軽乗用,自家用,自家用,損傷なし,負傷,34.13320028,131.4302522,水曜,その他
岩国,95,負傷,0,1,県道,岩国市,2023,5,18,1,51,5夜,晴,非市街地,舗装　乾燥,カーブ,施設なし,対象外当事者,対象外当事者,対象外当事者,対象外当事者,単路　3.5m以上,カーブ右,単独（交差点付近を含む）,規制なし,車両単独,01～24歳,不明,軽乗用,物件等,自家用,対象外当事者,負傷,対象外当事者,34.12852944,132.1404764,木曜,その他
周南,93,負傷,0,1,市道,周南市,2023,5,18,7,30,2昼,曇,市街地,舗装　乾燥,カーブ,施設なし,対象外当事者,対象外当事者,対象外当事者,対象外当事者,単路　3.5m以上,カーブ左,単独（交差点付近を含む）,規制なし,車両相互,01～24歳,25～34歳,軽乗用,軽貨物,自家用,自家用,損傷なし,負傷,34.06368861,131.8198969,木曜,その他
宇部,130,負傷,0,1,市道,宇部市,2023,5,18,8,10,2昼,曇,市街地,舗装　乾燥,交差点付近,施設なし,対象外当事者,対象外当事者,対象外当事者,対象外当事者,単路　5.5m以上,直路,単独（交差点付近を含む）,ゾーン３０,車両相互,45～54歳,45～54歳,普通乗用,軽乗用,自家用,自家用,負傷,損傷なし,33.94747556,131.2525725,木曜,その他
高速隊,26,負傷,0,1,高速道路,周南市,2023,5,18,16,12,2昼,雨,非市街地,舗装　湿潤,その他,施設なし,対象外当事者,対象外当事者,対象外当事者,対象外当事者,単路　5.5m以上,直路,単独（交差点付近を含む）,規制なし,車両単独,25～34歳,不明,軽乗用,物件等,自家用,対象外当事者,損傷なし,対象外当事者,34.04412389,131.8615667,木曜,その他
長府,52,負傷,0,1,市道,下関市,2023,5,18,17,12,2昼,雨,市街地,舗装　湿潤,交差点,施設なし,標識　規制なし,表示なし,標識　標準　反射式,表示あり,交差点　中　小,直路,交差点内,規制なし,車両相互,01～24歳,25～34歳,普通乗用,軽乗用,自家用,自家用,負傷,損傷なし,34.0117575,130.9905833,木曜,その他
岩国,85,負傷,0,2,国道２号,岩国市,2023,5,18,17,37,2昼,雨,非市街地,舗装　湿潤,交差点,施設なし,標識　規制なし,表示あり,標識　規制なし,表示なし,交差点　中　中,直路,交差点内,規制なし,車両相互,35～44歳,55～64歳,普通乗用,軽貨物,自家用,自家用,負傷,損傷なし,34.16529944,132.1058369,木曜,その他
岩国,82,負傷,0,1,国道２号,岩国市,2023,5,18,18,17,3昼暮,雨,市街地,舗装　湿潤,直路,施設なし,対象外当事者,対象外当事者,対象外当事者,対象外当事者,単路　5.5m以上,直路,単独（交差点付近を含む）,規制なし,車両相互,45～54歳,45～54歳,普通乗用,軽乗用,自家用,自家用,損傷なし,負傷,34.17586944,132.1830019,木曜,その他
周南,90,負傷,0,1,国道２号,周南市,2023,5,18,18,30,3昼暮,雨,市街地,舗装　湿潤,直路,施設なし,対象外当事者,対象外当事者,対象外当事者,対象外当事者,単路　13.0m以上,直路,単独（交差点付近を含む）,規制なし,車両相互,01～24歳,55～64歳,普通乗用,軽乗用,自家用,自家用,損傷なし,負傷,34.03777583,131.8469514,木曜,その他
下松,39,負傷,0,1,国道２号,下松市,2023,5,19,6,35,2昼,雨,非市街地,舗装　湿潤,直路,施設なし,対象外当事者,対象外当事者,対象外当事者,対象外当事者,単路　19.5m以上,直路,単独（交差点付近を含む）,規制なし,車両相互,25～34歳,01～24歳,普通乗用,普通貨物,自家用,自家用,負傷,損傷なし,34.03547222,131.8513864,金曜,その他
下松,38,負傷,0,1,市道,下松市,2023,5,19,7,27,2昼,雨,市街地,舗装　湿潤,直路,施設なし,対象外当事者,対象外当事者,対象外当事者,対象外当事者,単路　5.5m以上,直路,単独（交差点付近を含む）,規制なし,車両相互,01～24歳,35～44歳,軽乗用,軽貨物,自家用,自家用,負傷,損傷なし,34.03546028,131.8784672,金曜,その他
長門,19,負傷,0,1,国道316号,長門市,2023,5,19,7,49,2昼,雨,非市街地,舗装　湿潤,直路,施設なし,対象外当事者,対象外当事者,対象外当事者,対象外当事者,単路　5.5m以上,直路,単独（交差点付近を含む）,規制なし,車両相互,01～24歳,01～24歳,軽乗用,軽乗用,自家用,自家用,損傷なし,負傷,34.32627417,131.1735844,金曜,その他
柳井,51,負傷,0,1,町道,田布施町,2023,5,19,9,35,2昼,晴,非市街地,舗装　湿潤,交差点,施設なし,標識　規制なし,表示なし,標識　規制なし,表示なし,交差点　中　小,直路,交差点内,規制なし,車両相互,45～54歳,45～54歳,普通乗用,軽乗用,自家用,自家用,負傷,損傷なし,33.96335889,132.0103042,金曜,その他
防府,81,負傷,0,1,県道,防府市,2023,5,19,10,50,2昼,雨,市街地,舗装　湿潤,直路,施設なし,対象外当事者,対象外当事者,対象外当事者,対象外当事者,単路　5.5m以上,直路,単独（交差点付近を含む）,規制なし,車両相互,35～44歳,65～74歳,準中型貨物,普通乗用,自家用,自家用,損傷なし,負傷,34.05301694,131.554855,金曜,その他
防府,90,負傷,0,1,県道,防府市,2023,5,19,11,18,2昼,雨,市街地,舗装　乾燥,交差点付近,施設なし,対象外当事者,対象外当事者,対象外当事者,対象外当事者,単路　19.5m以上,直路,単独（交差点付近を含む）,規制なし,車両相互,65～74歳,55～64歳,普通乗用,軽乗用,自家用,自家用,負傷,損傷なし,34.05739861,131.5637339,金曜,その他
周南,87,負傷,0,1,国道315号,周南市,2023,5,19,13,53,2昼,曇,市街地,舗装　乾燥,交差点,施設なし,標識　規制なし,表示なし,標識　規制なし,表示なし,交差点　大　中,直路,交差点内,規制なし,車両相互,65～74歳,65～74歳,普通乗用,普通乗用,事業用,自家用,損傷なし,負傷,34.06302028,131.8228461,金曜,その他
山口南,43,負傷,0,2,国道190号,山口市,2023,5,19,15,38,2昼,晴,市街地,舗装　乾燥,交差点,施設なし,標識　標準　反射式,表示あり,標識　規制なし,表示なし,交差点　中　小,直路,交差点内,規制なし,車両相互,65～74歳,75歳以上,軽乗用,軽乗用,自家用,自家用,損傷なし,負傷,34.02344472,131.3552342,金曜,その他
周南,92,負傷,0,1,市道,周南市,2023,5,19,17,3,2昼,曇,市街地,舗装　乾燥,直路,施設なし,対象外当事者,対象外当事者,対象外当事者,対象外当事者,単路　5.5m以上,直路,単独（交差点付近を含む）,規制なし,車両相互,45～54歳,65～74歳,普通乗用,原付一種,自家用,自家用,損傷なし,負傷,34.04382417,131.8381081,金曜,その他
美祢,7,負傷,0,1,国道435号,美祢市,2023,5,19,19,0,3昼暮,雨,非市街地,舗装　乾燥,直路,施設なし,対象外当事者,対象外当事者,対象外当事者,対象外当事者,単路　5.5m以上,直路,単独（交差点付近を含む）,規制なし,車両相互,45～54歳,65～74歳,普通乗用,軽貨物,自家用,自家用,負傷,損傷なし,34.1997775,131.3888217,金曜,その他
下関,122,負傷,0,1,その他,下関市,2023,5,20,2,29,5夜,晴,市街地,舗装　乾燥,その他,施設なし,対象外当事者,対象外当事者,対象外当事者,対象外当事者,一般交通の場所,一般交通の場所,単独（交差点付近を含む）,規制なし,人対車両,55～64歳,55～64歳,軽乗用,歩行者,自家用,対象外当事者,損傷なし,負傷,33.95288667,130.9208742,土曜,その他
下関,160,負傷,0,1,市道,下関市,2023,5,20,9,1,2昼,曇,市街地,舗装　乾燥,直路,施設なし,対象外当事者,対象外当事者,対象外当事者,対象外当事者,単路　3.5m以上,直路,単独（交差点付近を含む）,規制なし,車両相互,25～34歳,35～44歳,普通乗用,軽乗用,自家用,自家用,損傷なし,負傷,34.01828472,130.9557506,土曜,その他
萩,17,負傷,0,1,市道,萩市,2023,5,20,11,54,2昼,曇,市街地,舗装　乾燥,直路,施設なし,対象外当事者,対象外当事者,対象外当事者,対象外当事者,単路　5.5m以上,直路,単独（交差点付近を含む）,規制なし,車両相互,75歳以上,65～74歳,普通乗用,自転車,自家用,自転車,損傷なし,負傷,34.41113111,131.4060589,土曜,その他
下関,137,負傷,0,1,市道,下関市,2023,5,20,13,16,2昼,晴,非市街地,舗装　乾燥,直路,施設なし,対象外当事者,対象外当事者,対象外当事者,対象外当事者,単路　3.5m未満,直路,単独（交差点付近を含む）,規制なし,人対車両,25～34歳,01～24歳,普通乗用,歩行者,自家用,対象外当事者,損傷なし,負傷,34.01426,130.9480247,土曜,その他
山陽小野田,51,負傷,0,1,県道,山陽小野田市,2023,5,20,14,5,2昼,晴,非市街地,舗装　乾燥,交差点付近,点灯３灯式,対象外当事者,対象外当事者,対象外当事者,対象外当事者,単路　5.5m以上,直路,単独（交差点付近を含む）,規制なし,車両相互,25～34歳,65～74歳,普通乗用,軽乗用,自家用,自家用,損傷なし,負傷,33.94660139,131.1669997,土曜,その他
宇部,138,負傷,0,2,国道190号,宇部市,2023,5,21,6,41,2昼,晴,市街地,舗装　乾燥,交差点付近,点灯３灯式,対象外当事者,対象外当事者,対象外当事者,対象外当事者,単路　9.0m以上,直路,単独（交差点付近を含む）,規制なし,車両相互,01～24歳,65～74歳,普通乗用,軽乗用,自家用,自家用,損傷なし,負傷,33.97542306,131.1932333,日曜,その他
宇部,131,負傷,0,1,国道２号,宇部市,2023,5,21,7,10,2昼,晴,非市街地,舗装　乾燥,直路,施設なし,対象外当事者,対象外当事者,対象外当事者,対象外当事者,単路　5.5m以上,直路,単独（交差点付近を含む）,規制なし,車両相互,35～44歳,45～54歳,普通乗用,普通乗用,自家用,自家用,損傷なし,負傷,34.0562775,131.318045,日曜,その他
周南,108,負傷,0,1,一般の交通の用に供するその他の道路,周南市,2023,5,21,21,15,5夜,晴,市街地,舗装　乾燥,その他,施設なし,対象外当事者,対象外当事者,対象外当事者,対象外当事者,一般交通の場所,一般交通の場所,単独（交差点付近を含む）,規制なし,人対車両,45～54歳,55～64歳,普通乗用,歩行者,自家用,対象外当事者,損傷なし,負傷,34.07253361,131.7575436,日曜,その他
宇部,164,負傷,0,1,県道,宇部市,2023,5,22,6,47,2昼,晴,市街地,舗装　乾燥,交差点,施設なし,標識　標準　反射式,表示なし,対象外当事者,対象外当事者,交差点　中　小,直路,交差点内,規制なし,人対車両,55～64歳,65～74歳,普通乗用,歩行者,自家用,対象外当事者,損傷なし,負傷,33.97492778,131.2532522,月曜,その他
周南,88,負傷,0,1,国道315号,周南市,2023,5,22,9,34,2昼,晴,非市街地,舗装　乾燥,直路,施設なし,対象外当事者,対象外当事者,対象外当事者,対象外当事者,単路　5.5m以上,直路,単独（交差点付近を含む）,規制なし,車両相互,55～64歳,65～74歳,普通乗用,軽乗用,自家用,自家用,負傷,損傷なし,34.06612194,131.8290856,月曜,その他
下関,126,負傷,0,1,国道９号,下関市,2023,5,22,10,53,2昼,晴,市街地,舗装　乾燥,直路,施設なし,対象外当事者,対象外当事者,対象外当事者,対象外当事者,単路　3.5m以上,直路,単独（交差点付近を含む）,規制なし,車両相互,65～74歳,25～34歳,普通乗用,軽乗用,事業用,自家用,損傷なし,負傷,33.96381333,130.9554903,月曜,その他
山口,132,負傷,0,1,県道,山口市,2023,5,22,12,23,2昼,晴,市街地,舗装　乾燥,直路,施設なし,対象外当事者,対象外当事者,対象外当事者,対象外当事者,単路　3.5m未満,直路,単独（交差点付近を含む）,規制なし,車両相互,45～54歳,01～24歳,軽乗用,自転車,自家用,自転車,損傷なし,負傷,34.19352806,131.4999056,月曜,その他
防府,77,負傷,0,1,市道,防府市,2023,5,22,17,25,2昼,曇,市街地,舗装　乾燥,直路,施設なし,対象外当事者,対象外当事者,対象外当事者,対象外当事者,単路　3.5m以上,直路,単独（交差点付近を含む）,規制なし,人対車両,65～74歳,01～24歳,軽乗用,歩行者,自家用,対象外当事者,損傷なし,負傷,34.02735306,131.5638992,月曜,その他
下関,153,負傷,0,1,県道,下関市,2023,5,22,17,57,2昼,晴,市街地,舗装　乾燥,直路,施設なし,対象外当事者,対象外当事者,対象外当事者,対象外当事者,単路　3.5m未満,直路,単独（交差点付近を含む）,規制なし,車両相互,35～44歳,55～64歳,普通乗用,普通乗用,自家用,自家用,損傷なし,負傷,33.98136861,130.934105,月曜,その他
高速隊,24,負傷,0,1,高速道路,山陽小野田市,2023,5,22,23,20,5夜,晴,非市街地,舗装　乾燥,直路,施設なし,対象外当事者,対象外当事者,対象外当事者,対象外当事者,単路　3.5m以上,直路,単独（交差点付近を含む）,規制なし,車両相互,45～54歳,35～44歳,普通乗用,軽乗用,自家用,自家用,損傷なし,負傷,34.02163889,131.2093889,月曜,その他
山口,76,負傷,0,1,県道,山口市,2023,5,23,13,1,2昼,晴,非市街地,舗装　乾燥,交差点,点灯押ボ式,標識　規制なし,表示なし,対象外当事者,対象外当事者,交差点　中　中,直路,交差点内,規制なし,人対車両,75歳以上,65～74歳,普通貨物,歩行者,自家用,対象外当事者,損傷なし,負傷,34.13727333,131.43945,火曜,その他
周南,100,負傷,0,1,県道,周南市,2023,5,23,17,46,2昼,晴,市街地,舗装　乾燥,交差点,点灯３灯式,標識　規制なし,表示なし,対象外当事者,対象外当事者,交差点　中　中,直路,交差点内,規制なし,人対車両,25～34歳,65～74歳,普通乗用,歩行者,自家用,対象外当事者,損傷なし,負傷,34.07129611,131.7320719,火曜,その他
下関,130,負傷,0,1,県道,下関市,2023,5,23,18,11,2昼,晴,市街地,舗装　乾燥,カーブ,施設なし,対象外当事者,対象外当事者,対象外当事者,対象外当事者,単路　3.5m以上,カーブ右,単独（交差点付近を含む）,規制なし,車両相互,25～34歳,35～44歳,普通乗用,普通乗用,自家用,自家用,損傷なし,負傷,33.96709194,130.9149403,火曜,その他
下関,132,負傷,0,1,市道,下関市,2023,5,23,18,40,3昼暮,晴,市街地,舗装　乾燥,交差点,施設なし,標識　標準　反射式,表示あり,対象外当事者,対象外当事者,交差点　中　小,直路,交差点内,規制なし,人対車両,45～54歳,01～24歳,軽貨物,歩行者,自家用,対象外当事者,損傷なし,負傷,33.97663583,130.9206008,火曜,その他
柳井,59,負傷,0,1,市道,柳井市,2023,5,24,8,0,2昼,晴,市街地,舗装　乾燥,交差点,点灯３灯式,標識　規制なし,表示なし,標識　規制なし,表示なし,交差点　中　小,直路,交差点内,規制なし,車両相互,75歳以上,65～74歳,軽乗用,軽貨物,自家用,自家用,損傷なし,負傷,33.97061667,132.1092161,水曜,その他
岩国,93,負傷,0,1,市道,岩国市,2023,5,24,8,50,2昼,晴,市街地,舗装　乾燥,交差点,施設なし,標識　規制なし,表示なし,標識　規制なし,表示なし,交差点　中　中,直路,交差点内,規制なし,車両相互,75歳以上,35～44歳,普通乗用,普通乗用,自家用,自家用,損傷なし,負傷,34.15137639,132.2027214,水曜,その他
下関,125,負傷,0,1,県道,下関市,2023,5,24,8,53,2昼,晴,市街地,舗装　乾燥,直路,施設なし,対象外当事者,対象外当事者,対象外当事者,対象外当事者,単路　5.5m以上,直路,単独（交差点付近を含む）,規制なし,車両相互,25～34歳,35～44歳,軽乗用,軽乗用,自家用,自家用,損傷なし,負傷,34.02458861,130.9555092,水曜,その他
光,34,負傷,0,1,市道,光市,2023,5,24,9,15,2昼,晴,市街地,舗装　乾燥,交差点付近,施設なし,対象外当事者,対象外当事者,対象外当事者,対象外当事者,単路　5.5m以上,直路,単独（交差点付近を含む）,規制なし,車両相互,75歳以上,01～24歳,普通乗用,普通乗用,自家用,自家用,損傷なし,負傷,33.95317556,131.9550003,水曜,その他
下関,128,負傷,0,1,市道,下関市,2023,5,24,9,20,2昼,晴,市街地,舗装　乾燥,交差点,施設なし,標識　規制なし,表示なし,標識　標準　反射式,表示あり,交差点　中　中,直路,交差点内,ゾーン３０,車両相互,35～44歳,65～74歳,普通乗用,軽乗用,自家用,自家用,負傷,損傷なし,34.01013139,130.9513953,水曜,その他
山口南,49,負傷,0,1,県道,山口市,2023,5,24,9,23,2昼,晴,市街地,舗装　乾燥,直路,施設なし,対象外当事者,対象外当事者,対象外当事者,対象外当事者,単路　5.5m以上,直路,単独（交差点付近を含む）,規制なし,車両相互,01～24歳,01～24歳,中型貨物,軽乗用,事業用,自家用,損傷なし,負傷,34.02983528,131.4627397,水曜,その他
防府,78,負傷,0,1,国道262号,防府市,2023,5,24,13,13,2昼,晴,非市街地,舗装　乾燥,直路,施設なし,対象外当事者,対象外当事者,対象外当事者,対象外当事者,単路　9.0m以上,直路,単独（交差点付近を含む）,規制なし,車両相互,35～44歳,01～24歳,普通乗用,軽乗用,自家用,自家用,負傷,損傷なし,34.07643417,131.5524822,水曜,その他
周南,98,負傷,0,1,国道２号,周南市,2023,5,24,17,50,2昼,晴,市街地,舗装　乾燥,交差点,点灯３灯式,標識　規制なし,表示なし,標識　規制なし,表示なし,交差点　大　中,直路,交差点内,規制なし,車両相互,45～54歳,25～34歳,普通乗用,自転車,自家用,自転車,損傷なし,負傷,34.06122361,131.8106464,水曜,その他
山口南,44,負傷,0,1,県道,山口市,2023,5,24,19,59,4夜暮,晴,市街地,舗装　乾燥,交差点,点灯３灯式,標識　規制なし,表示なし,標識　規制なし,表示なし,交差点　中　小,直路,交差点内,規制なし,車両相互,25～34歳,01～24歳,原付二種　51～125cc,自転車,自家用,自転車,損傷なし,負傷,34.11479611,131.3968061,水曜,その他
岩国,96,負傷,0,1,市道,岩国市,2023,5,25,7,12,2昼,晴,非市街地,舗装　乾燥,カーブ,施設なし,対象外当事者,対象外当事者,対象外当事者,対象外当事者,単路　3.5m以上,カーブ左,単独（交差点付近を含む）,規制なし,車両相互,25～34歳,35～44歳,軽乗用,自転車,自家用,自転車,損傷なし,負傷,34.13861194,132.1802472,木曜,その他
萩,16,負傷,0,1,市道,萩市,2023,5,25,11,58,2昼,晴,市街地,舗装　乾燥,交差点,施設なし,標識　規制なし,表示なし,標識　標準　反射式,表示あり,交差点　小　小,直路,交差点内,規制なし,車両相互,45～54歳,65～74歳,普通貨物,自転車,自家用,自転車,損傷なし,負傷,34.41447556,131.4021739,木曜,その他
防府,83,負傷,0,1,県道,防府市,2023,5,25,14,48,2昼,晴,市街地,舗装　乾燥,交差点,施設なし,標識　規制なし,表示なし,標識　規制なし,表示なし,交差点　小　小,直路,交差点内,規制なし,車両相互,45～54歳,01～24歳,軽貨物,自転車,自家用,自転車,損傷なし,負傷,34.04706639,131.528,木曜,その他
柳井,55,負傷,0,1,市道,柳井市,2023,5,25,19,46,4夜暮,晴,市街地,舗装　乾燥,交差点,点灯３灯式,標識　規制なし,表示なし,標識　規制なし,表示なし,交差点　中　小,直路,交差点内,規制なし,車両相互,25～34歳,45～54歳,普通乗用,普通乗用,自家用,自家用,損傷なし,負傷,33.97071611,132.109185,木曜,その他
宇部,132,負傷,0,1,国道490号,宇部市,2023,5,26,8,21,2昼,晴,非市街地,舗装　乾燥,交差点,点灯３灯式,標識　規制なし,表示なし,標識　規制なし,表示なし,交差点　大　大,直路,交差点内,規制なし,車両相互,75歳以上,01～24歳,普通乗用,自転車,自家用,自転車,損傷なし,負傷,33.95304833,131.2561058,金曜,その他
山口,78,負傷,0,1,県道,山口市,2023,5,26,8,39,2昼,晴,非市街地,舗装　乾燥,交差点付近,施設なし,対象外当事者,対象外当事者,対象外当事者,対象外当事者,単路　5.5m以上,直路,単独（交差点付近を含む）,規制なし,車両相互,45～54歳,35～44歳,普通乗用,普通乗用,自家用,自家用,損傷なし,負傷,34.16747806,131.4781697,金曜,その他
周南,105,負傷,0,1,市道,周南市,2023,5,26,18,6,2昼,晴,市街地,舗装　乾燥,交差点,施設なし,標識　規制なし,表示なし,対象外当事者,対象外当事者,交差点　小　小,直路,交差点内,規制なし,人対車両,65～74歳,45～54歳,普通乗用,歩行者,自家用,対象外当事者,損傷なし,負傷,34.04250306,131.8240253,金曜,その他
周南,107,負傷,0,1,市道,周南市,2023,5,27,7,14,2昼,晴,市街地,舗装　乾燥,直路,施設なし,対象外当事者,対象外当事者,対象外当事者,対象外当事者,単路　5.5m以上,直路,単独（交差点付近を含む）,規制なし,車両相互,55～64歳,75歳以上,軽乗用,自転車,自家用,自転車,損傷なし,負傷,34.08055361,131.7646669,土曜,その他
岩国,89,負傷,0,1,国道２号,岩国市,2023,5,27,9,34,2昼,晴,市街地,舗装　乾燥,直路,施設なし,対象外当事者,対象外当事者,対象外当事者,対象外当事者,単路　5.5m以上,直路,単独（交差点付近を含む）,規制なし,車両相互,01～24歳,55～64歳,軽乗用,原付一種,自家用,自家用,負傷,損傷なし,34.17485583,132.2221953,土曜,その他
岩国,91,負傷,0,1,国道188号,岩国市,2023,5,27,15,6,2昼,晴,市街地,舗装　乾燥,直路,施設なし,対象外当事者,対象外当事者,対象外当事者,対象外当事者,単路　5.5m以上,直路,単独（交差点付近を含む）,規制なし,車両相互,75歳以上,65～74歳,軽乗用,軽乗用,自家用,自家用,損傷なし,負傷,34.04982833,132.2119286,土曜,その他
宇部,142,負傷,0,1,県道,宇部市,2023,5,27,15,42,2昼,晴,非市街地,舗装　乾燥,直路,施設なし,対象外当事者,対象外当事者,対象外当事者,対象外当事者,単路　3.5m未満,直路,単独（交差点付近を含む）,規制なし,車両相互,25～34歳,55～64歳,普通乗用,軽乗用,自家用,自家用,負傷,損傷なし,33.96731472,131.30085,土曜,その他