警察署,本票番号,事故内容,死者数,負傷者数,路線,市町村名,発生日時　　年,発生日時　　月,発生日時　　日,発生日時　　時,発生日時　　分,昼夜,天候,地形,路面状態,道路形状,信号機,一時停止規制標識（当事者A）,一時停止規制表示（当事者A）,一時停止規制標識（当事者B）,一時停止規制表示（当事者B）,車道幅員,道路線形,衝突地点,ゾーン規制,事故類型,年齢（当事者A）,年齢（当事者B）,当事者種別（当事者A）,当事者種別（当事者B）,用途別（当事者A）,用途別（当事者B）,人身損傷程度（当事者A）,人身損傷程度（当事者B）,緯度,経度,曜日,祝日
岩国,94,負傷,0,2,国道２号,岩国市,2023,5,27,16,50,2昼,晴,市街地,舗装　乾燥,直路,施設なし,対象外当事者,対象外当事者,対象外当事者,対象外当事者,単路　3.5m以上,直路,単独（交差点付近を含む）,規制なし,車両相互,65～74歳,45～54歳,軽乗用,軽乗用,自家用,自家用,損傷なし,負傷,34.19879389,132.2319461,土曜,その他
光,37,負傷,0,1,一般の交通の用に供するその他の道路,光市,2023,5,27,18,5,2昼,晴,非市街地,舗装　乾燥,その他,施設なし,対象外当事者,対象外当事者,対象外当事者,対象外当事者,一般交通の場所,一般交通の場所,単独（交差点付近を含む）,規制なし,人対車両,55～64歳,45～54歳,普通乗用,歩行者,自家用,対象外当事者,損傷なし,負傷,33.96456111,131.9255028,土曜,その他
下関,141,負傷,0,2,国道191号,下関市,2023,5,27,22,14,5夜,晴,市街地,舗装　乾燥,直路,施設なし,対象外当事者,対象外当事者,対象外当事者,対象外当事者,単路　5.5m以上,直路,単独（交差点付近を含む）,規制なし,車両相互,65～74歳,01～24歳,軽乗用,自転車,自家用,自転車,損傷なし,負傷,34.07740944,130.8959753,土曜,その他
下松,41,負傷,0,1,県道,下松市,2023,5,28,2,38,5夜,晴,市街地,舗装　乾燥,交差点付近,施設なし,対象外当事者,対象外当事者,対象外当事者,対象外当事者,単路　9.0m以上,直路,単独（交差点付近を含む）,規制なし,車両相互,35～44歳,45～54歳,普通乗用,軽貨物,自家用,自家用,負傷,損傷なし,34.02841639,131.8565481,日曜,その他
山陽小野田,55,負傷,0,3,国道190号,山陽小野田市,2023,5,28,10,0,2昼,曇,市街地,舗装　乾燥,直路,施設なし,対象外当事者,対象外当事者,対象外当事者,対象外当事者,単路　9.0m以上,直路,単独（交差点付近を含む）,規制なし,車両相互,25～34歳,01～24歳,普通乗用,軽乗用,自家用,自家用,負傷,損傷なし,34.005415,131.1767825,日曜,その他
防府,80,負傷,0,2,市道,防府市,2023,5,28,11,25,2昼,曇,市街地,舗装　乾燥,交差点,施設なし,標識　規制なし,表示なし,標識　規制なし,表示なし,交差点　大　大,直路,交差点内,規制なし,車両相互,55～64歳,75歳以上,普通乗用,軽乗用,自家用,自家用,損傷なし,負傷,34.04018417,131.59481,日曜,その他
宇部,135,負傷,0,1,県道,宇部市,2023,5,28,17,30,2昼,晴,非市街地,舗装　乾燥,交差点,施設なし,標識　規制なし,表示なし,標識　規制なし,表示なし,交差点　小　小,直路,交差点内,規制なし,車両相互,65～74歳,01～24歳,普通乗用,軽乗用,自家用,自家用,負傷,損傷なし,34.00292611,131.2276942,日曜,その他
宇部,137,負傷,0,1,市道,宇部市,2023,5,29,12,0,2昼,晴,市街地,舗装　乾燥,交差点,施設なし,標識　規制なし,表示なし,標識　規制なし,表示なし,交差点　大　小,直路,交差点内,規制なし,車両相互,45～54歳,75歳以上,軽乗用,軽乗用,自家用,自家用,損傷なし,負傷,34.068565,131.2408958,月曜,その他
下関,133,負傷,0,1,国道191号,下関市,2023,5,29,13,3,2昼,晴,市街地,舗装　乾燥,交差点付近,施設なし,対象外当事者,対象外当事者,対象外当事者,対象外当事者,単路　9.0m以上,直路,単独（交差点付近を含む）,規制なし,車両相互,65～74歳,25～34歳,軽乗用,軽貨物,自家用,自家用,損傷なし,負傷,33.96929806,130.9197528,月曜,その他
美祢,10,負傷,0,1,市道,美祢市,2023,5,29,17,57,2昼,雨,市街地,舗装　湿潤,交差点,施設なし,標識　規制なし,表示なし,標識　規制なし,表示なし,交差点　中　中,直路,交差点内,規制なし,車両相互,25～34歳,25～34歳,軽乗用,軽乗用,自家用,自家用,損傷なし,損傷なし,34.16529667,131.2197061,月曜,その他
光,39,負傷,0,1,県道,光市,2023,5,29,18,7,2昼,雨,非市街地,舗装　湿潤,交差点,施設なし,標識　規制なし,表示なし,対象外当事者,対象外当事者,交差点　小　小,直路,単独（交差点付近を含む）,規制なし,人対車両,35～44歳,01～24歳,普通貨物,歩行者,自家用,対象外当事者,損傷なし,負傷,33.98264083,131.9292533,月曜,その他
下松,46,負傷,0,1,県道,下松市,2023,5,30,7,45,2昼,雨,非市街地,舗装　湿潤,直路,施設なし,対象外当事者,対象外当事者,対象外当事者,対象外当事者,単路　5.5m以上,直路,単独（交差点付近を含む）,規制なし,車両相互,25～34歳,01～24歳,普通乗用,軽貨物,自家用,自家用,損傷なし,損傷なし,34.02534722,131.9050389,火曜,その他
下関,135,負傷,0,1,市道,下関市,2023,5,30,8,7,2昼,雨,市街地,舗装　湿潤,直路,施設なし,対象外当事者,対象外当事者,対象外当事者,対象外当事者,単路　5.5m以上,直路,単独（交差点付近を含む）,規制なし,車両相互,25～34歳,01～24歳,普通乗用,軽乗用,自家用,自家用,損傷なし,負傷,34.0002325,130.9501836,火曜,その他
宇部,149,負傷,0,2,市道,宇部市,2023,5,30,8,41,2昼,雨,市街地,舗装　湿潤,交差点付近,施設なし,対象外当事者,対象外当事者,対象外当事者,対象外当事者,単路　5.5m以上,直路,単独（交差点付近を含む）,規制なし,車両相互,25～34歳,35～44歳,軽乗用,軽乗用,自家用,自家用,損傷なし,負傷,33.951115,131.272355,火曜,その他
光,36,負傷,0,1,県道,光市,2023,5,30,15,44,2昼,雨,市街地,舗装　湿潤,交差点,点灯３灯式,標識　規制なし,表示なし,対象外当事者,対象外当事者,交差点　中　中,直路,交差点内,規制なし,人対車両,25～34歳,01～24歳,普通貨物,歩行者,自家用,対象外当事者,損傷なし,負傷,33.96194778,131.9498653,火曜,その他
周南,104,負傷,0,1,国道２号,周南市,2023,5,30,16,1,2昼,雨,市街地,舗装　湿潤,交差点付近,点灯３灯式,対象外当事者,対象外当事者,対象外当事者,対象外当事者,単路　13.0m以上,直路,単独（交差点付近を含む）,規制なし,車両相互,45～54歳,35～44歳,普通乗用,普通貨物,自家用,自家用,負傷,損傷なし,34.07693361,131.7581714,火曜,その他
周南,99,負傷,0,1,国道２号,周南市,2023,5,30,17,3,2昼,雨,非市街地,舗装　湿潤,直路,施設なし,対象外当事者,対象外当事者,対象外当事者,対象外当事者,単路　13.0m以上,直路,単独（交差点付近を含む）,規制なし,車両相互,45～54歳,35～44歳,軽乗用,軽貨物,自家用,自家用,負傷,損傷なし,34.07955472,131.7674942,火曜,その他
山口,83,負傷,0,1,県道,山口市,2023,5,30,21,33,5夜,雨,市街地,舗装　湿潤,交差点,点灯３灯式,標識　規制なし,表示なし,対象外当事者,対象外当事者,交差点　中　中,直路,交差点内,規制なし,人対車両,01～24歳,01～24歳,軽乗用,歩行者,自家用,対象外当事者,損傷なし,負傷,34.15959556,131.4904128,火曜,その他
下関,139,負傷,0,1,県道,下関市,2023,5,31,7,33,2昼,曇,非市街地,舗装　湿潤,直路,施設なし,対象外当事者,対象外当事者,対象外当事者,対象外当事者,単路　5.5m以上,直路,単独（交差点付近を含む）,規制なし,車両相互,25～34歳,35～44歳,普通乗用,軽二輪　126～250cc,自家用,自家用,損傷なし,負傷,33.93709333,130.9167008,水曜,その他
下関,131,負傷,0,1,市道,下関市,2023,5,31,7,43,2昼,晴,市街地,舗装　湿潤,交差点,点灯３灯式,標識　規制なし,表示なし,標識　規制なし,表示なし,交差点　中　中,直路,交差点内,規制なし,車両相互,35～44歳,35～44歳,普通乗用,普通乗用,自家用,自家用,損傷なし,負傷,33.959405,130.9320258,水曜,その他
山口南,46,負傷,0,1,市道,山口市,2023,5,31,8,0,2昼,雨,市街地,舗装　湿潤,交差点,施設なし,標識　規制なし,表示なし,標識　規制なし,表示なし,交差点　小　小,直路,交差点内,規制なし,車両相互,45～54歳,75歳以上,普通乗用,軽乗用,自家用,自家用,負傷,損傷なし,34.05435583,131.3563858,水曜,その他
宇部,141,負傷,0,1,その他,宇部市,2023,5,31,12,36,2昼,晴,市街地,舗装　乾燥,その他,施設なし,対象外当事者,対象外当事者,対象外当事者,対象外当事者,一般交通の場所,一般交通の場所,単独（交差点付近を含む）,規制なし,車両相互,45～54歳,55～64歳,普通乗用,軽乗用,自家用,自家用,負傷,損傷なし,34.00290778,131.2198917,水曜,その他
岩国,101,負傷,0,1,県道,岩国市,2023,5,31,17,25,2昼,晴,市街地,舗装　乾燥,交差点,施設なし,標識　規制なし,表示なし,標識　規制なし,表示なし,交差点　小　小,直路,交差点内,規制なし,車両相互,01～24歳,55～64歳,普通乗用,軽乗用,自家用,自家用,損傷なし,負傷,34.08921028,132.0814564,水曜,その他
周南,95,負傷,0,1,国道２号,周南市,2023,5,31,19,29,4夜暮,晴,市街地,舗装　乾燥,交差点,施設なし,標識　規制なし,表示なし,標識　規制なし,表示なし,交差点　中　小,直路,交差点内,規制なし,車両相互,01～24歳,45～54歳,軽乗用,軽貨物,自家用,自家用,損傷なし,負傷,34.07713111,131.7309678,水曜,その他
長府,53,負傷,0,1,市道,下関市,2023,6,1,9,51,2昼,曇,市街地,舗装　乾燥,交差点,施設なし,標識　規制なし,表示なし,標識　標準　反射式,表示あり,交差点　中　中,直路,交差点内,規制なし,車両相互,45～54歳,55～64歳,普通乗用,軽貨物,自家用,自家用,負傷,損傷なし,34.01177806,130.9905483,木曜,その他
宇部,139,負傷,0,1,国道２号,宇部市,2023,6,1,13,10,2昼,曇,非市街地,舗装　乾燥,直路,点灯３灯式,対象外当事者,対象外当事者,対象外当事者,対象外当事者,単路　5.5m以上,直路,単独（交差点付近を含む）,規制なし,車両相互,01～24歳,35～44歳,軽乗用,軽貨物,自家用,自家用,損傷なし,負傷,34.04754861,131.2037356,木曜,その他
下関,138,負傷,0,2,市道,下関市,2023,6,1,15,7,2昼,雨,市街地,舗装　湿潤,交差点,施設なし,標識　規制なし,表示なし,標識　規制なし,表示なし,交差点　小　小,直路,交差点内,規制なし,車両相互,45～54歳,55～64歳,軽乗用,軽貨物,自家用,自家用,損傷なし,負傷,33.94429111,130.9088889,木曜,その他
山口南,48,負傷,0,1,国道９号,山口市,2023,6,2,8,10,2昼,雨,非市街地,舗装　湿潤,交差点,点灯３灯式,標識　規制なし,表示なし,標識　規制なし,表示なし,交差点　中　小,直路,交差点内,規制なし,車両相互,65～74歳,01～24歳,軽乗用,自転車,自家用,自転車,損傷なし,負傷,34.11454917,131.4013894,金曜,その他
下関,136,負傷,0,1,市道,下関市,2023,6,2,12,1,2昼,雨,市街地,舗装　湿潤,交差点,施設なし,標識　規制なし,表示なし,標識　規制なし,表示なし,交差点　中　中,直路,交差点内,規制なし,車両相互,35～44歳,45～54歳,普通貨物,軽貨物,自家用,事業用,負傷,損傷なし,34.01354833,130.9658553,金曜,その他
下関,143,負傷,0,2,県道,下関市,2023,6,2,14,40,2昼,曇,市街地,舗装　乾燥,直路,施設なし,対象外当事者,対象外当事者,対象外当事者,対象外当事者,単路　5.5m以上,直路,単独（交差点付近を含む）,規制なし,車両相互,35～44歳,55～64歳,普通乗用,軽乗用,自家用,自家用,負傷,損傷なし,33.92970167,130.9129525,金曜,その他
萩,18,負傷,0,2,市道,萩市,2023,6,2,15,47,2昼,曇,市街地,舗装　乾燥,橋,施設なし,対象外当事者,対象外当事者,対象外当事者,対象外当事者,単路　5.5m以上,直路,単独（交差点付近を含む）,規制なし,車両相互,65～74歳,35～44歳,普通乗用,軽乗用,事業用,自家用,損傷なし,負傷,34.41074639,131.4112494,金曜,その他
周南,97,負傷,0,1,県道,周南市,2023,6,3,16,14,2昼,晴,市街地,舗装　乾燥,交差点付近,施設なし,対象外当事者,対象外当事者,対象外当事者,対象外当事者,単路　3.5m以上,直路,単独（交差点付近を含む）,規制なし,車両相互,35～44歳,65～74歳,普通乗用,軽乗用,自家用,自家用,負傷,損傷なし,34.07097417,131.7530331,土曜,その他
周南,103,負傷,0,1,国道２号,周南市,2023,6,3,18,23,3昼暮,晴,市街地,舗装　乾燥,直路,施設なし,対象外当事者,対象外当事者,対象外当事者,対象外当事者,単路　5.5m以上,直路,単独（交差点付近を含む）,規制なし,車両相互,25～34歳,25～34歳,普通乗用,普通乗用,自家用,自家用,損傷なし,負傷,34.05512556,131.8212597,土曜,その他
下関,140,負傷,0,1,市道,下関市,2023,6,4,4,31,6夜明,晴,市街地,舗装　乾燥,交差点付近,点灯３灯式,対象外当事者,対象外当事者,対象外当事者,対象外当事者,単路　3.5m未満,直路,単独（交差点付近を含む）,規制なし,車両相互,55～64歳,55～64歳,普通貨物,軽貨物,自家用,自家用,損傷なし,負傷,34.00054972,130.9360817,日曜,その他
美祢,14,負傷,0,1,県道,美祢市,2023,6,4,13,24,2昼,晴,非市街地,舗装　乾燥,直路,施設なし,対象外当事者,対象外当事者,対象外当事者,対象外当事者,単路　5.5m以上,直路,単独（交差点付近を含む）,規制なし,車両相互,01～24歳,55～64歳,普通乗用,小型二輪　751cc以上,自家用,自家用,損傷なし,負傷,34.26013361,131.3174275,日曜,その他
下松,45,負傷,0,1,県道,下松市,2023,6,4,17,13,2昼,晴,市街地,舗装　乾燥,直路,施設なし,対象外当事者,対象外当事者,対象外当事者,対象外当事者,単路　5.5m以上,直路,単独（交差点付近を含む）,規制なし,車両相互,01～24歳,45～54歳,軽乗用,軽乗用,自家用,自家用,損傷なし,負傷,34.02394806,131.897125,日曜,その他
防府,94,負傷,0,1,県道,防府市,2023,6,4,19,33,4夜暮,曇,市街地,舗装　乾燥,直路,施設なし,対象外当事者,対象外当事者,対象外当事者,対象外当事者,単路　5.5m以上,直路,単独（交差点付近を含む）,規制なし,車両相互,01～24歳,35～44歳,軽乗用,軽乗用,自家用,自家用,損傷なし,負傷,34.0348125,131.5314706,日曜,その他
山口,80,負傷,0,1,市道,山口市,2023,6,5,8,10,2昼,曇,非市街地,舗装　乾燥,交差点,施設なし,標識　標準　反射式,表示あり,標識　標準　反射式,表示あり,交差点　中　中,直路,交差点内,規制なし,車両相互,65～74歳,01～24歳,普通乗用,自転車,事業用,自転車,損傷なし,負傷,34.17364278,131.4684925,月曜,その他
下関,201,負傷,0,1,市道,下関市,2023,6,5,9,9,2昼,曇,市街地,舗装　乾燥,直路,施設なし,対象外当事者,対象外当事者,対象外当事者,対象外当事者,単路　5.5m以上,直路,単独（交差点付近を含む）,規制なし,車両相互,35～44歳,25～34歳,軽乗用,軽乗用,自家用,自家用,損傷なし,負傷,33.99034556,130.9411397,月曜,その他
山口,82,負傷,0,1,県道,山口市,2023,6,6,8,20,2昼,雨,市街地,舗装　湿潤,直路,施設なし,対象外当事者,対象外当事者,対象外当事者,対象外当事者,単路　3.5m未満,直路,単独（交差点付近を含む）,規制なし,車両相互,65～74歳,65～74歳,普通乗用,軽乗用,自家用,自家用,負傷,損傷なし,34.13294556,131.4269833,火曜,その他
山陽小野田,53,負傷,0,2,市道,山陽小野田市,2023,6,6,8,21,2昼,雨,非市街地,舗装　湿潤,交差点,施設なし,標識　規制なし,表示なし,標識　規制なし,表示なし,交差点　中　中,直路,交差点内,規制なし,車両相互,65～74歳,01～24歳,中型乗用,普通乗用,自家用,自家用,損傷なし,損傷なし,33.95661417,131.1782322,火曜,その他
長府,57,負傷,0,1,市道,下関市,2023,6,6,8,30,2昼,雨,市街地,舗装　湿潤,直路,施設なし,対象外当事者,対象外当事者,対象外当事者,対象外当事者,単路　3.5m以上,直路,単独（交差点付近を含む）,規制なし,車両相互,65～74歳,35～44歳,普通乗用,普通乗用,自家用,自家用,損傷なし,負傷,34.01319222,130.9965336,火曜,その他
山口,81,負傷,0,1,市道,山口市,2023,6,6,9,6,2昼,雨,非市街地,舗装　湿潤,交差点,施設なし,標識　規制なし,表示あり,標識　規制なし,表示あり,交差点　小　小,直路,交差点内,規制なし,車両相互,45～54歳,01～24歳,軽乗用,駆動補助装置付自転車,自家用,自転車,損傷なし,負傷,34.15891472,131.5079278,火曜,その他
防府,92,負傷,0,1,県道,防府市,2023,6,6,9,44,2昼,雨,市街地,舗装　乾燥,直路,施設なし,対象外当事者,対象外当事者,対象外当事者,対象外当事者,単路　3.5m以上,直路,単独（交差点付近を含む）,規制なし,車両相互,45～54歳,25～34歳,中型貨物,軽貨物,事業用,自家用,損傷なし,負傷,34.05963972,131.5612008,火曜,その他
防府,87,負傷,0,1,市道,防府市,2023,6,6,10,21,2昼,雨,市街地,舗装　湿潤,交差点付近,施設なし,対象外当事者,対象外当事者,対象外当事者,対象外当事者,単路　3.5m以上,直路,単独（交差点付近を含む）,規制なし,車両相互,25～34歳,75歳以上,普通乗用,軽乗用,自家用,自家用,負傷,損傷なし,34.05506444,131.5751172,火曜,その他
岩国,97,負傷,0,1,国道２号,岩国市,2023,6,6,11,1,2昼,雨,市街地,舗装　湿潤,直路,施設なし,対象外当事者,対象外当事者,対象外当事者,対象外当事者,単路　5.5m以上,直路,単独（交差点付近を含む）,規制なし,車両相互,55～64歳,25～34歳,軽乗用,軽貨物,自家用,自家用,負傷,損傷なし,34.1707325,132.2082069,火曜,その他
周南,101,負傷,0,1,県道,周南市,2023,6,6,11,7,2昼,雨,市街地,舗装　湿潤,交差点,点灯３灯式,標識　規制なし,表示なし,標識　規制なし,表示なし,交差点　中　小,直路,交差点内,規制なし,車両相互,35～44歳,35～44歳,普通乗用,軽貨物,自家用,自家用,損傷なし,負傷,34.07268194,131.7412581,火曜,その他
山口,86,負傷,0,1,県道,山口市,2023,6,6,15,13,2昼,雨,市街地,舗装　湿潤,交差点付近,点灯３灯式,対象外当事者,対象外当事者,対象外当事者,対象外当事者,単路　3.5m以上,直路,単独（交差点付近を含む）,規制なし,車両相互,65～74歳,55～64歳,軽貨物,自転車,自家用,自転車,損傷なし,負傷,34.17021306,131.4771589,火曜,その他
下関,148,負傷,0,1,国道191号,下関市,2023,6,6,17,5,2昼,雨,市街地,舗装　乾燥,交差点,点灯３灯式,標識　規制なし,表示なし,対象外当事者,対象外当事者,交差点　大　大,直路,交差点内,規制なし,人対車両,65～74歳,75歳以上,軽乗用,歩行者,自家用,対象外当事者,損傷なし,負傷,34.02427222,130.9153564,火曜,その他
宇部,150,負傷,0,1,市道,宇部市,2023,6,6,20,37,5夜,曇,非市街地,舗装　乾燥,直路,施設なし,対象外当事者,対象外当事者,対象外当事者,対象外当事者,単路　5.5m以上,直路,単独（交差点付近を含む）,規制なし,人対車両,35～44歳,55～64歳,普通乗用,歩行者,自家用,対象外当事者,損傷なし,負傷,33.96174028,131.2550881,火曜,その他
岩国,102,負傷,0,1,国道188号,岩国市,2023,6,7,7,13,2昼,曇,市街地,舗装　乾燥,直路,施設なし,対象外当事者,対象外当事者,対象外当事者,対象外当事者,単路　5.5m以上,直路,単独（交差点付近を含む）,規制なし,車両相互,45～54歳,01～24歳,普通貨物,軽乗用,自家用,自家用,損傷なし,負傷,34.14312444,132.2126128,水曜,その他
長府,54,負傷,0,2,国道２号,下関市,2023,6,7,11,59,2昼,晴,市街地,舗装　乾燥,交差点,点灯３灯式,標識　規制なし,表示なし,標識　規制なし,表示なし,交差点　大　中,直路,交差点内,規制なし,車両相互,55～64歳,65～74歳,普通乗用,普通乗用,自家用,自家用,損傷なし,負傷,34.00464833,130.9829356,水曜,その他
岩国,98,負傷,0,1,国道２号,和木町,2023,6,7,15,43,2昼,晴,市街地,舗装　乾燥,直路,施設なし,対象外当事者,対象外当事者,対象外当事者,対象外当事者,単路　5.5m以上,直路,単独（交差点付近を含む）,規制なし,車両相互,55～64歳,45～54歳,普通乗用,普通乗用,自家用,自家用,損傷なし,負傷,34.20417667,132.22983,水曜,その他
岩国,100,負傷,0,2,県道,岩国市,2023,6,7,23,35,5夜,晴,市街地,舗装　乾燥,交差点,点灯３灯式,標識　規制なし,表示なし,標識　規制なし,表示なし,交差点　大　大,直路,交差点内,規制なし,車両相互,25～34歳,35～44歳,普通乗用,普通乗用,自家用,自家用,損傷なし,負傷,34.16863389,132.2259617,水曜,その他
山口南,50,負傷,0,1,県道,山口市,2023,6,8,7,2,2昼,雨,市街地,舗装　湿潤,直路,施設なし,対象外当事者,対象外当事者,対象外当事者,対象外当事者,単路　3.5m以上,直路,単独（交差点付近を含む）,規制なし,車両相互,55～64歳,45～54歳,普通乗用,軽乗用,自家用,自家用,損傷なし,負傷,34.10129861,131.4066367,木曜,その他
防府,84,負傷,0,1,県道,防府市,2023,6,8,7,48,2昼,雨,市街地,舗装　湿潤,交差点,点灯３灯式,標識　規制なし,表示なし,標識　規制なし,表示なし,交差点　大　中,直路,交差点内,規制なし,車両相互,75歳以上,01～24歳,軽乗用,自転車,自家用,自転車,損傷なし,負傷,34.02253889,131.5445842,木曜,その他
柳井,56,負傷,0,1,その他,柳井市,2023,6,8,13,40,2昼,雨,非市街地,舗装　乾燥,その他,施設なし,対象外当事者,対象外当事者,対象外当事者,対象外当事者,一般交通の場所,一般交通の場所,単独（交差点付近を含む）,規制なし,車両相互,65～74歳,25～34歳,普通乗用,普通乗用,自家用,自家用,損傷なし,負傷,34.00104528,132.1281992,木曜,その他
周南,106,負傷,0,1,市道,周南市,2023,6,8,18,8,2昼,雨,市街地,舗装　湿潤,交差点,施設なし,標識　規制なし,表示なし,標識　規制なし,表示なし,交差点　小　小,直路,交差点内,規制なし,車両相互,01～24歳,01～24歳,普通乗用,普通乗用,自家用,自家用,損傷なし,負傷,34.06636472,131.8179122,木曜,その他
長府,58,負傷,0,1,国道２号,下関市,2023,6,8,21,58,5夜,雨,市街地,舗装　湿潤,交差点,点灯押ボ式,標識　規制なし,表示なし,標識　規制なし,表示なし,交差点　大　中,直路,交差点内,規制なし,車両相互,65～74歳,25～34歳,大型貨物,普通乗用,事業用,自家用,損傷なし,負傷,34.02224194,131.0040794,木曜,その他
山陽小野田,54,負傷,0,2,県道,山陽小野田市,2023,6,9,8,34,2昼,曇,市街地,舗装　乾燥,交差点付近,施設なし,対象外当事者,対象外当事者,対象外当事者,対象外当事者,単路　9.0m以上,直路,単独（交差点付近を含む）,規制なし,車両相互,01～24歳,65～74歳,普通乗用,軽乗用,自家用,自家用,損傷なし,負傷,33.97670278,131.1772511,金曜,その他
周南,110,負傷,0,1,市道,周南市,2023,6,9,9,44,2昼,晴,市街地,舗装　乾燥,交差点,点灯３灯式,標識　規制なし,表示なし,標識　規制なし,表示なし,交差点　大　中,直路,交差点内,規制なし,車両相互,65～74歳,25～34歳,普通乗用,軽乗用,自家用,自家用,損傷なし,負傷,34.05584583,131.8074594,金曜,その他
宇部,143,負傷,0,1,国道２号,宇部市,2023,6,9,12,29,2昼,晴,非市街地,舗装　乾燥,直路,点灯３灯式,対象外当事者,対象外当事者,対象外当事者,対象外当事者,単路　3.5m以上,直路,単独（交差点付近を含む）,規制なし,車両相互,55～64歳,65～74歳,大型貨物,普通乗用,自家用,自家用,損傷なし,負傷,34.04597972,131.2270858,金曜,その他
周南,102,負傷,0,1,市道,周南市,2023,6,9,17,25,2昼,晴,市街地,舗装　乾燥,交差点,施設なし,標識　規制なし,表示なし,標識　規制なし,表示なし,交差点　小　小,直路,交差点内,規制なし,車両相互,35～44歳,25～34歳,普通乗用,軽乗用,自家用,自家用,損傷なし,負傷,34.03375222,131.842055,金曜,その他
宇部,146,負傷,0,1,市道,宇部市,2023,6,9,18,30,3昼暮,晴,市街地,舗装　乾燥,直路,施設なし,対象外当事者,対象外当事者,対象外当事者,対象外当事者,単路　13.0m以上,直路,単独（交差点付近を含む）,規制なし,車両相互,65～74歳,01～24歳,普通乗用,軽乗用,自家用,自家用,損傷なし,負傷,33.93202528,131.2584839,金曜,その他
山口南,55,負傷,0,1,国道９号,山口市,2023,6,10,10,18,2昼,曇,市街地,舗装　乾燥,交差点付近,施設なし,対象外当事者,対象外当事者,対象外当事者,対象外当事者,単路　9.0m以上,直路,単独（交差点付近を含む）,規制なし,車両相互,25～34歳,35～44歳,軽乗用,軽乗用,自家用,自家用,損傷なし,負傷,34.10244583,131.3943058,土曜,その他
防府,86,負傷,0,1,県道,防府市,2023,6,10,12,48,2昼,曇,市街地,舗装　乾燥,直路,施設なし,対象外当事者,対象外当事者,対象外当事者,対象外当事者,単路　5.5m以上,直路,単独（交差点付近を含む）,規制なし,車両相互,45～54歳,35～44歳,準中型貨物,普通乗用,事業用,自家用,損傷なし,負傷,34.04925472,131.5354289,土曜,その他
長府,56,負傷,0,1,国道９号,下関市,2023,6,10,14,32,2昼,晴,市街地,舗装　乾燥,交差点,点灯３灯式,標識　規制なし,表示なし,標識　規制なし,表示なし,交差点　大　中,直路,交差点内,規制なし,車両相互,65～74歳,45～54歳,軽乗用,軽乗用,自家用,自家用,損傷なし,負傷,33.982085,130.9816808,土曜,その他
下関,150,負傷,0,1,県道,下関市,2023,6,10,14,43,2昼,晴,市街地,舗装　乾燥,直路,施設なし,対象外当事者,対象外当事者,対象外当事者,対象外当事者,単路　3.5m未満,直路,単独（交差点付近を含む）,規制なし,車両相互,65～74歳,01～24歳,軽乗用,軽二輪　126～250cc,自家用,自家用,損傷なし,負傷,33.97915222,130.9394147,土曜,その他
宇部,167,負傷,0,1,市道,宇部市,2023,6,10,17,35,2昼,曇,市街地,舗装　乾燥,交差点付近,施設なし,対象外当事者,対象外当事者,対象外当事者,対象外当事者,単路　9.0m以上,直路,単独（交差点付近を含む）,規制なし,車両相互,01～24歳,45～54歳,普通乗用,普通乗用,自家用,自家用,損傷なし,負傷,33.96139083,131.2505497,土曜,その他
下松,42,負傷,0,1,市道,下松市,2023,6,11,9,42,2昼,曇,市街地,舗装　乾燥,交差点,点灯３灯式,標識　規制なし,表示なし,標識　規制なし,表示なし,交差点　大　小,直路,交差点内,規制なし,車両相互,45～54歳,01～24歳,普通乗用,軽乗用,自家用,自家用,負傷,損傷なし,34.02611611,131.8526269,日曜,その他
宇部,148,負傷,0,3,一般の交通の用に供するその他の道路,宇部市,2023,6,11,10,9,2昼,曇,市街地,舗装　乾燥,その他,施設なし,対象外当事者,対象外当事者,対象外当事者,対象外当事者,一般交通の場所,一般交通の場所,単独（交差点付近を含む）,規制なし,車両相互,25～34歳,35～44歳,普通乗用,軽乗用,自家用,自家用,負傷,損傷なし,33.97236861,131.2983811,日曜,その他
美祢,9,負傷,0,1,国道435号,美祢市,2023,6,11,11,36,2昼,曇,市街地,舗装　乾燥,直路,施設なし,対象外当事者,対象外当事者,対象外当事者,対象外当事者,単路　3.5m以上,直路,単独（交差点付近を含む）,規制なし,車両相互,55～64歳,25～34歳,軽乗用,小型二輪　751cc以上,自家用,自家用,損傷なし,負傷,34.18989472,131.1423353,日曜,その他
萩,21,負傷,0,1,県道,萩市,2023,6,11,14,36,2昼,晴,非市街地,舗装　乾燥,交差点,施設なし,標識　規制なし,表示なし,標識　規制なし,表示なし,交差点　中　中,直路,交差点内,規制なし,車両相互,35～44歳,35～44歳,軽乗用,軽貨物,自家用,自家用,損傷なし,損傷なし,34.42587472,131.4151964,日曜,その他
岩国,99,負傷,0,1,県道,岩国市,2023,6,11,15,29,2昼,晴,非市街地,舗装　乾燥,交差点,施設なし,標識　規制なし,表示なし,標識　規制なし,表示なし,交差点　大　中,直路,交差点内,規制なし,車両相互,35～44歳,55～64歳,軽乗用,軽乗用,自家用,自家用,損傷なし,負傷,34.13401056,132.1505597,日曜,その他