警察署,本票番号,事故内容,死者数,負傷者数,路線,市町村名,発生日時　　年,発生日時　　月,発生日時　　日,発生日時　　時,発生日時　　分,昼夜,天候,地形,路面状態,道路形状,信号機,一時停止規制標識（当事者A）,一時停止規制表示（当事者A）,一時停止規制標識（当事者B）,一時停止規制表示（当事者B）,車道幅員,道路線形,衝突地点,ゾーン規制,事故類型,年齢（当事者A）,年齢（当事者B）,当事者種別（当事者A）,当事者種別（当事者B）,用途別（当事者A）,用途別（当事者B）,人身損傷程度（当事者A）,人身損傷程度（当事者B）,緯度,経度,曜日,祝日
長府,55,負傷,0,1,市道,下関市,2023,6,11,17,5,2昼,晴,市街地,舗装　乾燥,交差点,施設なし,標識　規制なし,表示なし,対象外当事者,対象外当事者,交差点　小　小,直路,交差点内,規制なし,人対車両,65～74歳,01～24歳,普通乗用,歩行者,自家用,対象外当事者,損傷なし,負傷,34.03681167,131.0157569,日曜,その他
下関,142,負傷,0,1,市道,下関市,2023,6,11,17,19,2昼,晴,市街地,舗装　乾燥,交差点付近,点灯３灯式,対象外当事者,対象外当事者,対象外当事者,対象外当事者,単路　3.5m以上,直路,単独（交差点付近を含む）,規制なし,車両相互,45～54歳,01～24歳,普通乗用,軽乗用,自家用,自家用,負傷,損傷なし,33.98950472,130.9415156,日曜,その他
山口,84,死亡,1,0,県道,山口市,2023,6,12,0,35,5夜,曇,市街地,舗装　乾燥,カーブ,施設なし,対象外当事者,対象外当事者,対象外当事者,対象外当事者,単路　5.5m以上,カーブ右,単独（交差点付近を含む）,規制なし,人対車両,25～34歳,55～64歳,普通乗用,歩行者,自家用,対象外当事者,損傷なし,死亡,34.15825972,131.491775,月曜,その他
下関,144,負傷,0,1,国道９号,下関市,2023,6,12,7,10,2昼,晴,市街地,舗装　乾燥,交差点付近,点灯３灯式,対象外当事者,対象外当事者,対象外当事者,対象外当事者,単路　5.5m以上,直路,単独（交差点付近を含む）,規制なし,車両相互,25～34歳,35～44歳,普通乗用,軽乗用,自家用,自家用,負傷,損傷なし,33.96047528,130.951555,月曜,その他
宇部,151,負傷,0,1,市道,宇部市,2023,6,12,8,20,2昼,晴,市街地,舗装　乾燥,カーブ,施設なし,対象外当事者,対象外当事者,対象外当事者,対象外当事者,単路　3.5m以上,カーブ右,単独（交差点付近を含む）,規制なし,車両相互,01～24歳,25～34歳,自転車,自転車,自転車,自転車,損傷なし,負傷,33.95450556,131.2664872,月曜,その他
宇部,144,負傷,0,1,市道,宇部市,2023,6,13,7,25,2昼,晴,市街地,舗装　乾燥,直路,施設なし,対象外当事者,対象外当事者,対象外当事者,対象外当事者,単路　9.0m以上,直路,単独（交差点付近を含む）,規制なし,人対車両,75歳以上,01～24歳,原付一種,歩行者,自家用,対象外当事者,損傷なし,負傷,33.97833111,131.2571836,火曜,その他
山口,90,負傷,0,1,県道,山口市,2023,6,13,7,35,2昼,晴,市街地,舗装　乾燥,直路,施設なし,対象外当事者,対象外当事者,対象外当事者,対象外当事者,単路　3.5m未満,直路,単独（交差点付近を含む）,規制なし,車両相互,35～44歳,45～54歳,普通乗用,軽乗用,自家用,自家用,損傷なし,損傷なし,34.16913056,131.4645064,火曜,その他
萩,20,負傷,0,1,国道191号,阿武町,2023,6,13,7,37,2昼,晴,非市街地,舗装　乾燥,直路,施設なし,対象外当事者,対象外当事者,対象外当事者,対象外当事者,単路　5.5m以上,直路,単独（交差点付近を含む）,規制なし,車両相互,01～24歳,55～64歳,軽乗用,軽貨物,自家用,自家用,損傷なし,損傷なし,34.49882056,131.4691978,火曜,その他
美祢,12,負傷,0,1,国道435号,美祢市,2023,6,13,14,33,2昼,晴,市街地,舗装　乾燥,その他,施設なし,対象外当事者,対象外当事者,対象外当事者,対象外当事者,単路　9.0m以上,直路,単独（交差点付近を含む）,規制なし,車両相互,65～74歳,75歳以上,軽乗用,自転車,自家用,自転車,損傷なし,負傷,34.16877528,131.1719969,火曜,その他
下関,147,負傷,0,1,市道,下関市,2023,6,13,19,14,3昼暮,晴,市街地,舗装　乾燥,交差点,施設なし,標識　規制なし,表示なし,標識　規制なし,表示なし,交差点　小　小,直路,交差点内,規制なし,車両相互,01～24歳,25～34歳,普通乗用,軽乗用,自家用,自家用,損傷なし,負傷,33.98144861,130.9461981,火曜,その他
山陽小野田,56,負傷,0,1,その他,山陽小野田市,2023,6,13,21,43,5夜,晴,非市街地,舗装　乾燥,その他,施設なし,対象外当事者,対象外当事者,対象外当事者,対象外当事者,一般交通の場所,一般交通の場所,単独（交差点付近を含む）,規制なし,人対車両,45～54歳,35～44歳,軽乗用,歩行者,自家用,対象外当事者,損傷なし,負傷,34.008555,131.1716792,火曜,その他
山口,87,負傷,0,1,国道262号,山口市,2023,6,14,7,4,2昼,雨,非市街地,舗装　湿潤,交差点付近,施設なし,対象外当事者,対象外当事者,対象外当事者,対象外当事者,単路　9.0m以上,直路,単独（交差点付近を含む）,規制なし,車両相互,35～44歳,25～34歳,普通乗用,軽貨物,自家用,自家用,負傷,損傷なし,34.14305361,131.521925,水曜,その他
長府,60,負傷,0,1,国道491号,下関市,2023,6,14,13,58,2昼,晴,市街地,舗装　乾燥,交差点,点灯押ボ式,標識　規制なし,表示なし,標識　規制なし,表示なし,交差点　小　小,直路,交差点内,規制なし,車両相互,45～54歳,75歳以上,普通乗用,軽貨物,自家用,自家用,負傷,損傷なし,34.12752667,131.0213578,水曜,その他
下松,44,負傷,0,1,その他,下松市,2023,6,14,14,57,2昼,雨,非市街地,舗装　乾燥,その他,施設なし,対象外当事者,対象外当事者,対象外当事者,対象外当事者,一般交通の場所,一般交通の場所,単独（交差点付近を含む）,規制なし,車両相互,65～74歳,75歳以上,軽乗用,原付一種,自家用,自家用,損傷なし,負傷,34.01471778,131.8526836,水曜,その他
下関,145,負傷,0,1,市道,下関市,2023,6,14,14,57,2昼,曇,市街地,舗装　乾燥,交差点,施設なし,標識　規制なし,表示なし,対象外当事者,対象外当事者,交差点　中　小,直路,交差点内,規制なし,人対車両,35～44歳,01～24歳,普通乗用,歩行者,自家用,対象外当事者,損傷なし,負傷,34.02174972,130.9216125,水曜,その他
宇部,145,負傷,0,1,国道190号,宇部市,2023,6,14,16,25,2昼,曇,市街地,舗装　乾燥,交差点付近,施設なし,対象外当事者,対象外当事者,対象外当事者,対象外当事者,単路　9.0m以上,直路,単独（交差点付近を含む）,規制なし,車両相互,01～24歳,65～74歳,軽乗用,軽乗用,自家用,自家用,損傷なし,負傷,33.97600167,131.2014106,水曜,その他
柳井,57,負傷,0,1,県道,周防大島町,2023,6,14,16,39,2昼,曇,市街地,舗装　乾燥,直路,施設なし,対象外当事者,対象外当事者,対象外当事者,対象外当事者,単路　5.5m以上,直路,単独（交差点付近を含む）,規制なし,車両相互,35～44歳,45～54歳,普通乗用,軽乗用,自家用,自家用,負傷,損傷なし,33.95318333,132.185335,水曜,その他
高速隊,32,負傷,0,1,宇部有料,山口市,2023,6,14,18,10,2昼,曇,非市街地,舗装　乾燥,その他,施設なし,対象外当事者,対象外当事者,対象外当事者,対象外当事者,単路　5.5m以上,直路,単独（交差点付近を含む）,規制なし,車両相互,35～44歳,35～44歳,軽乗用,軽乗用,自家用,自家用,損傷なし,負傷,34.1003675,131.3835544,水曜,その他
下関,152,負傷,0,1,県道,下関市,2023,6,14,18,20,2昼,曇,市街地,舗装　乾燥,直路,施設なし,対象外当事者,対象外当事者,対象外当事者,対象外当事者,単路　13.0m以上,直路,単独（交差点付近を含む）,規制なし,車両相互,35～44歳,01～24歳,軽乗用,自転車,自家用,自転車,損傷なし,負傷,33.98733,130.9309894,水曜,その他
山口南,66,負傷,0,2,県道,山口市,2023,6,15,10,30,2昼,晴,非市街地,舗装　乾燥,交差点,点灯押ボ式,標識　規制なし,表示なし,標識　規制なし,表示なし,交差点　中　中,直路,交差点内,規制なし,車両相互,75歳以上,35～44歳,軽乗用,軽貨物,自家用,自家用,負傷,損傷なし,34.092685,131.415805,木曜,その他
山陽小野田,57,負傷,0,1,県道,山陽小野田市,2023,6,15,10,35,2昼,晴,非市街地,舗装　乾燥,交差点,施設なし,標識　規制なし,表示なし,標識　標準　反射式,表示なし,交差点　中　中,直路,交差点内,規制なし,車両相互,35～44歳,45～54歳,普通乗用,軽貨物,自家用,自家用,負傷,損傷なし,34.03449444,131.2074183,木曜,その他
周南,117,負傷,0,1,その他,周南市,2023,6,15,11,43,2昼,晴,市街地,舗装　乾燥,その他,施設なし,対象外当事者,対象外当事者,対象外当事者,対象外当事者,一般交通の場所,一般交通の場所,単独（交差点付近を含む）,規制なし,車両相互,65～74歳,35～44歳,軽乗用,軽貨物,自家用,自家用,損傷なし,負傷,34.05542806,131.8293044,木曜,その他
山口南,65,負傷,0,1,一般の交通の用に供するその他の道路,山口市,2023,6,15,13,30,2昼,曇,市街地,舗装　乾燥,その他,施設なし,対象外当事者,対象外当事者,対象外当事者,対象外当事者,一般交通の場所,一般交通の場所,単独（交差点付近を含む）,規制なし,車両相互,65～74歳,35～44歳,普通乗用,普通乗用,自家用,自家用,損傷なし,負傷,34.08355056,131.3979761,木曜,その他
山口南,52,負傷,0,1,市道,山口市,2023,6,15,13,46,2昼,曇,非市街地,舗装　乾燥,直路,施設なし,対象外当事者,対象外当事者,対象外当事者,対象外当事者,単路　3.5m以上,直路,単独（交差点付近を含む）,規制なし,車両相互,65～74歳,45～54歳,軽乗用,軽乗用,自家用,自家用,損傷なし,負傷,34.07803694,131.4224886,木曜,その他
柳井,60,負傷,0,1,県道,田布施町,2023,6,15,17,11,2昼,晴,市街地,舗装　乾燥,交差点,点灯３灯式,標識　規制なし,表示なし,標識　規制なし,表示なし,交差点　大　中,直路,交差点内,規制なし,車両相互,65～74歳,75歳以上,軽貨物,自転車,自家用,自転車,損傷なし,負傷,33.95587972,132.0468628,木曜,その他
防府,88,負傷,0,1,県道,防府市,2023,6,15,17,12,2昼,晴,市街地,舗装　乾燥,直路,施設なし,対象外当事者,対象外当事者,対象外当事者,対象外当事者,単路　9.0m以上,直路,単独（交差点付近を含む）,規制なし,車両相互,65～74歳,45～54歳,普通乗用,軽乗用,自家用,自家用,損傷なし,負傷,34.0486725,131.6050067,木曜,その他
光,41,負傷,0,1,国道２号,周南市,2023,6,15,18,12,2昼,晴,非市街地,舗装　乾燥,交差点,施設なし,標識　規制なし,表示なし,標識　規制なし,表示なし,交差点　中　小,カーブ右,交差点内,規制なし,車両相互,35～44歳,35～44歳,軽乗用,軽貨物,自家用,自家用,負傷,損傷なし,34.05720472,131.9730739,木曜,その他
下関,155,負傷,0,1,市道,下関市,2023,6,15,18,16,2昼,晴,市街地,舗装　乾燥,交差点,施設なし,標識　規制なし,表示なし,対象外当事者,対象外当事者,交差点　中　小,直路,交差点内,規制なし,人対車両,65～74歳,55～64歳,軽乗用,歩行者,自家用,対象外当事者,損傷なし,負傷,33.95836417,130.9178767,木曜,その他
宇部,156,負傷,0,1,市道,宇部市,2023,6,15,18,22,2昼,晴,市街地,舗装　乾燥,直路,施設なし,対象外当事者,対象外当事者,対象外当事者,対象外当事者,単路　5.5m以上,直路,単独（交差点付近を含む）,規制なし,車両単独,01～24歳,不明,自転車,物件等,自転車,対象外当事者,負傷,対象外当事者,33.95642389,131.2681169,木曜,その他
光,43,負傷,0,3,市道,光市,2023,6,15,18,24,2昼,晴,市街地,舗装　乾燥,交差点,施設なし,標識　規制なし,表示なし,標識　縮小,表示なし,交差点　中　小,直路,交差点内,規制なし,車両相互,25～34歳,35～44歳,準中型貨物,軽乗用,自家用,自家用,負傷,損傷なし,33.97740694,131.9388064,木曜,その他
周南,111,負傷,0,1,市道,周南市,2023,6,15,19,40,4夜暮,曇,市街地,舗装　乾燥,直路,点灯３灯式,対象外当事者,対象外当事者,対象外当事者,対象外当事者,単路　9.0m以上,直路,単独（交差点付近を含む）,規制なし,車両相互,25～34歳,75歳以上,普通乗用,軽乗用,自家用,自家用,負傷,損傷なし,34.04355417,131.8149814,木曜,その他
防府,93,負傷,0,1,県道,防府市,2023,6,15,20,2,4夜暮,晴,市街地,舗装　乾燥,直路,施設なし,対象外当事者,対象外当事者,対象外当事者,対象外当事者,単路　13.0m以上,直路,単独（交差点付近を含む）,規制なし,車両相互,01～24歳,55～64歳,軽乗用,軽貨物,自家用,自家用,損傷なし,負傷,34.03587917,131.5707217,木曜,その他
高速隊,33,負傷,0,1,高速道路,山口市,2023,6,15,20,20,4夜暮,曇,非市街地,舗装　乾燥,直路,施設なし,対象外当事者,対象外当事者,対象外当事者,対象外当事者,単路　19.5m以上,直路,単独（交差点付近を含む）,規制なし,車両相互,25～34歳,35～44歳,中型貨物,準中型貨物,事業用,自家用,損傷なし,負傷,34.13169,131.4460458,木曜,その他
宇部,147,負傷,0,1,国道490号,宇部市,2023,6,16,10,44,2昼,晴,市街地,舗装　乾燥,交差点付近,施設なし,対象外当事者,対象外当事者,対象外当事者,対象外当事者,単路　13.0m以上,直路,単独（交差点付近を含む）,規制なし,人対車両,75歳以上,01～24歳,軽乗用,歩行者,自家用,対象外当事者,損傷なし,負傷,33.96306917,131.2634147,金曜,その他
長門,23,負傷,0,4,県道,長門市,2023,6,16,16,26,2昼,晴,市街地,舗装　乾燥,カーブ,施設なし,対象外当事者,対象外当事者,対象外当事者,対象外当事者,単路　3.5m未満,カーブ左,単独（交差点付近を含む）,規制なし,車両単独,55～64歳,不明,普通乗用,物件等,自家用,対象外当事者,負傷,対象外当事者,34.41821778,131.2138247,金曜,その他
長府,59,負傷,0,1,国道435号,下関市,2023,6,16,17,23,2昼,晴,非市街地,舗装　乾燥,直路,施設なし,対象外当事者,対象外当事者,対象外当事者,対象外当事者,単路　5.5m以上,直路,単独（交差点付近を含む）,規制なし,車両相互,01～24歳,35～44歳,軽乗用,軽乗用,自家用,自家用,損傷なし,損傷なし,34.21707,131.0502783,金曜,その他
長府,88,負傷,0,1,市道,下関市,2023,6,16,17,58,2昼,晴,市街地,舗装　乾燥,交差点,点灯３灯式,標識　規制なし,表示なし,標識　規制なし,表示なし,交差点　中　小,直路,交差点内,規制なし,車両相互,65～74歳,35～44歳,軽貨物,自転車,事業用,自転車,損傷なし,負傷,34.03268528,131.0138392,金曜,その他
下関,165,負傷,0,1,国道191号,下関市,2023,6,16,19,55,4夜暮,晴,市街地,舗装　乾燥,直路,施設なし,対象外当事者,対象外当事者,対象外当事者,対象外当事者,単路　5.5m以上,直路,単独（交差点付近を含む）,規制なし,人対車両,55～64歳,75歳以上,軽二輪　126～250cc,歩行者,自家用,対象外当事者,損傷なし,負傷,34.07542417,130.8967547,金曜,その他
山陽小野田,59,負傷,0,1,国道２号,山陽小野田市,2023,6,17,8,29,2昼,晴,非市街地,舗装　乾燥,カーブ,施設なし,対象外当事者,対象外当事者,対象外当事者,対象外当事者,単路　5.5m以上,カーブ左,単独（交差点付近を含む）,規制なし,車両相互,45～54歳,45～54歳,大型貨物,普通乗用,事業用,自家用,損傷なし,損傷なし,34.04587722,131.1455917,土曜,その他
宇部,154,負傷,0,2,市道,宇部市,2023,6,17,10,18,2昼,晴,市街地,舗装　乾燥,交差点,施設なし,標識　規制なし,表示なし,標識　標準　反射式,表示あり,交差点　小　小,直路,交差点内,規制なし,車両相互,25～34歳,75歳以上,普通乗用,軽乗用,自家用,自家用,負傷,損傷なし,33.95993028,131.2352292,土曜,その他
宇部,165,負傷,0,1,国道190号,宇部市,2023,6,17,14,22,2昼,晴,市街地,舗装　乾燥,直路,施設なし,対象外当事者,対象外当事者,対象外当事者,対象外当事者,単路　5.5m以上,直路,単独（交差点付近を含む）,規制なし,車両相互,65～74歳,45～54歳,軽乗用,原付二種　51～125cc,自家用,自家用,損傷なし,負傷,33.95469583,131.2397281,土曜,その他
宇部,168,負傷,0,1,市道,宇部市,2023,6,17,17,15,2昼,晴,市街地,舗装　乾燥,交差点,施設なし,標識　標準　反射式,表示あり,標識　規制なし,表示なし,交差点　中　中,直路,交差点内,規制なし,車両相互,01～24歳,45～54歳,普通乗用,普通乗用,自家用,自家用,損傷なし,負傷,33.98702889,131.3174236,土曜,その他
山口南,54,負傷,0,4,国道２号,山口市,2023,6,18,9,34,2昼,曇,市街地,舗装　乾燥,直路,施設なし,対象外当事者,対象外当事者,対象外当事者,対象外当事者,単路　5.5m以上,直路,単独（交差点付近を含む）,規制なし,車両相互,35～44歳,45～54歳,普通乗用,普通乗用,自家用,自家用,損傷なし,負傷,34.08564361,131.4392744,日曜,その他
山口,96,負傷,0,1,県道,山口市,2023,6,18,11,26,2昼,晴,市街地,舗装　乾燥,交差点,施設なし,標識　標準　反射式,表示あり,標識　規制なし,表示なし,交差点　大　小,直路,交差点内,規制なし,車両相互,35～44歳,75歳以上,軽乗用,自転車,自家用,自転車,損傷なし,負傷,34.15815583,131.4440397,日曜,その他
下関,151,負傷,0,2,国道２号,下関市,2023,6,18,14,6,2昼,晴,市街地,舗装　乾燥,カーブ,施設なし,対象外当事者,対象外当事者,対象外当事者,対象外当事者,単路　5.5m以上,カーブ左,単独（交差点付近を含む）,規制なし,車両相互,65～74歳,45～54歳,軽乗用,軽貨物,自家用,自家用,損傷なし,負傷,33.98031278,130.9483667,日曜,その他
宇部,176,負傷,0,1,県道,宇部市,2023,6,18,16,7,2昼,晴,市街地,舗装　乾燥,交差点,施設なし,標識　規制なし,表示なし,対象外当事者,対象外当事者,交差点　大　小,直路,交差点内,規制なし,人対車両,01～24歳,75歳以上,普通乗用,歩行者,自家用,対象外当事者,損傷なし,負傷,33.95095278,131.2964475,日曜,その他
山口南,56,負傷,0,1,県道,山口市,2023,6,18,17,20,2昼,晴,非市街地,舗装　乾燥,直路,施設なし,対象外当事者,対象外当事者,対象外当事者,対象外当事者,単路　5.5m以上,直路,単独（交差点付近を含む）,規制なし,車両相互,55～64歳,25～34歳,普通乗用,軽乗用,自家用,自家用,負傷,損傷なし,34.03374972,131.4639175,日曜,その他
宇部,155,負傷,0,1,市道,宇部市,2023,6,18,19,5,3昼暮,晴,非市街地,舗装　乾燥,カーブ,施設なし,対象外当事者,対象外当事者,対象外当事者,対象外当事者,単路　9.0m以上,カーブ右,単独（交差点付近を含む）,規制なし,車両相互,45～54歳,01～24歳,普通乗用,軽乗用,自家用,自家用,負傷,損傷なし,33.979,131.2826725,日曜,その他
防府,89,負傷,0,1,市道,防府市,2023,6,19,6,31,2昼,晴,市街地,舗装　乾燥,交差点付近,施設なし,対象外当事者,対象外当事者,対象外当事者,対象外当事者,単路　3.5m未満,直路,単独（交差点付近を含む）,規制なし,人対車両,55～64歳,75歳以上,普通乗用,歩行者,自家用,対象外当事者,損傷なし,負傷,34.04431556,131.5677036,月曜,その他
山口南,53,負傷,0,1,市道,山口市,2023,6,19,7,52,2昼,晴,市街地,舗装　乾燥,交差点,施設なし,標識　規制なし,表示なし,標識　規制なし,表示なし,交差点　小　小,直路,交差点内,規制なし,車両相互,01～24歳,01～24歳,普通乗用,自転車,自家用,自転車,損傷なし,負傷,34.09917694,131.3957594,月曜,その他
山口南,60,負傷,0,1,県道,山口市,2023,6,19,7,53,2昼,晴,市街地,舗装　乾燥,交差点付近,点灯３灯式,対象外当事者,対象外当事者,対象外当事者,対象外当事者,単路　5.5m以上,直路,単独（交差点付近を含む）,規制なし,車両相互,25～34歳,35～44歳,準中型貨物,普通乗用,自家用,自家用,損傷なし,損傷なし,34.01294139,131.3681561,月曜,その他
防府,91,負傷,0,1,県道,防府市,2023,6,19,10,49,2昼,晴,非市街地,舗装　乾燥,交差点,点灯３灯式,標識　規制なし,表示なし,標識　規制なし,表示なし,交差点　大　中,直路,交差点内,規制なし,車両相互,75歳以上,75歳以上,普通乗用,自転車,自家用,自転車,損傷なし,負傷,34.06656694,131.5462619,月曜,その他
周南,116,負傷,0,1,県道,周南市,2023,6,19,10,57,2昼,晴,市街地,舗装　乾燥,直路,施設なし,対象外当事者,対象外当事者,対象外当事者,対象外当事者,単路　9.0m以上,直路,単独（交差点付近を含む）,規制なし,人対車両,75歳以上,45～54歳,普通乗用,歩行者,自家用,対象外当事者,損傷なし,負傷,34.07207333,131.7577442,月曜,その他
光,40,負傷,0,1,国道188号,光市,2023,6,19,11,52,2昼,晴,市街地,舗装　乾燥,直路,施設なし,対象外当事者,対象外当事者,対象外当事者,対象外当事者,単路　9.0m以上,直路,単独（交差点付近を含む）,規制なし,車両相互,75歳以上,55～64歳,普通乗用,軽乗用,自家用,自家用,損傷なし,負傷,33.97148222,131.9254047,月曜,その他
宇部,213,負傷,0,1,一般の交通の用に供するその他の道路,宇部市,2023,6,19,12,45,2昼,晴,市街地,舗装　乾燥,その他,施設なし,対象外当事者,対象外当事者,対象外当事者,対象外当事者,一般交通の場所,一般交通の場所,単独（交差点付近を含む）,規制なし,車両相互,25～34歳,55～64歳,普通乗用,軽乗用,自家用,自家用,損傷なし,負傷,33.93982417,131.2530206,月曜,その他
長門,24,負傷,0,1,国道191号,長門市,2023,6,19,16,34,2昼,晴,市街地,舗装　乾燥,直路,施設なし,対象外当事者,対象外当事者,対象外当事者,対象外当事者,単路　5.5m以上,直路,単独（交差点付近を含む）,規制なし,車両相互,45～54歳,35～44歳,普通貨物,軽乗用,自家用,自家用,損傷なし,負傷,34.37025694,131.1739525,月曜,その他
宇部,173,負傷,0,1,国道２号,宇部市,2023,6,19,18,15,2昼,晴,市街地,舗装　乾燥,直路,点灯３灯式,対象外当事者,対象外当事者,対象外当事者,対象外当事者,単路　5.5m以上,直路,単独（交差点付近を含む）,規制なし,車両相互,45～54歳,01～24歳,普通乗用,軽乗用,自家用,自家用,負傷,損傷なし,34.05593722,131.3168811,月曜,その他
山口南,57,負傷,0,3,県道,山口市,2023,6,19,19,23,3昼暮,晴,市街地,舗装　乾燥,交差点,施設なし,標識　標準　反射式,表示あり,標識　規制なし,表示なし,交差点　中　中,直路,交差点内,規制なし,車両相互,35～44歳,35～44歳,普通乗用,軽乗用,自家用,自家用,損傷なし,負傷,34.01498417,131.4336025,月曜,その他
宇部,161,負傷,0,1,市道,宇部市,2023,6,19,19,42,4夜暮,晴,市街地,舗装　乾燥,交差点,施設なし,標識　規制なし,表示なし,標識　標準　反射式,表示あり,交差点　大　小,直路,交差点内,規制なし,車両相互,25～34歳,25～34歳,軽乗用,自転車,自家用,自転車,損傷なし,負傷,33.93359278,131.2607781,月曜,その他
下関,178,負傷,0,1,市道,下関市,2023,6,20,7,55,2昼,晴,市街地,舗装　乾燥,直路,施設なし,対象外当事者,対象外当事者,対象外当事者,対象外当事者,単路　3.5m以上,直路,単独（交差点付近を含む）,規制なし,車両相互,35～44歳,35～44歳,普通乗用,普通乗用,自家用,自家用,損傷なし,負傷,33.9898425,130.9413769,火曜,その他
長府,64,負傷,0,1,市道,下関市,2023,6,20,8,12,2昼,晴,市街地,舗装　乾燥,交差点,施設なし,対象外当事者,対象外当事者,対象外当事者,対象外当事者,交差点　小　小,直路,交差点内,規制なし,人対車両,01～24歳,不明,歩行者,対象外当事者,対象外当事者,対象外当事者,負傷,対象外当事者,33.99886278,130.985175,火曜,その他
柳井,58,負傷,0,1,市道,柳井市,2023,6,20,12,18,2昼,晴,非市街地,舗装　乾燥,交差点,施設なし,標識　標準　反射式,表示あり,標識　規制なし,表示あり,交差点　小　小,直路,交差点内,規制なし,車両相互,65～74歳,75歳以上,普通乗用,軽貨物,自家用,自家用,損傷なし,負傷,33.96758222,132.0840653,火曜,その他
岩国,103,負傷,0,1,県道,岩国市,2023,6,20,18,1,2昼,晴,非市街地,舗装　乾燥,交差点,施設なし,標識　規制なし,表示なし,標識　規制なし,表示なし,交差点　中　中,直路,単独（交差点付近を含む）,規制なし,車両相互,75歳以上,45～54歳,普通乗用,軽乗用,自家用,自家用,損傷なし,負傷,34.22488861,132.1051508,火曜,その他
周南,114,負傷,0,1,県道,周南市,2023,6,21,9,22,2昼,雨,市街地,舗装　湿潤,交差点付近,施設なし,対象外当事者,対象外当事者,対象外当事者,対象外当事者,単路　5.5m以上,直路,単独（交差点付近を含む）,規制なし,車両相互,25～34歳,25～34歳,普通乗用,普通乗用,自家用,自家用,損傷なし,負傷,34.05857583,131.8146669,水曜,その他
山口南,61,負傷,0,1,国道９号,山口市,2023,6,21,10,15,2昼,雨,市街地,舗装　湿潤,交差点,点灯３灯式,標識　規制なし,表示なし,標識　規制なし,表示なし,交差点　中　中,直路,交差点内,規制なし,車両相互,55～64歳,55～64歳,普通乗用,普通貨物,自家用,自家用,損傷なし,負傷,34.11452472,131.4012792,水曜,その他
宇部,159,負傷,0,1,市道,宇部市,2023,6,21,11,54,2昼,雨,非市街地,舗装　湿潤,直路,施設なし,対象外当事者,対象外当事者,対象外当事者,対象外当事者,単路　3.5m未満,直路,単独（交差点付近を含む）,規制なし,車両相互,25～34歳,25～34歳,軽乗用,軽貨物,自家用,自家用,負傷,損傷なし,33.94554444,131.2918561,水曜,その他
宇部,153,負傷,0,1,国道190号,宇部市,2023,6,21,12,19,2昼,雨,非市街地,舗装　湿潤,交差点,点灯３灯式,標識　規制なし,表示なし,標識　規制なし,表示なし,交差点　大　中,直路,交差点内,規制なし,車両相互,25～34歳,55～64歳,普通乗用,軽乗用,自家用,自家用,損傷なし,負傷,33.95914722,131.2343178,水曜,その他
美祢,11,負傷,0,1,市道,美祢市,2023,6,21,14,4,2昼,雨,非市街地,舗装　湿潤,交差点,施設なし,標識　規制なし,表示なし,標識　規制なし,表示なし,交差点　大　中,直路,交差点内,規制なし,車両相互,65～74歳,75歳以上,普通乗用,普通乗用,自家用,自家用,損傷なし,負傷,34.17512667,131.1966906,水曜,その他
周南,113,負傷,0,1,国道315号,周南市,2023,6,21,19,8,3昼暮,雨,非市街地,舗装　湿潤,交差点付近,点灯３灯式,対象外当事者,対象外当事者,対象外当事者,対象外当事者,単路　9.0m以上,直路,単独（交差点付近を含む）,規制なし,車両相互,45～54歳,25～34歳,普通乗用,普通乗用,自家用,自家用,損傷なし,負傷,34.13661889,131.8297586,水曜,その他
宇部,152,負傷,0,1,市道,宇部市,2023,6,22,6,39,2昼,曇,市街地,舗装　乾燥,交差点,施設なし,標識　規制なし,表示なし,標識　規制なし,表示なし,交差点　小　小,直路,交差点内,規制なし,車両相互,01～24歳,25～34歳,普通乗用,自転車,自家用,自転車,損傷なし,負傷,33.95557139,131.2703444,木曜,その他
防府,109,負傷,0,1,市道,防府市,2023,6,22,7,50,2昼,晴,市街地,舗装　乾燥,交差点付近,施設なし,対象外当事者,対象外当事者,対象外当事者,対象外当事者,単路　9.0m以上,直路,単独（交差点付近を含む）,ゾーン３０,車両相互,75歳以上,01～24歳,普通乗用,自転車,自家用,自転車,損傷なし,負傷,34.06118861,131.5727617,木曜,その他
山口,89,負傷,0,1,市道,山口市,2023,6,22,8,6,2昼,晴,市街地,舗装　乾燥,交差点,施設なし,標識　規制なし,表示なし,標識　規制なし,表示なし,交差点　大　中,直路,交差点内,規制なし,車両相互,65～74歳,25～34歳,軽貨物,自転車,自家用,自転車,損傷なし,負傷,34.159875,131.4598889,木曜,その他
防府,97,負傷,0,1,市道,防府市,2023,6,22,14,50,2昼,晴,市街地,舗装　乾燥,直路,施設なし,対象外当事者,対象外当事者,対象外当事者,対象外当事者,単路　3.5m以上,直路,単独（交差点付近を含む）,規制なし,人対車両,45～54歳,45～54歳,軽貨物,歩行者,事業用,対象外当事者,損傷なし,負傷,34.05745556,131.6034903,木曜,その他
長府,63,負傷,0,1,国道491号,下関市,2023,6,22,16,8,2昼,晴,市街地,舗装　乾燥,直路,点灯３灯式,対象外当事者,対象外当事者,対象外当事者,対象外当事者,単路　13.0m以上,直路,単独（交差点付近を含む）,規制なし,車両相互,55～64歳,35～44歳,軽乗用,軽乗用,自家用,自家用,損傷なし,負傷,34.12277806,131.0325619,木曜,その他