警察署,本票番号,事故内容,死者数,負傷者数,路線,市町村名,発生日時　　年,発生日時　　月,発生日時　　日,発生日時　　時,発生日時　　分,昼夜,天候,地形,路面状態,道路形状,信号機,一時停止規制標識（当事者A）,一時停止規制表示（当事者A）,一時停止規制標識（当事者B）,一時停止規制表示（当事者B）,車道幅員,道路線形,衝突地点,ゾーン規制,事故類型,年齢（当事者A）,年齢（当事者B）,当事者種別（当事者A）,当事者種別（当事者B）,用途別（当事者A）,用途別（当事者B）,人身損傷程度（当事者A）,人身損傷程度（当事者B）,緯度,経度,曜日,祝日
周南,128,負傷,0,1,県道,周南市,2023,7,18,7,53,2昼,曇,市街地,舗装　乾燥,交差点,施設なし,標識　規制なし,表示なし,標識　規制なし,表示なし,交差点　中　小,直路,交差点内,規制なし,車両相互,35～44歳,75歳以上,普通貨物,駆動補助装置付自転車,自家用,自転車,損傷なし,負傷,34.02200139,131.8340097,火曜,その他
宇部,187,負傷,0,1,国道190号,宇部市,2023,7,18,9,13,2昼,晴,非市街地,舗装　乾燥,直路,施設なし,対象外当事者,対象外当事者,対象外当事者,対象外当事者,単路　5.5m以上,直路,単独（交差点付近を含む）,規制なし,車両相互,35～44歳,25～34歳,普通乗用,軽乗用,自家用,自家用,負傷,損傷なし,33.98782833,131.34467,火曜,その他
下関,196,負傷,0,1,市道,下関市,2023,7,18,10,38,2昼,晴,市街地,舗装　乾燥,交差点,施設なし,標識　規制なし,表示なし,標識　規制なし,表示なし,交差点　中　小,直路,単独（交差点付近を含む）,規制なし,車両相互,55～64歳,55～64歳,普通乗用,軽乗用,事業用,自家用,損傷なし,負傷,33.97731389,130.9210294,火曜,その他
宇部,180,負傷,0,1,市道,宇部市,2023,7,18,11,58,2昼,晴,非市街地,舗装　乾燥,直路,施設なし,対象外当事者,対象外当事者,対象外当事者,対象外当事者,単路　5.5m以上,直路,単独（交差点付近を含む）,規制なし,車両相互,35～44歳,75歳以上,普通貨物,軽貨物,自家用,自家用,負傷,損傷なし,33.988255,131.2697722,火曜,その他
防府,114,負傷,0,1,国道２号,防府市,2023,7,18,13,43,2昼,晴,非市街地,舗装　乾燥,直路,施設なし,対象外当事者,対象外当事者,対象外当事者,対象外当事者,単路　5.5m以上,直路,単独（交差点付近を含む）,規制なし,車両相互,45～54歳,25～34歳,普通乗用,軽乗用,自家用,自家用,損傷なし,負傷,34.05128306,131.5207033,火曜,その他
萩,24,負傷,0,1,国道191号,萩市,2023,7,18,13,56,2昼,晴,非市街地,舗装　乾燥,直路,施設なし,対象外当事者,対象外当事者,対象外当事者,対象外当事者,単路　5.5m以上,直路,単独（交差点付近を含む）,規制なし,車両相互,45～54歳,65～74歳,普通乗用,普通貨物,自家用,事業用,損傷なし,負傷,34.62574278,131.6338208,火曜,その他
長門,26,負傷,0,1,県道,長門市,2023,7,18,14,40,2昼,晴,市街地,舗装　乾燥,直路,施設なし,対象外当事者,対象外当事者,対象外当事者,対象外当事者,単路　5.5m以上,直路,単独（交差点付近を含む）,規制なし,車両単独,25～34歳,不明,普通乗用,物件等,自家用,対象外当事者,損傷なし,対象外当事者,34.38680806,131.2024386,火曜,その他
防府,135,負傷,0,1,市道,防府市,2023,7,19,6,12,1昼明,雨,市街地,舗装　湿潤,交差点付近,点灯３灯式,対象外当事者,対象外当事者,対象外当事者,対象外当事者,単路　3.5m未満,直路,単独（交差点付近を含む）,規制なし,車両相互,65～74歳,35～44歳,普通乗用,軽乗用,自家用,自家用,損傷なし,負傷,34.05381694,131.5583533,水曜,その他
宇部,186,負傷,0,1,国道190号,宇部市,2023,7,19,7,29,2昼,曇,市街地,舗装　湿潤,交差点,点灯３灯式,標識　規制なし,表示なし,標識　規制なし,表示なし,交差点　大　中,直路,交差点内,規制なし,車両相互,01～24歳,01～24歳,普通乗用,自転車,自家用,自転車,損傷なし,負傷,33.975755,131.2007025,水曜,その他
防府,115,負傷,0,1,県道,防府市,2023,7,19,8,10,2昼,曇,非市街地,舗装　乾燥,直路,施設なし,対象外当事者,対象外当事者,対象外当事者,対象外当事者,単路　5.5m以上,直路,単独（交差点付近を含む）,規制なし,車両相互,01～24歳,25～34歳,普通乗用,普通乗用,自家用,自家用,損傷なし,負傷,34.02831889,131.5606144,水曜,その他
宇部,181,負傷,0,1,市道,宇部市,2023,7,19,8,40,2昼,雨,非市街地,舗装　湿潤,直路,施設なし,対象外当事者,対象外当事者,対象外当事者,対象外当事者,単路　9.0m以上,直路,単独（交差点付近を含む）,規制なし,車両相互,65～74歳,55～64歳,普通乗用,軽乗用,自家用,自家用,負傷,損傷なし,33.96087444,131.2524458,水曜,その他
下関,176,負傷,0,1,県道,下関市,2023,7,19,9,25,2昼,曇,市街地,舗装　湿潤,直路,施設なし,対象外当事者,対象外当事者,対象外当事者,対象外当事者,単路　3.5m以上,直路,単独（交差点付近を含む）,規制なし,車両相互,35～44歳,55～64歳,普通乗用,普通貨物,自家用,自家用,負傷,損傷なし,33.96966167,130.9422933,水曜,その他
山口南,73,負傷,0,1,市道,山口市,2023,7,19,9,50,2昼,雨,市街地,舗装　湿潤,交差点付近,施設なし,対象外当事者,対象外当事者,対象外当事者,対象外当事者,単路　3.5m以上,直路,単独（交差点付近を含む）,規制なし,人対車両,65～74歳,65～74歳,軽貨物,歩行者,自家用,対象外当事者,損傷なし,負傷,34.01042889,131.3585542,水曜,その他
宇部,183,負傷,0,1,市道,宇部市,2023,7,19,10,0,2昼,雨,非市街地,舗装　湿潤,直路,施設なし,対象外当事者,対象外当事者,対象外当事者,対象外当事者,単路　5.5m以上,直路,単独（交差点付近を含む）,規制なし,車両相互,01～24歳,25～34歳,普通乗用,軽貨物,自家用,自家用,損傷なし,負傷,33.94827667,131.2649186,水曜,その他
山口南,70,負傷,0,1,市道,山口市,2023,7,19,14,6,2昼,曇,市街地,舗装　乾燥,カーブ,施設なし,対象外当事者,対象外当事者,対象外当事者,対象外当事者,単路　3.5m以上,カーブ右,単独（交差点付近を含む）,規制なし,車両相互,75歳以上,35～44歳,軽乗用,軽貨物,自家用,自家用,損傷なし,負傷,34.11672972,131.4017967,水曜,その他
宇部,209,負傷,0,1,国道190号,宇部市,2023,7,19,16,30,2昼,曇,市街地,舗装　乾燥,交差点,点灯押ボ式,標識　規制なし,表示なし,標識　規制なし,表示なし,交差点　大　中,直路,交差点内,規制なし,車両相互,65～74歳,25～34歳,軽乗用,軽二輪　126～250cc,自家用,自家用,損傷なし,負傷,33.9535475,131.2409761,水曜,その他
宇部,179,負傷,0,1,市道,宇部市,2023,7,19,16,40,2昼,晴,市街地,舗装　乾燥,直路,施設なし,対象外当事者,対象外当事者,対象外当事者,対象外当事者,単路　5.5m以上,直路,単独（交差点付近を含む）,規制なし,車両相互,25～34歳,01～24歳,普通乗用,自転車,自家用,自転車,損傷なし,負傷,33.95178583,131.2744283,水曜,その他
防府,107,負傷,0,1,市道,防府市,2023,7,19,18,50,3昼暮,晴,市街地,舗装　乾燥,交差点,施設なし,標識　規制なし,表示なし,標識　標準　反射式,表示あり,交差点　小　小,直路,交差点内,規制なし,車両相互,35～44歳,01～24歳,軽乗用,軽貨物,自家用,自家用,負傷,損傷なし,34.03632,131.5665181,水曜,その他
周南,144,負傷,0,1,国道２号,周南市,2023,7,20,7,0,2昼,晴,非市街地,舗装　乾燥,交差点,施設なし,標識　規制なし,表示なし,標識　規制なし,表示なし,交差点　大　小,直路,交差点内,規制なし,車両相互,01～24歳,01～24歳,軽乗用,軽乗用,自家用,自家用,損傷なし,負傷,34.06914222,131.6977386,木曜,その他
宇部,191,負傷,0,1,市道,宇部市,2023,7,20,7,12,2昼,晴,市街地,舗装　乾燥,交差点,施設なし,標識　規制なし,表示なし,標識　標準　反射式,表示なし,交差点　小　小,直路,交差点内,ゾーン３０,車両相互,25～34歳,65～74歳,軽乗用,自転車,自家用,自転車,損傷なし,負傷,33.93359083,131.2607775,木曜,その他
下関,185,負傷,0,1,市道,下関市,2023,7,20,9,51,2昼,晴,市街地,舗装　乾燥,カーブ,施設なし,対象外当事者,対象外当事者,対象外当事者,対象外当事者,単路　5.5m以上,カーブ左,単独（交差点付近を含む）,規制なし,車両相互,45～54歳,35～44歳,軽貨物,原付二種　51～125cc,自家用,自家用,損傷なし,負傷,33.99553917,130.9451389,木曜,その他
宇部,184,負傷,0,1,市道,宇部市,2023,7,20,12,53,2昼,晴,市街地,舗装　乾燥,交差点,施設なし,標識　規制なし,表示あり,標識　規制なし,表示なし,交差点　中　小,直路,交差点内,規制なし,車両相互,35～44歳,75歳以上,普通乗用,軽乗用,自家用,自家用,負傷,損傷なし,33.95709333,131.3182442,木曜,その他
山口,104,負傷,0,1,県道,山口市,2023,7,20,14,27,2昼,晴,非市街地,舗装　乾燥,交差点,点灯押ボ式,標識　規制なし,表示なし,標識　規制なし,表示なし,交差点　小　小,直路,交差点内,規制なし,車両相互,65～74歳,55～64歳,普通乗用,自転車,自家用,自転車,損傷なし,負傷,34.13726639,131.43948,木曜,その他
山口南,69,負傷,0,1,国道９号,山口市,2023,7,21,8,43,2昼,晴,非市街地,舗装　乾燥,交差点,施設なし,標識　標準　反射式,表示あり,標識　規制なし,表示なし,交差点　大　小,直路,交差点内,規制なし,車両相互,75歳以上,01～24歳,軽乗用,自転車,自家用,自転車,損傷なし,負傷,34.116385,131.4012658,金曜,その他
下松,50,負傷,0,1,県道,下松市,2023,7,21,14,19,2昼,晴,非市街地,舗装　乾燥,交差点付近,施設なし,対象外当事者,対象外当事者,対象外当事者,対象外当事者,単路　5.5m以上,直路,単独（交差点付近を含む）,規制なし,車両相互,75歳以上,45～54歳,普通乗用,軽乗用,事業用,自家用,負傷,損傷なし,34.01295889,131.8567422,金曜,その他
防府,110,負傷,0,1,県道,防府市,2023,7,21,16,39,2昼,晴,市街地,舗装　乾燥,交差点,点灯３灯式,標識　規制なし,表示なし,対象外当事者,対象外当事者,交差点　大　中,直路,交差点内,規制なし,人対車両,45～54歳,75歳以上,軽乗用,歩行者,自家用,対象外当事者,損傷なし,負傷,34.05721861,131.5665531,金曜,その他
岩国,128,負傷,0,1,県道,岩国市,2023,7,21,17,27,2昼,晴,非市街地,舗装　乾燥,交差点,施設なし,標識　規制なし,表示なし,標識　規制なし,表示なし,交差点　中　中,直路,交差点内,規制なし,車両相互,25～34歳,65～74歳,軽乗用,軽二輪　126～250cc,自家用,自家用,損傷なし,負傷,34.14356167,132.1741186,金曜,その他
下関,180,負傷,0,1,市道,下関市,2023,7,21,17,41,2昼,晴,市街地,舗装　乾燥,交差点,点灯３灯式,標識　規制なし,表示なし,対象外当事者,対象外当事者,交差点　大　中,直路,交差点内,規制なし,人対車両,65～74歳,55～64歳,普通乗用,歩行者,事業用,対象外当事者,損傷なし,負傷,33.9595125,130.9319111,金曜,その他
山口,116,負傷,0,1,市道,山口市,2023,7,21,22,3,5夜,晴,市街地,舗装　乾燥,交差点,施設なし,標識　規制なし,表示なし,標識　規制なし,表示なし,交差点　小　小,直路,交差点内,規制なし,車両相互,01～24歳,01～24歳,軽乗用,自転車,自家用,自転車,損傷なし,負傷,34.154715,131.4634878,金曜,その他
周南,142,負傷,0,1,国道315号,周南市,2023,7,22,7,57,2昼,晴,市街地,舗装　乾燥,直路,点灯押ボ式,対象外当事者,対象外当事者,対象外当事者,対象外当事者,単路　5.5m以上,直路,単独（交差点付近を含む）,規制なし,人対車両,55～64歳,01～24歳,軽乗用,歩行者,自家用,対象外当事者,損傷なし,負傷,34.06454889,131.8258203,土曜,その他
柳井,71,負傷,0,1,県道,田布施町,2023,7,22,8,44,2昼,晴,市街地,舗装　乾燥,直路,施設なし,対象外当事者,対象外当事者,対象外当事者,対象外当事者,単路　5.5m以上,直路,単独（交差点付近を含む）,規制なし,車両相互,45～54歳,35～44歳,普通乗用,普通貨物,自家用,自家用,負傷,損傷なし,33.95688528,132.0410872,土曜,その他
防府,119,負傷,0,1,県道,防府市,2023,7,22,11,17,2昼,晴,市街地,舗装　乾燥,直路,施設なし,対象外当事者,対象外当事者,対象外当事者,対象外当事者,単路　5.5m以上,直路,単独（交差点付近を含む）,規制なし,車両相互,65～74歳,01～24歳,普通乗用,自転車,自家用,自転車,損傷なし,負傷,34.03622194,131.5705156,土曜,その他
柳井,76,負傷,0,1,国道437号,周防大島町,2023,7,22,11,26,2昼,晴,非市街地,舗装　乾燥,交差点,点灯３灯式,標識　規制なし,表示なし,対象外当事者,対象外当事者,交差点　中　中,直路,交差点内,規制なし,人対車両,65～74歳,65～74歳,普通乗用,歩行者,自家用,対象外当事者,損傷なし,負傷,33.91499083,132.3041283,土曜,その他
下関,207,負傷,0,1,県道,下関市,2023,7,22,12,34,2昼,晴,市街地,舗装　乾燥,交差点付近,施設なし,対象外当事者,対象外当事者,対象外当事者,対象外当事者,単路　3.5m未満,直路,単独（交差点付近を含む）,規制なし,車両相互,25～34歳,01～24歳,準中型貨物,普通乗用,自家用,自家用,損傷なし,負傷,33.96165639,130.9418472,土曜,その他
山陽小野田,65,負傷,0,1,国道190号,山陽小野田市,2023,7,22,13,40,2昼,晴,非市街地,舗装　乾燥,直路,施設なし,対象外当事者,対象外当事者,対象外当事者,対象外当事者,単路　5.5m以上,直路,単独（交差点付近を含む）,規制なし,車両相互,25～34歳,25～34歳,軽乗用,軽貨物,自家用,自家用,負傷,損傷なし,34.04149889,131.0803825,土曜,その他
宇部,194,負傷,0,1,市道,宇部市,2023,7,23,8,5,2昼,晴,市街地,舗装　乾燥,交差点,施設なし,標識　標準　反射式,表示なし,標識　規制なし,表示なし,交差点　中　中,直路,交差点内,規制なし,車両相互,35～44歳,25～34歳,普通乗用,軽乗用,自家用,自家用,損傷なし,負傷,33.94900528,131.2668069,日曜,その他
萩,23,負傷,0,1,国道191号,萩市,2023,7,23,13,3,2昼,晴,非市街地,舗装　乾燥,交差点,点灯３灯式,標識　規制なし,表示なし,標識　規制なし,表示なし,交差点　中　中,直路,交差点内,規制なし,車両相互,55～64歳,65～74歳,軽乗用,軽乗用,自家用,自家用,損傷なし,負傷,34.61947778,131.6003061,日曜,その他
山口南,68,負傷,0,2,一般の交通の用に供するその他の道路,山口市,2023,7,23,14,13,2昼,晴,市街地,舗装　乾燥,その他,施設なし,対象外当事者,対象外当事者,対象外当事者,対象外当事者,一般交通の場所,一般交通の場所,単独（交差点付近を含む）,規制なし,車両相互,75歳以上,35～44歳,軽乗用,軽乗用,自家用,自家用,損傷なし,損傷なし,34.11828639,131.4014283,日曜,その他
柳井,77,負傷,0,1,町道,平生町,2023,7,23,15,35,2昼,晴,非市街地,舗装　乾燥,直路,施設なし,対象外当事者,対象外当事者,対象外当事者,対象外当事者,単路　5.5m以上,直路,単独（交差点付近を含む）,規制なし,車両相互,45～54歳,25～34歳,普通乗用,自転車,自家用,自転車,損傷なし,負傷,33.89407417,132.0770144,日曜,その他
岩国,119,負傷,0,1,国道２号,岩国市,2023,7,23,16,7,2昼,晴,市街地,舗装　乾燥,交差点,点灯３灯式,標識　規制なし,表示なし,標識　規制なし,表示なし,交差点　中　小,直路,交差点内,規制なし,車両相互,55～64歳,01～24歳,軽乗用,軽乗用,自家用,自家用,損傷なし,負傷,34.09181194,132.0607453,日曜,その他
長府,66,負傷,0,1,県道,下関市,2023,7,23,18,19,2昼,晴,非市街地,舗装　乾燥,直路,施設なし,対象外当事者,対象外当事者,対象外当事者,対象外当事者,単路　5.5m以上,直路,単独（交差点付近を含む）,規制なし,車両相互,55～64歳,25～34歳,普通乗用,軽乗用,自家用,自家用,負傷,損傷なし,34.08393639,131.0711506,日曜,その他
小串,8,負傷,0,1,県道,下関市,2023,7,24,8,3,2昼,晴,非市街地,舗装　乾燥,カーブ,施設なし,対象外当事者,対象外当事者,対象外当事者,対象外当事者,単路　3.5m未満,カーブ左,単独（交差点付近を含む）,規制なし,車両相互,25～34歳,75歳以上,軽乗用,軽乗用,自家用,自家用,損傷なし,負傷,34.12864028,130.9369617,月曜,その他
岩国,129,負傷,0,1,市道,岩国市,2023,7,24,9,49,2昼,晴,市街地,舗装　乾燥,交差点,施設なし,標識　規制なし,表示なし,標識　規制なし,表示なし,交差点　大　中,直路,交差点内,規制なし,車両相互,45～54歳,35～44歳,普通乗用,原付二種　51～125cc,自家用,自家用,損傷なし,負傷,34.18081528,132.2290397,月曜,その他
防府,116,負傷,0,1,国道２号,防府市,2023,7,24,14,20,2昼,晴,市街地,舗装　乾燥,カーブ,施設なし,対象外当事者,対象外当事者,対象外当事者,対象外当事者,単路　9.0m以上,カーブ右,単独（交差点付近を含む）,規制なし,車両相互,45～54歳,35～44歳,普通乗用,普通乗用,自家用,自家用,損傷なし,負傷,34.06828556,131.5551067,月曜,その他
岩国,120,負傷,0,1,市道,岩国市,2023,7,24,15,36,2昼,晴,市街地,舗装　乾燥,交差点,施設なし,標識　規制なし,表示なし,対象外当事者,対象外当事者,交差点　大　小,直路,交差点内,規制なし,人対車両,35～44歳,01～24歳,軽乗用,歩行者,自家用,対象外当事者,損傷なし,負傷,34.14073056,132.1949419,月曜,その他
光,48,負傷,0,1,市道,光市,2023,7,24,17,1,2昼,晴,市街地,舗装　乾燥,交差点,施設なし,標識　規制なし,表示なし,標識　規制なし,表示なし,交差点　中　小,直路,交差点内,規制なし,車両相互,65～74歳,65～74歳,普通乗用,自転車,自家用,自転車,損傷なし,負傷,33.9623525,131.9475464,月曜,その他
防府,120,負傷,0,1,市道,防府市,2023,7,24,17,46,2昼,曇,市街地,舗装　乾燥,交差点,点灯３灯式,標識　規制なし,表示なし,標識　規制なし,表示なし,交差点　中　中,直路,交差点内,規制なし,車両相互,01～24歳,35～44歳,普通乗用,小型二輪　401～750cc,自家用,自家用,損傷なし,負傷,34.05111222,131.5590256,月曜,その他
長府,74,負傷,0,1,国道２号,下関市,2023,7,24,18,35,3昼暮,雨,市街地,舗装　湿潤,直路,施設なし,対象外当事者,対象外当事者,対象外当事者,対象外当事者,単路　9.0m以上,直路,単独（交差点付近を含む）,規制なし,車両相互,55～64歳,45～54歳,普通乗用,普通乗用,自家用,自家用,損傷なし,負傷,34.00411556,130.9894736,月曜,その他
下関,182,負傷,0,1,市道,下関市,2023,7,25,4,6,5夜,晴,市街地,舗装　乾燥,交差点,施設なし,標識　規制なし,表示なし,対象外当事者,対象外当事者,交差点　中　小,直路,交差点内,規制なし,人対車両,35～44歳,75歳以上,普通乗用,歩行者,自家用,対象外当事者,損傷なし,負傷,33.98361167,130.9211828,火曜,その他
下関,188,負傷,0,1,県道,下関市,2023,7,25,8,47,2昼,晴,市街地,舗装　乾燥,直路,施設なし,対象外当事者,対象外当事者,対象外当事者,対象外当事者,単路　3.5m未満,直路,単独（交差点付近を含む）,規制なし,車両相互,55～64歳,25～34歳,普通乗用,軽乗用,自家用,自家用,負傷,損傷なし,33.97468167,130.9478467,火曜,その他
下関,184,負傷,0,1,国道191号,下関市,2023,7,25,10,50,2昼,晴,市街地,舗装　乾燥,直路,施設なし,対象外当事者,対象外当事者,対象外当事者,対象外当事者,単路　3.5m以上,直路,単独（交差点付近を含む）,規制なし,車両相互,65～74歳,45～54歳,普通乗用,自転車,自家用,自転車,損傷なし,負傷,34.02235139,130.9164275,火曜,その他
宇部,190,負傷,0,1,国道490号,宇部市,2023,7,25,11,53,2昼,晴,市街地,舗装　乾燥,交差点,施設なし,標識　標準　反射式,表示なし,標識　規制なし,表示なし,交差点　大　小,直路,交差点内,規制なし,車両相互,75歳以上,45～54歳,軽乗用,軽乗用,自家用,自家用,損傷なし,負傷,33.96163083,131.2622811,火曜,その他
下関,189,負傷,0,1,県道,下関市,2023,7,25,14,37,2昼,曇,市街地,舗装　乾燥,直路,施設なし,対象外当事者,対象外当事者,対象外当事者,対象外当事者,単路　3.5m未満,直路,単独（交差点付近を含む）,規制なし,車両相互,35～44歳,45～54歳,準中型貨物,軽貨物,自家用,自家用,損傷なし,負傷,34.02792917,130.9567769,火曜,その他
宇部,198,負傷,0,1,国道490号,宇部市,2023,7,25,15,55,2昼,曇,市街地,舗装　湿潤,交差点,施設なし,標識　標準　反射式,表示あり,標識　規制なし,表示なし,交差点　大　中,直路,交差点内,規制なし,車両相互,65～74歳,01～24歳,軽乗用,原付一種,自家用,自家用,損傷なし,負傷,33.95411417,131.2572817,火曜,その他
高速隊,43,負傷,0,1,高速道路,下関市,2023,7,25,16,23,2昼,雨,非市街地,舗装　湿潤,直路,施設なし,対象外当事者,対象外当事者,対象外当事者,対象外当事者,単路　3.5m以上,直路,単独（交差点付近を含む）,規制なし,車両相互,25～34歳,35～44歳,普通乗用,軽乗用,自家用,自家用,負傷,損傷なし,33.98668194,130.9510817,火曜,その他
山陽小野田,67,負傷,0,1,国道190号,山陽小野田市,2023,7,25,17,23,2昼,雨,非市街地,舗装　乾燥,交差点付近,点灯３灯式,対象外当事者,対象外当事者,対象外当事者,対象外当事者,単路　5.5m以上,直路,単独（交差点付近を含む）,規制なし,車両相互,25～34歳,45～54歳,普通乗用,軽乗用,自家用,自家用,損傷なし,負傷,34.00647833,131.1751747,火曜,その他
下関,183,負傷,0,1,市道,下関市,2023,7,26,14,20,2昼,晴,市街地,舗装　乾燥,直路,施設なし,対象外当事者,対象外当事者,対象外当事者,対象外当事者,単路　5.5m以上,直路,単独（交差点付近を含む）,規制なし,車両相互,45～54歳,65～74歳,準中型貨物,普通乗用,自家用,自家用,損傷なし,負傷,33.97465306,130.9472247,水曜,その他
山口南,74,負傷,0,1,国道２号,山口市,2023,7,26,16,22,2昼,晴,非市街地,舗装　乾燥,直路,施設なし,対象外当事者,対象外当事者,対象外当事者,対象外当事者,単路　13.0m以上,直路,単独（交差点付近を含む）,規制なし,車両相互,45～54歳,25～34歳,大型貨物,軽乗用,自家用,自家用,損傷なし,負傷,34.08230167,131.4469953,水曜,その他
下関,186,負傷,0,1,市道,下関市,2023,7,26,16,35,2昼,晴,市街地,舗装　乾燥,直路,施設なし,対象外当事者,対象外当事者,対象外当事者,対象外当事者,単路　5.5m以上,直路,単独（交差点付近を含む）,規制なし,車両相互,45～54歳,45～54歳,普通乗用,普通乗用,自家用,自家用,損傷なし,負傷,33.99287472,130.9405264,水曜,その他
山口,105,負傷,0,1,国道435号,山口市,2023,7,26,16,48,2昼,晴,市街地,舗装　乾燥,交差点,点灯３灯式,標識　規制なし,表示なし,標識　規制なし,表示なし,交差点　小　小,直路,交差点内,規制なし,車両相互,55～64歳,65～74歳,普通乗用,軽乗用,自家用,自家用,損傷なし,負傷,34.16601,131.4374494,水曜,その他
山口南,88,負傷,0,1,県道,山口市,2023,7,27,12,8,2昼,晴,非市街地,舗装　乾燥,交差点,点灯押ボ式,標識　標準　反射式,表示あり,標識　規制なし,表示なし,交差点　中　小,直路,交差点内,規制なし,車両相互,55～64歳,01～24歳,普通乗用,小型二輪　251～400cc,自家用,自家用,損傷なし,負傷,34.11432972,131.4000378,木曜,その他
下関,181,負傷,0,1,市道,下関市,2023,7,27,17,26,2昼,晴,非市街地,舗装　乾燥,交差点,施設なし,標識　規制なし,表示なし,標識　規制なし,表示なし,交差点　小　小,直路,交差点内,規制なし,車両相互,35～44歳,45～54歳,軽乗用,自転車,自家用,自転車,損傷なし,負傷,33.9413075,130.9199283,木曜,その他
宇部,202,負傷,0,1,市道,宇部市,2023,7,27,17,38,2昼,晴,非市街地,舗装　乾燥,直路,施設なし,対象外当事者,対象外当事者,対象外当事者,対象外当事者,単路　5.5m以上,直路,単独（交差点付近を含む）,規制なし,車両相互,25～34歳,01～24歳,準中型貨物,原付二種　51～125cc,自家用,自家用,負傷,損傷なし,33.97682917,131.3292056,木曜,その他
下関,191,負傷,0,2,その他,下関市,2023,7,27,18,37,3昼暮,晴,市街地,舗装　乾燥,その他,施設なし,対象外当事者,対象外当事者,対象外当事者,対象外当事者,一般交通の場所,一般交通の場所,単独（交差点付近を含む）,規制なし,車両単独,65～74歳,不明,軽乗用,物件等,自家用,対象外当事者,損傷なし,対象外当事者,33.95051806,130.9284681,木曜,その他
周南,134,負傷,0,1,市道,周南市,2023,7,28,5,45,1昼明,晴,市街地,舗装　乾燥,交差点,施設なし,標識　規制なし,表示なし,標識　規制なし,表示なし,交差点　中　小,直路,交差点内,規制なし,車両相互,55～64歳,55～64歳,普通乗用,軽貨物,自家用,自家用,損傷なし,負傷,34.06217139,131.8100286,金曜,その他
宇部,188,負傷,0,1,市道,宇部市,2023,7,28,8,8,2昼,晴,市街地,舗装　乾燥,直路,施設なし,対象外当事者,対象外当事者,対象外当事者,対象外当事者,単路　5.5m以上,直路,単独（交差点付近を含む）,規制なし,車両相互,55～64歳,35～44歳,普通乗用,普通乗用,自家用,自家用,損傷なし,負傷,33.9675525,131.2694992,金曜,その他
宇部,193,負傷,0,1,市道,宇部市,2023,7,28,11,32,2昼,晴,市街地,舗装　乾燥,交差点,施設なし,標識　規制なし,表示なし,標識　規制なし,表示なし,交差点　小　小,直路,交差点内,規制なし,車両相互,65～74歳,01～24歳,軽貨物,自転車,自家用,自転車,損傷なし,負傷,33.97118056,131.2108617,金曜,その他
小串,9,負傷,0,1,市道,下関市,2023,7,28,13,41,2昼,晴,非市街地,舗装　乾燥,交差点,施設なし,標識　規制なし,表示なし,標識　規制なし,表示なし,交差点　大　中,直路,交差点内,規制なし,車両相互,55～64歳,75歳以上,普通乗用,軽貨物,自家用,自家用,負傷,損傷なし,34.17419444,130.9284578,金曜,その他
岩国,127,負傷,0,1,国道188号,岩国市,2023,7,28,15,36,2昼,晴,非市街地,舗装　乾燥,直路,施設なし,対象外当事者,対象外当事者,対象外当事者,対象外当事者,単路　5.5m以上,直路,単独（交差点付近を含む）,規制なし,車両相互,55～64歳,75歳以上,普通乗用,軽乗用,自家用,自家用,損傷なし,負傷,34.05412306,132.2087225,金曜,その他
防府,113,負傷,0,1,県道,防府市,2023,7,28,16,3,2昼,晴,市街地,舗装　乾燥,直路,施設なし,対象外当事者,対象外当事者,対象外当事者,対象外当事者,単路　5.5m以上,直路,単独（交差点付近を含む）,規制なし,車両相互,01～24歳,75歳以上,普通乗用,軽乗用,自家用,自家用,負傷,損傷なし,34.05702917,131.5635803,金曜,その他
萩,28,負傷,0,1,一般の交通の用に供するその他の道路,萩市,2023,7,28,17,46,2昼,晴,市街地,舗装　乾燥,その他,施設なし,対象外当事者,対象外当事者,対象外当事者,対象外当事者,一般交通の場所,一般交通の場所,単独（交差点付近を含む）,規制なし,車両相互,35～44歳,65～74歳,普通貨物,軽乗用,事業用,自家用,損傷なし,損傷なし,34.40340639,131.4022289,金曜,その他
防府,117,負傷,0,1,国道２号,防府市,2023,7,28,18,5,2昼,晴,非市街地,舗装　乾燥,直路,施設なし,対象外当事者,対象外当事者,対象外当事者,対象外当事者,単路　9.0m以上,直路,単独（交差点付近を含む）,規制なし,車両相互,55～64歳,25～34歳,普通乗用,軽乗用,自家用,自家用,損傷なし,負傷,34.06186944,131.6575742,金曜,その他
宇部,197,負傷,0,1,市道,宇部市,2023,7,28,19,2,3昼暮,晴,市街地,舗装　乾燥,交差点,施設なし,標識　標準　反射式,表示なし,標識　規制なし,表示なし,交差点　中　小,直路,交差点内,規制なし,車両相互,25～34歳,35～44歳,普通乗用,普通乗用,自家用,自家用,損傷なし,負傷,33.93655583,131.2595178,金曜,その他
宇部,199,負傷,0,1,一般の交通の用に供するその他の道路,宇部市,2023,7,29,4,39,6夜明,晴,非市街地,舗装　乾燥,その他,施設なし,対象外当事者,対象外当事者,対象外当事者,対象外当事者,一般交通の場所,一般交通の場所,単独（交差点付近を含む）,規制なし,人対車両,45～54歳,45～54歳,原付一種,歩行者,自家用,対象外当事者,損傷なし,負傷,33.97544333,131.2256922,土曜,その他