警察署,本票番号,事故内容,死者数,負傷者数,路線,市町村名,発生日時　　年,発生日時　　月,発生日時　　日,発生日時　　時,発生日時　　分,昼夜,天候,地形,路面状態,道路形状,信号機,一時停止規制標識（当事者A）,一時停止規制表示（当事者A）,一時停止規制標識（当事者B）,一時停止規制表示（当事者B）,車道幅員,道路線形,衝突地点,ゾーン規制,事故類型,年齢（当事者A）,年齢（当事者B）,当事者種別（当事者A）,当事者種別（当事者B）,用途別（当事者A）,用途別（当事者B）,人身損傷程度（当事者A）,人身損傷程度（当事者B）,緯度,経度,曜日,祝日
防府,118,負傷,0,1,県道,防府市,2023,7,29,6,58,2昼,曇,市街地,舗装　乾燥,交差点,点灯３灯式,標識　規制なし,表示なし,標識　規制なし,表示なし,交差点　中　中,直路,交差点内,規制なし,車両相互,65～74歳,65～74歳,軽乗用,軽貨物,自家用,自家用,損傷なし,負傷,34.05990222,131.4882203,土曜,その他
長府,67,負傷,0,1,国道491号,下関市,2023,7,29,9,55,2昼,晴,市街地,舗装　乾燥,交差点,点灯３灯式,標識　規制なし,表示なし,標識　規制なし,表示なし,交差点　中　小,直路,交差点内,規制なし,車両相互,55～64歳,35～44歳,軽乗用,小型二輪　251～400cc,自家用,自家用,損傷なし,負傷,34.03336222,131.0084467,土曜,その他
小串,12,負傷,0,1,県道,下関市,2023,7,29,10,44,2昼,晴,市街地,舗装　乾燥,交差点,点灯３灯式,標識　規制なし,表示なし,標識　規制なし,表示なし,交差点　中　中,直路,交差点内,規制なし,車両相互,35～44歳,65～74歳,普通乗用,普通乗用,自家用,自家用,損傷なし,負傷,34.146255,130.9248133,土曜,その他
下関,190,負傷,0,1,県道,下関市,2023,7,29,15,54,2昼,晴,市街地,舗装　乾燥,交差点付近,点灯３灯式,対象外当事者,対象外当事者,対象外当事者,対象外当事者,単路　9.0m以上,直路,単独（交差点付近を含む）,規制なし,車両相互,25～34歳,65～74歳,普通乗用,軽乗用,自家用,自家用,負傷,損傷なし,33.99230639,130.9277433,土曜,その他
柳井,83,負傷,0,1,国道188号,柳井市,2023,7,29,21,55,5夜,晴,非市街地,舗装　乾燥,直路,施設なし,対象外当事者,対象外当事者,対象外当事者,対象外当事者,単路　5.5m以上,直路,単独（交差点付近を含む）,規制なし,車両相互,01～24歳,35～44歳,普通乗用,普通乗用,自家用,自家用,損傷なし,損傷なし,33.97088361,132.1914069,土曜,その他
周南,132,負傷,0,1,県道,周南市,2023,7,31,7,18,2昼,晴,市街地,舗装　乾燥,直路,施設なし,対象外当事者,対象外当事者,対象外当事者,対象外当事者,単路　3.5m未満,直路,単独（交差点付近を含む）,規制なし,車両相互,55～64歳,75歳以上,普通貨物,自転車,自家用,自転車,損傷なし,負傷,34.02340972,131.8325769,月曜,その他
防府,128,負傷,0,2,市道,防府市,2023,7,31,10,15,2昼,晴,市街地,舗装　乾燥,直路,施設なし,対象外当事者,対象外当事者,対象外当事者,対象外当事者,単路　5.5m以上,直路,単独（交差点付近を含む）,規制なし,車両相互,45～54歳,45～54歳,軽乗用,軽貨物,自家用,自家用,損傷なし,負傷,34.05088361,131.5772264,月曜,その他
下松,53,負傷,0,1,市道,下松市,2023,7,31,10,52,2昼,晴,市街地,舗装　乾燥,直路,施設なし,対象外当事者,対象外当事者,対象外当事者,対象外当事者,単路　5.5m以上,直路,単独（交差点付近を含む）,規制なし,車両相互,75歳以上,75歳以上,軽乗用,自転車,自家用,自転車,損傷なし,負傷,34.01567583,131.8681072,月曜,その他
岩国,132,負傷,0,3,市道,岩国市,2023,7,31,12,20,2昼,晴,市街地,舗装　乾燥,交差点付近,施設なし,対象外当事者,対象外当事者,対象外当事者,対象外当事者,単路　5.5m以上,直路,単独（交差点付近を含む）,規制なし,車両相互,45～54歳,01～24歳,普通乗用,普通乗用,自家用,自家用,損傷なし,負傷,34.16423194,132.2126556,月曜,その他
岩国,125,負傷,0,1,国道２号,岩国市,2023,7,31,17,15,2昼,晴,市街地,舗装　乾燥,カーブ,施設なし,対象外当事者,対象外当事者,対象外当事者,対象外当事者,単路　13.0m以上,カーブ右,単独（交差点付近を含む）,規制なし,車両相互,25～34歳,25～34歳,普通乗用,普通乗用,自家用,自家用,損傷なし,負傷,34.17886,132.2304025,月曜,その他
山陽小野田,66,負傷,0,1,国道190号,山陽小野田市,2023,7,31,20,27,5夜,晴,非市街地,舗装　乾燥,直路,施設なし,対象外当事者,対象外当事者,対象外当事者,対象外当事者,単路　5.5m以上,直路,単独（交差点付近を含む）,規制なし,人対車両,55～64歳,25～34歳,普通乗用,歩行者,自家用,対象外当事者,損傷なし,負傷,34.01926056,131.1544069,月曜,その他
長府,75,負傷,0,1,一般の交通の用に供するその他の道路,下関市,2023,8,1,4,15,5夜,晴,市街地,舗装　乾燥,その他,施設なし,対象外当事者,対象外当事者,対象外当事者,対象外当事者,一般交通の場所,一般交通の場所,単独（交差点付近を含む）,規制なし,人対車両,55～64歳,45～54歳,大型貨物,歩行者,事業用,対象外当事者,損傷なし,負傷,34.02376861,131.0051969,火曜,その他
岩国,124,負傷,0,1,国道２号,岩国市,2023,8,1,7,32,2昼,晴,非市街地,舗装　乾燥,交差点付近,点灯３灯式,対象外当事者,対象外当事者,対象外当事者,対象外当事者,単路　9.0m以上,直路,単独（交差点付近を含む）,規制なし,車両相互,65～74歳,35～44歳,普通乗用,普通乗用,自家用,自家用,損傷なし,負傷,34.10093111,132.0923981,火曜,その他
下関,187,負傷,0,2,国道２号,下関市,2023,8,1,9,8,2昼,晴,市街地,舗装　乾燥,交差点付近,施設なし,対象外当事者,対象外当事者,対象外当事者,対象外当事者,単路　13.0m以上,直路,単独（交差点付近を含む）,規制なし,車両相互,25～34歳,35～44歳,普通乗用,普通乗用,自家用,自家用,損傷なし,負傷,33.98768306,130.9505408,火曜,その他
山口,111,負傷,0,2,市道,山口市,2023,8,1,9,10,2昼,晴,非市街地,舗装　乾燥,交差点,施設なし,標識　規制なし,表示なし,標識　規制なし,表示なし,交差点　中　中,直路,交差点内,規制なし,車両相互,01～24歳,45～54歳,軽乗用,軽乗用,自家用,自家用,負傷,負傷,34.16168917,131.4687533,火曜,その他
防府,129,負傷,0,1,市道,防府市,2023,8,1,10,28,2昼,晴,市街地,舗装　乾燥,交差点,施設なし,標識　規制なし,表示なし,標識　規制なし,表示なし,交差点　中　小,直路,交差点内,規制なし,車両相互,35～44歳,75歳以上,軽乗用,自転車,自家用,自転車,損傷なし,負傷,34.04571333,131.5536833,火曜,その他
萩,25,負傷,0,2,国道191号,阿武町,2023,8,1,12,9,2昼,晴,非市街地,舗装　乾燥,交差点,施設なし,標識　規制なし,表示なし,標識　規制なし,表示なし,交差点　小　小,直路,交差点内,規制なし,車両相互,01～24歳,65～74歳,普通乗用,軽乗用,自家用,自家用,損傷なし,負傷,34.58689389,131.5684056,火曜,その他
下関,206,負傷,0,1,その他,下関市,2023,8,1,13,45,2昼,晴,市街地,舗装　乾燥,その他,施設なし,対象外当事者,対象外当事者,対象外当事者,対象外当事者,一般交通の場所,一般交通の場所,単独（交差点付近を含む）,規制なし,人対車両,75歳以上,55～64歳,軽乗用,歩行者,自家用,対象外当事者,損傷なし,負傷,34.01335972,130.9217467,火曜,その他
山陽小野田,68,負傷,0,1,県道,山陽小野田市,2023,8,1,16,45,2昼,晴,非市街地,舗装　乾燥,直路,施設なし,対象外当事者,対象外当事者,対象外当事者,対象外当事者,単路　5.5m以上,直路,単独（交差点付近を含む）,規制なし,車両相互,55～64歳,65～74歳,普通乗用,普通乗用,事業用,自家用,損傷なし,負傷,34.01048472,131.1905844,火曜,その他
長府,80,負傷,0,1,市道,下関市,2023,8,1,17,0,2昼,晴,非市街地,舗装　乾燥,直路,施設なし,対象外当事者,対象外当事者,対象外当事者,対象外当事者,単路　3.5m以上,直路,単独（交差点付近を含む）,規制なし,人対車両,65～74歳,55～64歳,軽貨物,歩行者,自家用,対象外当事者,損傷なし,負傷,34.18541917,131.0637061,火曜,その他
宇部,189,負傷,0,1,市道,宇部市,2023,8,1,17,15,2昼,晴,市街地,舗装　乾燥,交差点,施設なし,標識　規制なし,表示なし,標識　規制なし,表示なし,交差点　中　小,直路,交差点内,規制なし,車両相互,25～34歳,01～24歳,普通乗用,軽乗用,自家用,自家用,負傷,損傷なし,33.96413556,131.3104114,火曜,その他
下関,9,負傷,0,1,県道,下関市,2022,8,2,7,34,2昼,晴,市街地,舗装　乾燥,交差点,施設なし,標識　標準　反射式,表示あり,標識　規制なし,表示なし,交差点　大　中,直路,交差点内,規制なし,車両相互,01～24歳,35～44歳,軽乗用,軽貨物,自家用,自家用,損傷なし,負傷,33.99067722,130.92854,火曜,その他
下松,72,負傷,0,1,国道188号,下松市,2023,8,2,10,16,2昼,晴,市街地,舗装　乾燥,交差点,点灯３灯式,標識　規制なし,表示なし,標識　規制なし,表示なし,交差点　大　中,直路,交差点内,規制なし,車両相互,75歳以上,35～44歳,普通乗用,軽乗用,自家用,自家用,負傷,損傷なし,34.02856444,131.8656333,水曜,その他
周南,133,負傷,0,1,市道,周南市,2023,8,2,17,21,2昼,晴,市街地,舗装　乾燥,交差点付近,点灯３灯式,対象外当事者,対象外当事者,対象外当事者,対象外当事者,単路　9.0m以上,カーブ右,単独（交差点付近を含む）,規制なし,車両相互,75歳以上,45～54歳,普通乗用,軽乗用,自家用,自家用,損傷なし,損傷なし,34.0245425,131.8318039,水曜,その他
防府,122,負傷,0,1,その他,防府市,2023,8,2,17,24,2昼,晴,市街地,舗装　乾燥,その他,施設なし,対象外当事者,対象外当事者,対象外当事者,対象外当事者,一般交通の場所,一般交通の場所,単独（交差点付近を含む）,規制なし,車両相互,25～34歳,01～24歳,普通乗用,軽乗用,自家用,自家用,負傷,損傷なし,34.04103083,131.5741558,水曜,その他
宇部,201,負傷,0,1,県道,宇部市,2023,8,2,19,44,4夜暮,晴,市街地,舗装　乾燥,直路,点灯３灯式,対象外当事者,対象外当事者,対象外当事者,対象外当事者,単路　5.5m以上,直路,単独（交差点付近を含む）,規制なし,車両相互,35～44歳,45～54歳,普通乗用,普通乗用,自家用,自家用,損傷なし,負傷,33.95457417,131.2531775,水曜,その他
山口南,71,負傷,0,1,県道,山口市,2023,8,3,18,5,2昼,晴,非市街地,舗装　乾燥,交差点,施設なし,標識　規制なし,表示なし,対象外当事者,対象外当事者,交差点　小　小,直路,交差点内,規制なし,人対車両,65～74歳,75歳以上,普通乗用,歩行者,自家用,対象外当事者,損傷なし,負傷,34.09335694,131.3993111,木曜,その他
下関,213,負傷,0,1,国道191号,下関市,2023,8,3,20,11,4夜暮,晴,非市街地,舗装　乾燥,直路,施設なし,対象外当事者,対象外当事者,対象外当事者,対象外当事者,単路　9.0m以上,直路,単独（交差点付近を含む）,規制なし,車両相互,45～54歳,01～24歳,普通乗用,軽乗用,自家用,自家用,負傷,損傷なし,33.96821917,130.9193517,木曜,その他
防府,123,負傷,0,1,国道２号,防府市,2023,8,4,7,32,2昼,晴,非市街地,舗装　乾燥,直路,施設なし,対象外当事者,対象外当事者,対象外当事者,対象外当事者,単路　5.5m以上,直路,単独（交差点付近を含む）,規制なし,車両相互,45～54歳,55～64歳,普通乗用,普通乗用,自家用,自家用,損傷なし,負傷,34.065365,131.4784336,金曜,その他
光,49,負傷,0,1,市道,光市,2023,8,4,7,38,2昼,晴,非市街地,舗装　乾燥,交差点,施設なし,標識　規制なし,表示なし,標識　規制なし,表示なし,交差点　中　小,直路,単独（交差点付近を含む）,規制なし,車両相互,01～24歳,01～24歳,軽貨物,自転車,自家用,自転車,損傷なし,負傷,33.9910325,131.9700775,金曜,その他
岩国,133,負傷,0,1,国道２号,岩国市,2023,8,4,12,44,2昼,晴,市街地,舗装　乾燥,直路,施設なし,対象外当事者,対象外当事者,対象外当事者,対象外当事者,単路　9.0m以上,直路,単独（交差点付近を含む）,規制なし,車両相互,65～74歳,35～44歳,普通乗用,普通乗用,事業用,自家用,損傷なし,負傷,34.19411194,132.2308286,金曜,その他
下関,195,負傷,0,1,市道,下関市,2023,8,4,12,51,2昼,晴,市街地,舗装　乾燥,交差点,施設なし,標識　規制なし,表示なし,標識　規制なし,表示なし,交差点　小　小,直路,交差点内,規制なし,車両相互,45～54歳,75歳以上,普通乗用,自転車,自家用,自転車,損傷なし,負傷,33.93765417,130.9145208,金曜,その他
光,50,負傷,0,1,市道,光市,2023,8,4,12,57,2昼,晴,非市街地,舗装　乾燥,交差点,施設なし,標識　標準　反射式,表示あり,標識　規制なし,表示なし,交差点　大　小,直路,交差点内,規制なし,車両相互,55～64歳,25～34歳,軽乗用,軽乗用,自家用,自家用,損傷なし,負傷,33.96982111,131.9219953,金曜,その他
岩国,131,負傷,0,2,市道,岩国市,2023,8,4,19,31,4夜暮,晴,市街地,舗装　乾燥,直路,点灯３灯式,対象外当事者,対象外当事者,対象外当事者,対象外当事者,単路　5.5m以上,直路,単独（交差点付近を含む）,規制なし,車両相互,65～74歳,65～74歳,普通乗用,普通乗用,自家用,自家用,損傷なし,負傷,34.1725375,132.2312906,金曜,その他
下関,193,負傷,0,1,県道,下関市,2023,8,4,20,48,5夜,晴,市街地,舗装　乾燥,交差点,点灯３灯式,標識　規制なし,表示なし,対象外当事者,対象外当事者,交差点　中　小,直路,交差点内,規制なし,人対車両,01～24歳,35～44歳,軽乗用,歩行者,自家用,対象外当事者,損傷なし,負傷,33.97847694,130.9359669,金曜,その他
周南,130,負傷,0,1,国道２号,周南市,2023,8,4,20,57,5夜,晴,市街地,舗装　乾燥,直路,点灯３灯式,対象外当事者,対象外当事者,対象外当事者,対象外当事者,単路　13.0m以上,直路,単独（交差点付近を含む）,規制なし,車両相互,25～34歳,35～44歳,普通乗用,普通貨物,自家用,自家用,負傷,損傷なし,34.07428389,131.7049206,金曜,その他
山口,107,負傷,0,1,国道９号,山口市,2023,8,5,4,36,6夜明,晴,市街地,舗装　乾燥,交差点付近,施設なし,対象外当事者,対象外当事者,対象外当事者,対象外当事者,単路　3.5m以上,直路,単独（交差点付近を含む）,規制なし,車両相互,65～74歳,25～34歳,普通乗用,軽乗用,自家用,自家用,負傷,損傷なし,34.1757175,131.4601353,土曜,その他
小串,10,負傷,0,1,県道,下関市,2023,8,5,10,33,2昼,晴,市街地,舗装　乾燥,交差点,施設なし,標識　規制なし,表示なし,標識　規制なし,表示なし,交差点　小　小,直路,交差点内,規制なし,車両相互,01～24歳,25～34歳,軽乗用,軽二輪　126～250cc,自家用,自家用,損傷なし,負傷,34.34643306,130.8951606,土曜,その他
周南,143,負傷,0,4,一般の交通の用に供するその他の道路,周南市,2023,8,5,11,52,2昼,晴,市街地,舗装　乾燥,その他,施設なし,対象外当事者,対象外当事者,対象外当事者,対象外当事者,一般交通の場所,一般交通の場所,単独（交差点付近を含む）,規制なし,車両相互,25～34歳,65～74歳,普通乗用,軽乗用,自家用,自家用,負傷,損傷なし,34.04252778,131.8221667,土曜,その他
柳井,74,死亡,1,0,その他,柳井市,2023,8,5,15,3,2昼,晴,非市街地,舗装　乾燥,直路,施設なし,対象外当事者,対象外当事者,対象外当事者,対象外当事者,単路　3.5m未満,直路,単独（交差点付近を含む）,規制なし,車両単独,75歳以上,不明,小型特殊農耕,相手なし,対象外当事者,対象外当事者,死亡,対象外当事者,34.01753861,132.1161478,土曜,その他
周南,141,負傷,0,2,県道,周南市,2023,8,5,22,43,5夜,晴,非市街地,舗装　乾燥,交差点付近,点灯３灯式,対象外当事者,対象外当事者,対象外当事者,対象外当事者,単路　5.5m以上,直路,単独（交差点付近を含む）,規制なし,車両相互,25～34歳,35～44歳,普通貨物,軽乗用,自家用,自家用,損傷なし,負傷,34.03241639,131.8274119,土曜,その他
周南,135,負傷,0,1,市道,周南市,2023,8,6,2,10,5夜,晴,市街地,舗装　乾燥,直路,施設なし,対象外当事者,対象外当事者,対象外当事者,対象外当事者,単路　3.5m以上,直路,単独（交差点付近を含む）,規制なし,人対車両,75歳以上,45～54歳,原付二種　51～125cc,歩行者,自家用,対象外当事者,損傷なし,負傷,34.07040028,131.7767481,日曜,その他
下関,194,負傷,0,1,県道,下関市,2023,8,6,4,55,6夜明,晴,市街地,舗装　乾燥,交差点付近,施設なし,対象外当事者,対象外当事者,対象外当事者,対象外当事者,単路　3.5m以上,直路,単独（交差点付近を含む）,規制なし,車両相互,25～34歳,55～64歳,普通乗用,原付一種,自家用,自家用,損傷なし,損傷なし,33.986675,130.9316842,日曜,その他
岩国,122,負傷,0,2,国道２号,岩国市,2023,8,6,11,56,2昼,晴,市街地,舗装　乾燥,交差点,施設なし,標識　標準　反射式,表示あり,標識　規制なし,表示なし,交差点　大　中,直路,交差点内,規制なし,車両相互,65～74歳,55～64歳,普通乗用,普通乗用,自家用,自家用,損傷なし,損傷なし,34.1721725,132.2178308,日曜,その他
宇部,203,負傷,0,1,国道190号,宇部市,2023,8,6,13,55,2昼,晴,非市街地,舗装　乾燥,直路,施設なし,対象外当事者,対象外当事者,対象外当事者,対象外当事者,単路　5.5m以上,直路,単独（交差点付近を含む）,規制なし,車両相互,35～44歳,45～54歳,普通乗用,軽乗用,自家用,自家用,損傷なし,損傷なし,33.94390694,131.2956942,日曜,その他
宇部,212,負傷,0,1,県道,宇部市,2023,8,6,15,47,2昼,晴,非市街地,舗装　乾燥,交差点,点灯３灯式,標識　規制なし,表示なし,標識　規制なし,表示なし,交差点　大　大,直路,交差点内,規制なし,車両相互,45～54歳,55～64歳,普通乗用,自転車,自家用,自転車,損傷なし,負傷,34.0036,131.2311558,日曜,その他
美祢,15,負傷,0,2,その他,美祢市,2023,8,6,16,26,2昼,晴,市街地,舗装　乾燥,その他,施設なし,対象外当事者,対象外当事者,対象外当事者,対象外当事者,一般交通の場所,一般交通の場所,単独（交差点付近を含む）,規制なし,車両相互,25～34歳,65～74歳,普通乗用,軽乗用,自家用,自家用,負傷,損傷なし,34.16587472,131.2020597,日曜,その他
長門,27,負傷,0,2,県道,長門市,2023,8,6,17,21,2昼,晴,非市街地,舗装　乾燥,直路,施設なし,対象外当事者,対象外当事者,対象外当事者,対象外当事者,単路　5.5m以上,直路,単独（交差点付近を含む）,規制なし,車両相互,25～34歳,45～54歳,軽乗用,軽貨物,自家用,自家用,負傷,損傷なし,34.35855972,131.1850125,日曜,その他
山口南,78,負傷,0,1,国道９号,山口市,2023,8,6,18,4,2昼,曇,市街地,舗装　乾燥,直路,施設なし,対象外当事者,対象外当事者,対象外当事者,対象外当事者,単路　3.5m以上,直路,単独（交差点付近を含む）,規制なし,人対車両,55～64歳,75歳以上,普通乗用,歩行者,自家用,対象外当事者,損傷なし,負傷,34.09747028,131.4015144,日曜,その他
宇部,204,負傷,0,1,国道490号,宇部市,2023,8,6,18,29,3昼暮,晴,非市街地,舗装　乾燥,交差点付近,点灯３灯式,対象外当事者,対象外当事者,対象外当事者,対象外当事者,単路　13.0m以上,直路,単独（交差点付近を含む）,規制なし,車両相互,75歳以上,01～24歳,軽乗用,小型二輪　251～400cc,自家用,自家用,損傷なし,負傷,33.96675222,131.2658314,日曜,その他
宇部,211,負傷,0,1,国道190号,宇部市,2023,8,6,21,53,5夜,晴,非市街地,舗装　乾燥,交差点,施設なし,標識　規制なし,表示なし,標識　規制なし,表示なし,交差点　大　中,直路,交差点内,規制なし,車両相互,01～24歳,01～24歳,普通乗用,原付二種　51～125cc,自家用,自家用,損傷なし,負傷,33.97513389,131.1962075,日曜,その他
山口南,79,負傷,0,1,市道,山口市,2023,8,7,7,0,2昼,曇,非市街地,舗装　乾燥,直路,施設なし,対象外当事者,対象外当事者,対象外当事者,対象外当事者,単路　5.5m以上,直路,単独（交差点付近を含む）,規制なし,車両相互,65～74歳,25～34歳,普通貨物,軽乗用,自家用,自家用,損傷なし,負傷,34.00800556,131.3307478,月曜,その他
光,53,負傷,0,1,市道,光市,2023,8,7,7,56,2昼,曇,非市街地,舗装　乾燥,直路,施設なし,対象外当事者,対象外当事者,対象外当事者,対象外当事者,単路　3.5m以上,直路,単独（交差点付近を含む）,規制なし,人対車両,65～74歳,75歳以上,普通乗用,歩行者,自家用,対象外当事者,損傷なし,負傷,33.96437556,131.9538164,月曜,その他
宇部,221,負傷,0,1,県道,宇部市,2023,8,7,8,15,2昼,晴,非市街地,舗装　乾燥,直路,施設なし,対象外当事者,対象外当事者,対象外当事者,対象外当事者,単路　3.5m以上,直路,単独（交差点付近を含む）,規制なし,車両相互,25～34歳,55～64歳,準中型貨物,軽乗用,自家用,自家用,損傷なし,負傷,33.96144,131.2218872,月曜,その他
宇部,208,負傷,0,1,市道,宇部市,2023,8,7,10,57,2昼,晴,市街地,舗装　乾燥,交差点付近,施設なし,対象外当事者,対象外当事者,対象外当事者,対象外当事者,単路　3.5m未満,直路,単独（交差点付近を含む）,規制なし,車両相互,55～64歳,65～74歳,軽乗用,軽貨物,自家用,自家用,負傷,損傷なし,33.98536139,131.2040453,月曜,その他
周南,139,負傷,0,1,一般の交通の用に供するその他の道路,周南市,2023,8,7,11,10,2昼,晴,市街地,舗装　乾燥,その他,施設なし,対象外当事者,対象外当事者,対象外当事者,対象外当事者,一般交通の場所,一般交通の場所,単独（交差点付近を含む）,規制なし,人対車両,65～74歳,55～64歳,普通乗用,歩行者,自家用,対象外当事者,損傷なし,負傷,34.07961556,131.7640006,月曜,その他
岩国,123,負傷,0,2,国道２号,岩国市,2023,8,7,13,22,2昼,雨,市街地,舗装　湿潤,直路,施設なし,対象外当事者,対象外当事者,対象外当事者,対象外当事者,単路　9.0m以上,直路,単独（交差点付近を含む）,規制なし,車両相互,01～24歳,35～44歳,普通乗用,軽貨物,自家用,自家用,損傷なし,負傷,34.17660917,132.2272758,月曜,その他
周南,140,負傷,0,1,県道,周南市,2023,8,7,18,17,3昼暮,晴,市街地,舗装　乾燥,直路,施設なし,対象外当事者,対象外当事者,対象外当事者,対象外当事者,単路　5.5m以上,直路,単独（交差点付近を含む）,規制なし,車両相互,45～54歳,65～74歳,普通乗用,軽乗用,自家用,自家用,損傷なし,負傷,34.06322472,131.7868425,月曜,その他
宇部,195,負傷,0,2,県道,宇部市,2023,8,8,8,30,2昼,晴,市街地,舗装　乾燥,直路,施設なし,対象外当事者,対象外当事者,対象外当事者,対象外当事者,単路　5.5m以上,直路,単独（交差点付近を含む）,規制なし,車両相互,45～54歳,35～44歳,普通乗用,普通乗用,自家用,自家用,損傷なし,負傷,33.96829389,131.2518456,火曜,その他
山口南,85,負傷,0,2,県道,山口市,2023,8,8,10,18,2昼,晴,非市街地,舗装　乾燥,交差点,施設なし,標識　規制なし,表示なし,標識　規制なし,表示なし,交差点　大　中,直路,交差点内,規制なし,車両相互,55～64歳,25～34歳,普通乗用,軽乗用,自家用,自家用,負傷,損傷なし,34.0833675,131.4138164,火曜,その他
防府,126,負傷,0,1,県道,防府市,2023,8,8,12,29,2昼,晴,市街地,舗装　乾燥,直路,施設なし,対象外当事者,対象外当事者,対象外当事者,対象外当事者,単路　3.5m以上,直路,単独（交差点付近を含む）,規制なし,車両相互,55～64歳,65～74歳,普通乗用,原付一種,自家用,自家用,損傷なし,負傷,34.04160306,131.5657103,火曜,その他
岩国,130,負傷,0,1,国道188号,岩国市,2023,8,8,14,42,2昼,晴,市街地,舗装　乾燥,直路,施設なし,対象外当事者,対象外当事者,対象外当事者,対象外当事者,単路　5.5m以上,直路,単独（交差点付近を含む）,規制なし,人対車両,25～34歳,55～64歳,軽乗用,歩行者,自家用,対象外当事者,損傷なし,負傷,34.12913667,132.1995767,火曜,その他
下関,200,負傷,0,1,市道,下関市,2023,8,8,14,51,2昼,晴,市街地,舗装　乾燥,交差点,点灯３灯式,標識　規制なし,表示なし,標識　規制なし,表示なし,交差点　中　小,直路,交差点内,規制なし,車両相互,01～24歳,65～74歳,普通乗用,普通乗用,自家用,自家用,損傷なし,負傷,34.00740167,130.9377844,火曜,その他
萩,26,負傷,0,1,市道,萩市,2023,8,8,17,55,2昼,晴,市街地,舗装　乾燥,交差点付近,点灯３灯式,対象外当事者,対象外当事者,対象外当事者,対象外当事者,単路　5.5m以上,直路,単独（交差点付近を含む）,規制なし,車両相互,35～44歳,45～54歳,軽乗用,軽貨物,自家用,自家用,損傷なし,負傷,34.41718306,131.3936378,火曜,その他
周南,145,負傷,0,1,市道,周南市,2023,8,8,18,55,3昼暮,晴,市街地,舗装　乾燥,交差点,施設なし,標識　規制なし,表示あり,標識　標準　反射式,表示なし,交差点　中　小,直路,交差点内,規制なし,車両相互,55～64歳,01～24歳,普通乗用,自転車,自家用,自転車,損傷なし,負傷,34.0736725,131.7665086,火曜,その他
山口南,76,負傷,0,1,県道,山口市,2023,8,9,4,21,5夜,雨,非市街地,舗装　乾燥,直路,施設なし,対象外当事者,対象外当事者,対象外当事者,対象外当事者,単路　5.5m以上,直路,単独（交差点付近を含む）,規制なし,車両相互,25～34歳,01～24歳,大型貨物,自転車,事業用,自転車,損傷なし,負傷,34.03155611,131.3622219,水曜,その他
長府,70,負傷,0,1,国道491号,下関市,2023,8,9,7,50,2昼,曇,市街地,舗装　乾燥,直路,点灯３灯式,対象外当事者,対象外当事者,対象外当事者,対象外当事者,単路　3.5m以上,直路,単独（交差点付近を含む）,規制なし,車両相互,65～74歳,25～34歳,普通乗用,普通乗用,事業用,自家用,損傷なし,負傷,34.06929167,131.0319119,水曜,その他
宇部,200,負傷,0,1,国道490号,宇部市,2023,8,9,12,57,2昼,曇,市街地,舗装　乾燥,直路,施設なし,対象外当事者,対象外当事者,対象外当事者,対象外当事者,単路　9.0m以上,直路,単独（交差点付近を含む）,規制なし,車両相互,45～54歳,65～74歳,普通乗用,普通乗用,自家用,事業用,損傷なし,負傷,33.95817139,131.2601153,水曜,その他
光,51,負傷,0,1,市道,光市,2023,8,9,13,40,2昼,雨,非市街地,舗装　湿潤,交差点,点灯３灯式,標識　規制なし,表示なし,対象外当事者,対象外当事者,交差点　大　小,直路,交差点内,規制なし,人対車両,55～64歳,75歳以上,軽貨物,歩行者,自家用,対象外当事者,損傷なし,負傷,33.97755333,131.9336947,水曜,その他
美祢,16,負傷,0,1,県道,美祢市,2023,8,9,16,40,2昼,雨,非市街地,舗装　湿潤,直路,施設なし,対象外当事者,対象外当事者,対象外当事者,対象外当事者,単路　5.5m以上,直路,単独（交差点付近を含む）,規制なし,車両相互,35～44歳,55～64歳,普通乗用,普通貨物,自家用,自家用,負傷,損傷なし,34.16385278,131.1876311,水曜,その他
周南,159,負傷,0,1,県道,周南市,2023,8,9,22,20,5夜,曇,市街地,舗装　乾燥,交差点,点灯３灯式,標識　規制なし,表示なし,標識　規制なし,表示なし,交差点　中　中,直路,交差点内,規制なし,車両相互,55～64歳,25～34歳,軽乗用,自転車,自家用,自転車,損傷なし,負傷,34.03494722,131.8341703,水曜,その他
下関,202,負傷,0,1,県道,下関市,2023,8,10,6,53,2昼,雨,市街地,舗装　湿潤,直路,施設なし,対象外当事者,対象外当事者,対象外当事者,対象外当事者,単路　3.5m未満,直路,単独（交差点付近を含む）,規制なし,車両相互,25～34歳,35～44歳,普通乗用,普通乗用,自家用,自家用,損傷なし,負傷,34.04396611,130.9749786,木曜,前日
宇部,216,負傷,0,1,市道,宇部市,2023,8,10,11,0,2昼,曇,市街地,舗装　乾燥,交差点,施設なし,標識　規制なし,表示なし,標識　標準　反射式,表示なし,交差点　小　小,直路,交差点内,規制なし,車両相互,65～74歳,45～54歳,普通乗用,軽乗用,自家用,自家用,負傷,損傷なし,33.964015,131.2341967,木曜,前日