警察署,本票番号,事故内容,死者数,負傷者数,路線,市町村名,発生日時　　年,発生日時　　月,発生日時　　日,発生日時　　時,発生日時　　分,昼夜,天候,地形,路面状態,道路形状,信号機,一時停止規制標識（当事者A）,一時停止規制表示（当事者A）,一時停止規制標識（当事者B）,一時停止規制表示（当事者B）,車道幅員,道路線形,衝突地点,ゾーン規制,事故類型,年齢（当事者A）,年齢（当事者B）,当事者種別（当事者A）,当事者種別（当事者B）,用途別（当事者A）,用途別（当事者B）,人身損傷程度（当事者A）,人身損傷程度（当事者B）,緯度,経度,曜日,祝日
岩国,138,負傷,0,1,国道２号,岩国市,2023,8,10,11,25,2昼,雨,市街地,舗装　湿潤,交差点,施設なし,標識　規制なし,表示あり,標識　規制なし,表示あり,交差点　中　中,直路,交差点内,規制なし,車両相互,45～54歳,65～74歳,軽貨物,軽貨物,自家用,自家用,損傷なし,負傷,34.09849778,132.0849669,木曜,前日
防府,121,負傷,0,1,県道,防府市,2023,8,10,12,37,2昼,曇,非市街地,舗装　乾燥,交差点,施設なし,標識　規制なし,表示なし,標識　規制なし,表示なし,交差点　中　小,直路,交差点内,規制なし,車両相互,01～24歳,55～64歳,普通乗用,軽乗用,自家用,自家用,損傷なし,負傷,34.05285417,131.4816872,木曜,前日
宇部,205,負傷,0,1,市道,宇部市,2023,8,10,17,39,2昼,曇,市街地,舗装　乾燥,直路,施設なし,対象外当事者,対象外当事者,対象外当事者,対象外当事者,単路　3.5m未満,直路,単独（交差点付近を含む）,規制なし,車両相互,01～24歳,35～44歳,普通乗用,普通貨物,自家用,自家用,負傷,損傷なし,33.973945,131.2675522,木曜,前日
周南,138,負傷,0,1,国道２号,周南市,2023,8,10,18,0,2昼,曇,非市街地,舗装　乾燥,交差点,施設なし,標識　規制なし,表示なし,標識　規制なし,表示なし,交差点　大　小,直路,交差点内,規制なし,車両相互,35～44歳,35～44歳,軽乗用,原付二種　51～125cc,自家用,自家用,損傷なし,負傷,34.07173222,131.786745,木曜,前日
高速隊,38,負傷,0,1,高速道路,美祢市,2023,8,10,18,52,3昼暮,曇,非市街地,舗装　乾燥,カーブ,施設なし,対象外当事者,対象外当事者,対象外当事者,対象外当事者,単路　5.5m以上,カーブ左,単独（交差点付近を含む）,規制なし,車両相互,25～34歳,45～54歳,普通貨物,普通貨物,自家用,自家用,損傷なし,負傷,34.11663083,131.1260564,木曜,前日
宇部,206,負傷,0,1,市道,宇部市,2023,8,10,20,20,5夜,晴,市街地,舗装　乾燥,直路,点灯３灯式,対象外当事者,対象外当事者,対象外当事者,対象外当事者,単路　3.5m未満,直路,単独（交差点付近を含む）,規制なし,車両相互,01～24歳,45～54歳,普通乗用,普通乗用,自家用,自家用,損傷なし,負傷,33.96928306,131.2324756,木曜,前日
下関,198,負傷,0,1,市道,下関市,2023,8,10,23,24,5夜,晴,市街地,舗装　乾燥,交差点,点灯３灯式,対象外当事者,対象外当事者,対象外当事者,対象外当事者,交差点　大　中,直路,交差点内,規制なし,人対車両,55～64歳,不明,歩行者,対象外当事者,対象外当事者,対象外当事者,負傷,対象外当事者,34.00426556,130.9446261,木曜,前日
柳井,80,負傷,0,1,県道,柳井市,2023,8,11,0,22,5夜,曇,市街地,舗装　湿潤,直路,施設なし,対象外当事者,対象外当事者,対象外当事者,対象外当事者,単路　5.5m以上,直路,単独（交差点付近を含む）,規制なし,車両相互,45～54歳,65～74歳,軽乗用,自転車,自家用,自転車,損傷なし,負傷,33.96947222,132.0706989,金曜,当日
山陽小野田,69,負傷,0,1,国道２号,山陽小野田市,2023,8,11,4,28,5夜,晴,非市街地,舗装　乾燥,交差点,点灯３灯式,標識　規制なし,表示なし,標識　規制なし,表示なし,交差点　大　大,直路,交差点内,規制なし,車両相互,65～74歳,65～74歳,大型貨物,大型貨物,事業用,事業用,損傷なし,負傷,34.04355083,131.1137364,金曜,当日
周南,147,負傷,0,1,市道,周南市,2023,8,11,10,53,2昼,晴,市街地,舗装　乾燥,交差点,施設なし,標識　規制なし,表示なし,標識　規制なし,表示なし,交差点　中　小,直路,交差点内,規制なし,車両相互,55～64歳,25～34歳,軽乗用,小型二輪　251～400cc,自家用,自家用,損傷なし,負傷,34.03652278,131.8417403,金曜,当日
高速隊,42,負傷,0,1,高速道路,下関市,2023,8,11,10,57,2昼,晴,非市街地,舗装　乾燥,直路,施設なし,対象外当事者,対象外当事者,対象外当事者,対象外当事者,単路　3.5m以上,直路,単独（交差点付近を含む）,規制なし,車両相互,25～34歳,35～44歳,普通乗用,普通乗用,自家用,自家用,損傷なし,負傷,34.07117778,131.0204261,金曜,当日
美祢,17,負傷,0,1,国道316号,美祢市,2023,8,11,13,54,2昼,晴,非市街地,舗装　乾燥,その他,施設なし,対象外当事者,対象外当事者,対象外当事者,対象外当事者,単路　5.5m以上,直路,単独（交差点付近を含む）,規制なし,車両相互,01～24歳,01～24歳,普通乗用,普通乗用,自家用,自家用,損傷なし,負傷,34.15141361,131.1962253,金曜,当日
高速隊,41,負傷,0,2,高速道路,下関市,2023,8,11,16,37,2昼,晴,非市街地,舗装　乾燥,直路,施設なし,対象外当事者,対象外当事者,対象外当事者,対象外当事者,単路　3.5m以上,直路,単独（交差点付近を含む）,規制なし,車両相互,25～34歳,35～44歳,普通乗用,普通乗用,自家用,自家用,損傷なし,負傷,34.017695,130.9575581,金曜,当日
山口南,75,負傷,0,1,一般の交通の用に供するその他の道路,山口市,2023,8,12,14,1,2昼,晴,市街地,舗装　乾燥,その他,施設なし,対象外当事者,対象外当事者,対象外当事者,対象外当事者,一般交通の場所,一般交通の場所,単独（交差点付近を含む）,規制なし,人対車両,75歳以上,35～44歳,普通乗用,歩行者,自家用,対象外当事者,損傷なし,負傷,34.05893417,131.3674867,土曜,その他
宇部,234,負傷,0,1,市道,宇部市,2023,8,12,17,17,2昼,晴,市街地,舗装　乾燥,直路,施設なし,対象外当事者,対象外当事者,対象外当事者,対象外当事者,単路　3.5m未満,直路,単独（交差点付近を含む）,規制なし,車両相互,35～44歳,01～24歳,軽乗用,自転車,自家用,自転車,損傷なし,負傷,33.98780556,131.3506547,土曜,その他
宇部,207,負傷,0,2,市道,宇部市,2023,8,12,17,25,2昼,晴,非市街地,舗装　乾燥,カーブ,施設なし,対象外当事者,対象外当事者,対象外当事者,対象外当事者,単路　5.5m以上,カーブ左,単独（交差点付近を含む）,規制なし,車両相互,45～54歳,01～24歳,普通乗用,軽乗用,自家用,自家用,負傷,損傷なし,33.9760225,131.3215947,土曜,その他
柳井,72,負傷,0,2,国道437号,周防大島町,2023,8,13,6,24,1昼明,晴,市街地,舗装　乾燥,直路,施設なし,対象外当事者,対象外当事者,対象外当事者,対象外当事者,単路　5.5m以上,直路,単独（交差点付近を含む）,規制なし,人対車両,65～74歳,65～74歳,軽乗用,歩行者,自家用,対象外当事者,損傷なし,負傷,33.94797667,132.2682161,日曜,その他
小串,13,負傷,0,1,国道435号,下関市,2023,8,13,8,31,2昼,晴,非市街地,舗装　乾燥,直路,施設なし,対象外当事者,対象外当事者,対象外当事者,対象外当事者,単路　5.5m以上,直路,単独（交差点付近を含む）,規制なし,車両相互,45～54歳,65～74歳,普通乗用,小型二輪　401～750cc,自家用,自家用,損傷なし,負傷,34.3056825,130.9109419,日曜,その他
小串,14,負傷,0,4,県道,下関市,2023,8,13,14,15,2昼,晴,非市街地,舗装　乾燥,橋,施設なし,対象外当事者,対象外当事者,対象外当事者,対象外当事者,単路　3.5m未満,直路,単独（交差点付近を含む）,規制なし,車両相互,35～44歳,25～34歳,普通乗用,普通乗用,自家用,自家用,損傷なし,負傷,34.34837639,130.8940892,日曜,その他
小串,11,負傷,0,2,県道,下関市,2023,8,13,15,45,2昼,晴,非市街地,舗装　乾燥,交差点,施設なし,標識　規制なし,表示なし,標識　規制なし,表示なし,交差点　小　小,直路,交差点内,規制なし,車両相互,01～24歳,35～44歳,普通乗用,軽乗用,自家用,自家用,損傷なし,負傷,34.34640528,130.8951167,日曜,その他
周南,153,負傷,0,1,国道２号,周南市,2023,8,13,19,50,4夜暮,晴,市街地,舗装　乾燥,交差点付近,点灯３灯式,対象外当事者,対象外当事者,対象外当事者,対象外当事者,単路　9.0m以上,直路,単独（交差点付近を含む）,規制なし,車両相互,75歳以上,45～54歳,普通乗用,普通乗用,自家用,自家用,損傷なし,負傷,34.06121028,131.8109947,日曜,その他
岩国,136,負傷,0,1,国道２号,岩国市,2023,8,13,20,55,5夜,晴,非市街地,舗装　乾燥,直路,施設なし,対象外当事者,対象外当事者,対象外当事者,対象外当事者,単路　5.5m以上,直路,単独（交差点付近を含む）,規制なし,車両相互,45～54歳,55～64歳,軽乗用,軽乗用,自家用,自家用,損傷なし,負傷,34.09249222,132.049385,日曜,その他
長府,84,負傷,0,4,国道９号,下関市,2023,8,13,22,29,5夜,晴,市街地,舗装　乾燥,交差点,施設なし,標識　規制なし,表示なし,標識　規制なし,表示なし,交差点　大　小,直路,交差点内,規制なし,車両相互,01～24歳,01～24歳,普通乗用,普通乗用,自家用,自家用,損傷なし,負傷,33.99822861,130.9910303,日曜,その他
長府,73,負傷,0,2,国道491号,下関市,2023,8,13,23,10,5夜,晴,市街地,舗装　乾燥,交差点,点灯３灯式,標識　規制なし,表示なし,標識　規制なし,表示なし,交差点　中　中,直路,交差点内,規制なし,車両相互,01～24歳,01～24歳,普通乗用,普通乗用,自家用,自家用,損傷なし,負傷,34.06332028,131.0269839,日曜,その他
防府,140,負傷,0,2,県道,防府市,2023,8,14,6,40,2昼,晴,市街地,舗装　乾燥,直路,施設なし,対象外当事者,対象外当事者,対象外当事者,対象外当事者,単路　5.5m以上,直路,単独（交差点付近を含む）,規制なし,車両相互,01～24歳,55～64歳,普通乗用,軽乗用,自家用,自家用,損傷なし,負傷,34.02449889,131.5430372,月曜,その他
山口,109,負傷,0,1,国道262号,山口市,2023,8,14,12,8,2昼,晴,非市街地,舗装　乾燥,交差点付近,点灯３灯式,対象外当事者,対象外当事者,対象外当事者,対象外当事者,単路　9.0m以上,直路,単独（交差点付近を含む）,規制なし,車両相互,65～74歳,35～44歳,軽乗用,軽乗用,自家用,自家用,損傷なし,負傷,34.16754528,131.5060614,月曜,その他
美祢,19,負傷,0,1,市道,美祢市,2023,8,14,14,36,2昼,晴,非市街地,舗装　乾燥,直路,施設なし,対象外当事者,対象外当事者,対象外当事者,対象外当事者,単路　5.5m以上,直路,単独（交差点付近を含む）,規制なし,人対車両,45～54歳,25～34歳,軽乗用,歩行者,自家用,対象外当事者,損傷なし,負傷,34.22479194,131.3073364,月曜,その他
光,52,死亡,1,2,国道188号,光市,2023,8,14,19,51,4夜暮,晴,市街地,舗装　乾燥,直路,施設なし,対象外当事者,対象外当事者,対象外当事者,対象外当事者,単路　9.0m以上,直路,単独（交差点付近を含む）,規制なし,車両相互,01～24歳,25～34歳,普通乗用,軽乗用,自家用,自家用,負傷,死亡,33.97282611,131.9185061,月曜,その他
下関,197,負傷,0,2,県道,下関市,2023,8,15,11,40,2昼,晴,市街地,舗装　乾燥,交差点,点灯歩車分式,標識　規制なし,表示なし,対象外当事者,対象外当事者,交差点　大　小,直路,交差点内,規制なし,人対車両,65～74歳,65～74歳,普通乗用,歩行者,事業用,対象外当事者,損傷なし,負傷,33.95780944,130.9425239,火曜,その他
山口,113,負傷,0,1,国道９号,山口市,2023,8,15,12,15,2昼,晴,非市街地,舗装　乾燥,直路,施設なし,対象外当事者,対象外当事者,対象外当事者,対象外当事者,単路　9.0m以上,直路,単独（交差点付近を含む）,規制なし,車両相互,45～54歳,01～24歳,普通乗用,軽乗用,自家用,自家用,負傷,損傷なし,34.17608611,131.4608564,火曜,その他
防府,130,負傷,0,1,市道,防府市,2023,8,15,13,25,2昼,曇,市街地,舗装　乾燥,直路,施設なし,対象外当事者,対象外当事者,対象外当事者,対象外当事者,単路　5.5m以上,直路,単独（交差点付近を含む）,規制なし,車両相互,01～24歳,55～64歳,軽乗用,軽乗用,自家用,自家用,損傷なし,負傷,34.05626972,131.5757692,火曜,その他
長府,76,負傷,0,1,国道２号,下関市,2023,8,15,14,31,2昼,晴,市街地,舗装　乾燥,交差点付近,点灯３灯式,対象外当事者,対象外当事者,対象外当事者,対象外当事者,単路　13.0m以上,直路,単独（交差点付近を含む）,規制なし,車両相互,55～64歳,45～54歳,普通乗用,普通乗用,自家用,自家用,損傷なし,負傷,34.013815,130.9986814,火曜,その他
高速隊,39,負傷,0,1,宇部有料,山口市,2023,8,15,19,28,4夜暮,雨,非市街地,舗装　湿潤,直路,施設なし,対象外当事者,対象外当事者,対象外当事者,対象外当事者,単路　5.5m以上,直路,単独（交差点付近を含む）,規制なし,車両相互,55～64歳,25～34歳,中型貨物,軽乗用,事業用,自家用,損傷なし,負傷,34.05141333,131.3500278,火曜,その他
山口南,77,負傷,0,1,県道,山口市,2023,8,16,8,22,2昼,曇,非市街地,舗装　乾燥,交差点,点灯３灯式,標識　規制なし,表示なし,標識　規制なし,表示なし,交差点　大　中,直路,交差点内,規制なし,車両相互,25～34歳,45～54歳,軽乗用,自転車,自家用,自転車,損傷なし,負傷,34.11422833,131.4044822,水曜,その他
下松,54,負傷,0,1,その他,下松市,2023,8,16,10,2,2昼,晴,市街地,舗装　乾燥,その他,施設なし,対象外当事者,対象外当事者,対象外当事者,対象外当事者,一般交通の場所,一般交通の場所,単独（交差点付近を含む）,規制なし,車両相互,65～74歳,65～74歳,普通貨物,軽乗用,自家用,自家用,損傷なし,負傷,34.01881861,131.8639208,水曜,その他
光,54,負傷,0,1,農免道路,周南市,2023,8,16,10,35,2昼,晴,非市街地,舗装　乾燥,交差点,施設なし,標識　標準　反射式,表示あり,標識　規制なし,表示なし,交差点　中　小,直路,交差点内,規制なし,車両相互,55～64歳,75歳以上,普通乗用,軽乗用,自家用,自家用,損傷なし,負傷,34.05492806,131.9557244,水曜,その他
山陽小野田,70,負傷,0,1,一般の交通の用に供するその他の道路,山陽小野田市,2023,8,16,12,53,2昼,晴,非市街地,舗装　乾燥,その他,施設なし,対象外当事者,対象外当事者,対象外当事者,対象外当事者,一般交通の場所,一般交通の場所,単独（交差点付近を含む）,規制なし,車両相互,55～64歳,45～54歳,軽乗用,軽乗用,自家用,自家用,損傷なし,負傷,34.01460083,131.1965931,水曜,その他
高速隊,40,負傷,0,4,高速道路,防府市,2023,8,16,13,30,2昼,晴,市街地,舗装　乾燥,その他,施設なし,対象外当事者,対象外当事者,対象外当事者,対象外当事者,単路　3.5m以上,直路,単独（交差点付近を含む）,規制なし,車両相互,25～34歳,45～54歳,普通乗用,普通乗用,自家用,自家用,損傷なし,負傷,34.05704556,131.6174753,水曜,その他
下松,55,負傷,0,1,国道２号,下松市,2023,8,16,19,23,4夜暮,晴,市街地,舗装　乾燥,直路,施設なし,対象外当事者,対象外当事者,対象外当事者,対象外当事者,単路　9.0m以上,直路,単独（交差点付近を含む）,規制なし,車両相互,65～74歳,45～54歳,普通乗用,普通乗用,自家用,自家用,損傷なし,負傷,34.03422139,131.8539169,水曜,その他
柳井,78,負傷,0,1,県道,周防大島町,2023,8,16,22,35,5夜,晴,非市街地,舗装　乾燥,直路,施設なし,対象外当事者,対象外当事者,対象外当事者,対象外当事者,単路　5.5m以上,直路,単独（交差点付近を含む）,規制なし,車両相互,01～24歳,01～24歳,軽乗用,軽乗用,自家用,自家用,損傷なし,負傷,33.87791333,132.2589278,水曜,その他
岩国,144,負傷,0,1,国道188号,岩国市,2023,8,16,23,36,5夜,晴,非市街地,舗装　乾燥,直路,施設なし,対象外当事者,対象外当事者,対象外当事者,対象外当事者,単路　5.5m以上,直路,単独（交差点付近を含む）,規制なし,車両相互,45～54歳,25～34歳,軽乗用,軽乗用,自家用,自家用,損傷なし,負傷,33.99839083,132.2094608,水曜,その他
下関,218,負傷,0,1,市道,下関市,2023,8,17,7,20,2昼,晴,市街地,舗装　乾燥,交差点,施設なし,標識　規制なし,表示なし,標識　標準　反射式,表示あり,交差点　中　中,直路,交差点内,規制なし,車両相互,65～74歳,01～24歳,普通乗用,原付一種,自家用,自家用,損傷なし,負傷,34.02985833,130.9158703,木曜,その他
下松,56,負傷,0,1,市道,下松市,2023,8,17,7,25,2昼,晴,市街地,舗装　乾燥,交差点,施設なし,標識　規制なし,表示なし,標識　標準　反射式,表示あり,交差点　中　小,直路,交差点内,規制なし,車両相互,25～34歳,45～54歳,普通貨物,自転車,自家用,自転車,損傷なし,負傷,34.01054139,131.8655467,木曜,その他
宇部,227,負傷,0,4,市道,宇部市,2023,8,17,7,58,2昼,曇,非市街地,舗装　乾燥,直路,施設なし,対象外当事者,対象外当事者,対象外当事者,対象外当事者,単路　5.5m以上,直路,単独（交差点付近を含む）,規制なし,車両相互,35～44歳,35～44歳,普通乗用,軽乗用,自家用,自家用,負傷,損傷なし,33.97322639,131.2056792,木曜,その他
防府,124,負傷,0,1,市道,防府市,2023,8,17,11,7,2昼,晴,市街地,舗装　乾燥,直路,施設なし,対象外当事者,対象外当事者,対象外当事者,対象外当事者,単路　3.5m未満,直路,単独（交差点付近を含む）,規制なし,車両相互,55～64歳,75歳以上,軽貨物,自転車,自家用,自転車,損傷なし,負傷,34.05176639,131.5669911,木曜,その他
山口,120,負傷,0,1,県道,山口市,2023,8,17,17,59,3昼暮,曇,市街地,舗装　乾燥,直路,施設なし,対象外当事者,対象外当事者,対象外当事者,対象外当事者,単路　3.5m以上,直路,単独（交差点付近を含む）,規制なし,車両相互,55～64歳,35～44歳,普通乗用,普通乗用,自家用,自家用,損傷なし,負傷,34.17805833,131.47656,木曜,その他
宇部,246,負傷,0,1,市道,宇部市,2023,8,18,7,39,2昼,曇,市街地,舗装　乾燥,交差点,施設なし,標識　規制なし,表示なし,対象外当事者,対象外当事者,交差点　小　小,直路,交差点内,規制なし,人対車両,25～34歳,75歳以上,自転車,歩行者,自転車,対象外当事者,損傷なし,負傷,33.93975556,131.2761836,金曜,その他
山口,128,負傷,0,1,市道,山口市,2023,8,18,8,4,2昼,曇,市街地,舗装　乾燥,カーブ,施設なし,対象外当事者,対象外当事者,対象外当事者,対象外当事者,単路　5.5m以上,カーブ左,単独（交差点付近を含む）,規制なし,車両相互,45～54歳,25～34歳,普通乗用,軽乗用,自家用,自家用,負傷,損傷なし,34.13479917,131.4544428,金曜,その他
山口南,81,負傷,0,1,一般の交通の用に供するその他の道路,山口市,2023,8,18,10,55,2昼,曇,非市街地,舗装　乾燥,その他,施設なし,対象外当事者,対象外当事者,対象外当事者,対象外当事者,一般交通の場所,一般交通の場所,単独（交差点付近を含む）,規制なし,人対車両,75歳以上,75歳以上,軽乗用,歩行者,自家用,対象外当事者,損傷なし,負傷,34.11776278,131.4013475,金曜,その他
下関,205,負傷,0,1,市道,下関市,2023,8,18,12,18,2昼,曇,市街地,舗装　乾燥,交差点付近,施設なし,対象外当事者,対象外当事者,対象外当事者,対象外当事者,単路　9.0m以上,直路,単独（交差点付近を含む）,規制なし,人対車両,65～74歳,01～24歳,軽乗用,歩行者,自家用,対象外当事者,損傷なし,負傷,33.98168722,130.9243886,金曜,その他
岩国,141,負傷,0,1,市道,岩国市,2023,8,18,14,48,2昼,曇,市街地,舗装　湿潤,交差点,施設なし,標識　規制なし,表示なし,対象外当事者,対象外当事者,交差点　大　中,直路,交差点内,規制なし,人対車両,75歳以上,01～24歳,普通乗用,歩行者,自家用,対象外当事者,損傷なし,負傷,34.13594833,132.2027511,金曜,その他
下関,204,負傷,0,1,その他,下関市,2023,8,18,16,30,2昼,晴,市街地,舗装　乾燥,その他,施設なし,対象外当事者,対象外当事者,対象外当事者,対象外当事者,一般交通の場所,一般交通の場所,単独（交差点付近を含む）,規制なし,人対車両,65～74歳,75歳以上,軽乗用,歩行者,自家用,対象外当事者,損傷なし,負傷,34.00167167,130.9260992,金曜,その他
防府,125,負傷,0,1,市道,防府市,2023,8,18,19,39,4夜暮,晴,市街地,舗装　乾燥,交差点付近,施設なし,対象外当事者,対象外当事者,対象外当事者,対象外当事者,単路　9.0m以上,直路,単独（交差点付近を含む）,規制なし,車両相互,35～44歳,35～44歳,普通乗用,軽乗用,自家用,自家用,負傷,損傷なし,34.06234889,131.5588881,金曜,その他
宇部,226,負傷,0,1,市道,宇部市,2023,8,19,10,40,2昼,晴,市街地,舗装　乾燥,交差点付近,施設なし,対象外当事者,対象外当事者,対象外当事者,対象外当事者,単路　5.5m以上,直路,単独（交差点付近を含む）,規制なし,車両相互,65～74歳,01～24歳,軽乗用,自転車,自家用,自転車,損傷なし,負傷,33.97298111,131.2555081,土曜,その他
柳井,75,負傷,0,1,市道,柳井市,2023,8,19,11,5,2昼,晴,市街地,舗装　乾燥,交差点,施設なし,標識　規制なし,表示なし,標識　規制なし,表示なし,交差点　中　中,直路,交差点内,規制なし,車両相互,45～54歳,35～44歳,軽乗用,自転車,自家用,自転車,損傷なし,負傷,33.97616861,132.1019003,土曜,その他
山口,115,負傷,0,3,市道,山口市,2023,8,19,11,41,2昼,晴,市街地,舗装　乾燥,直路,施設なし,対象外当事者,対象外当事者,対象外当事者,対象外当事者,単路　9.0m以上,直路,単独（交差点付近を含む）,規制なし,車両相互,45～54歳,55～64歳,普通乗用,軽乗用,自家用,自家用,負傷,負傷,34.16621361,131.4689425,土曜,その他
岩国,134,負傷,0,1,市道,岩国市,2023,8,19,13,30,2昼,晴,市街地,舗装　乾燥,交差点,施設なし,標識　標準　反射式,表示あり,標識　規制なし,表示あり,交差点　大　中,直路,交差点内,規制なし,車両相互,45～54歳,01～24歳,普通乗用,軽二輪　126～250cc,自家用,自家用,損傷なし,負傷,34.16832861,132.2219739,土曜,その他
宇部,215,負傷,0,2,県道,宇部市,2023,8,19,14,10,2昼,晴,市街地,舗装　乾燥,直路,施設なし,対象外当事者,対象外当事者,対象外当事者,対象外当事者,単路　3.5m以上,直路,単独（交差点付近を含む）,規制なし,車両相互,65～74歳,35～44歳,普通乗用,普通乗用,自家用,自家用,損傷なし,負傷,33.96176028,131.21087,土曜,その他
山口,112,負傷,0,1,県道,山口市,2023,8,19,17,17,2昼,晴,非市街地,舗装　乾燥,交差点付近,施設なし,対象外当事者,対象外当事者,対象外当事者,対象外当事者,単路　9.0m以上,直路,単独（交差点付近を含む）,規制なし,車両相互,45～54歳,25～34歳,普通貨物,軽乗用,自家用,自家用,負傷,損傷なし,34.14060722,131.4643781,土曜,その他
宇部,223,負傷,0,1,県道,宇部市,2023,8,19,18,12,3昼暮,晴,市街地,舗装　乾燥,直路,施設なし,対象外当事者,対象外当事者,対象外当事者,対象外当事者,単路　3.5m未満,直路,単独（交差点付近を含む）,規制なし,車両相互,65～74歳,01～24歳,軽乗用,駆動補助装置付自転車,自家用,自転車,損傷なし,負傷,34.00213389,131.2215489,土曜,その他
山陽小野田,71,負傷,0,1,国道190号,山陽小野田市,2023,8,20,1,27,5夜,晴,非市街地,舗装　乾燥,カーブ,施設なし,対象外当事者,対象外当事者,対象外当事者,対象外当事者,単路　5.5m以上,カーブ左,単独（交差点付近を含む）,規制なし,車両相互,01～24歳,25～34歳,普通乗用,軽乗用,自家用,自家用,負傷,損傷なし,33.99822083,131.1821258,日曜,その他
宇部,210,負傷,0,1,一般の交通の用に供するその他の道路,宇部市,2023,8,20,9,17,2昼,晴,市街地,舗装　乾燥,その他,施設なし,対象外当事者,対象外当事者,対象外当事者,対象外当事者,一般交通の場所,一般交通の場所,単独（交差点付近を含む）,規制なし,車両相互,35～44歳,01～24歳,普通乗用,普通乗用,自家用,自家用,損傷なし,負傷,33.94852139,131.2903136,日曜,その他
山口,125,負傷,0,1,県道,山口市,2023,8,20,10,45,2昼,晴,市街地,舗装　乾燥,直路,施設なし,対象外当事者,対象外当事者,対象外当事者,対象外当事者,単路　3.5m未満,直路,単独（交差点付近を含む）,規制なし,車両相互,75歳以上,25～34歳,普通乗用,軽乗用,自家用,自家用,損傷なし,負傷,34.14827278,131.4636697,日曜,その他
防府,133,負傷,0,1,県道,防府市,2023,8,20,12,25,2昼,晴,市街地,舗装　乾燥,交差点,点滅３灯式,標識　規制なし,表示なし,標識　規制なし,表示なし,交差点　大　大,直路,交差点内,規制なし,車両相互,65～74歳,01～24歳,軽乗用,自転車,自家用,自転車,損傷なし,負傷,34.05415861,131.5691661,日曜,その他
宇部,225,負傷,0,3,国道490号,宇部市,2023,8,20,14,24,2昼,晴,非市街地,舗装　乾燥,交差点,点灯３灯式,標識　規制なし,表示なし,標識　規制なし,表示なし,交差点　大　大,直路,交差点内,規制なし,車両相互,65～74歳,01～24歳,普通乗用,軽乗用,自家用,自家用,負傷,負傷,33.95288056,131.2561256,日曜,その他
山口南,80,負傷,0,1,国道９号,山口市,2023,8,20,15,19,2昼,晴,非市街地,舗装　乾燥,交差点,点灯３灯式,標識　規制なし,表示なし,標識　規制なし,表示なし,交差点　大　中,直路,交差点内,規制なし,車両相互,25～34歳,45～54歳,普通乗用,軽乗用,自家用,自家用,負傷,損傷なし,34.11464083,131.4011322,日曜,その他
岩国,137,負傷,0,1,県道,岩国市,2023,8,20,17,20,2昼,晴,市街地,舗装　乾燥,交差点,施設なし,標識　規制なし,表示なし,標識　標準　反射式,表示あり,交差点　中　小,直路,交差点内,規制なし,車両相互,55～64歳,01～24歳,軽乗用,自転車,自家用,自転車,損傷なし,負傷,34.08975361,132.0397892,日曜,その他
岩国,135,負傷,0,1,国道２号,岩国市,2023,8,21,7,15,2昼,晴,市街地,舗装　乾燥,直路,施設なし,対象外当事者,対象外当事者,対象外当事者,対象外当事者,単路　5.5m以上,直路,単独（交差点付近を含む）,規制なし,車両相互,45～54歳,35～44歳,普通貨物,軽乗用,自家用,自家用,負傷,損傷なし,34.09855611,132.0854006,月曜,その他
萩,29,負傷,0,1,市道,萩市,2023,8,21,7,16,2昼,晴,市街地,舗装　乾燥,直路,施設なし,対象外当事者,対象外当事者,対象外当事者,対象外当事者,単路　3.5m未満,直路,単独（交差点付近を含む）,規制なし,車両相互,01～24歳,01～24歳,軽乗用,自転車,自家用,自転車,損傷なし,負傷,34.41152722,131.4173436,月曜,その他
柳井,85,負傷,0,1,国道437号,柳井市,2023,8,21,8,20,2昼,晴,非市街地,舗装　乾燥,カーブ,施設なし,対象外当事者,対象外当事者,対象外当事者,対象外当事者,単路　5.5m以上,カーブ右,単独（交差点付近を含む）,規制なし,車両相互,75歳以上,55～64歳,軽乗用,軽乗用,自家用,自家用,損傷なし,負傷,33.96491417,132.182075,月曜,その他
萩,27,死亡,1,0,国道315号,阿武町,2023,8,21,10,22,2昼,晴,非市街地,舗装　乾燥,カーブ,施設なし,対象外当事者,対象外当事者,対象外当事者,対象外当事者,単路　5.5m以上,カーブ左,単独（交差点付近を含む）,規制なし,人対車両,65～74歳,75歳以上,軽乗用,歩行者,自家用,対象外当事者,損傷なし,死亡,34.55081694,131.5986825,月曜,その他
山口,118,負傷,0,3,市道,山口市,2023,8,21,11,38,2昼,晴,非市街地,舗装　乾燥,交差点,点滅１灯式,標識　標準　反射式,表示なし,標識　規制なし,表示なし,交差点　中　中,直路,交差点内,規制なし,車両相互,45～54歳,35～44歳,普通乗用,軽乗用,自家用,自家用,損傷なし,負傷,34.15327722,131.5160419,月曜,その他
宇部,219,負傷,0,1,国道490号,宇部市,2023,8,21,15,37,2昼,晴,市街地,舗装　乾燥,直路,施設なし,対象外当事者,対象外当事者,対象外当事者,対象外当事者,単路　5.5m以上,直路,単独（交差点付近を含む）,規制なし,車両相互,45～54歳,25～34歳,準中型貨物,普通乗用,自家用,自家用,負傷,損傷なし,34.13706528,131.3208386,月曜,その他