警察署,本票番号,事故内容,死者数,負傷者数,路線,市町村名,発生日時　　年,発生日時　　月,発生日時　　日,発生日時　　時,発生日時　　分,昼夜,天候,地形,路面状態,道路形状,信号機,一時停止規制標識（当事者A）,一時停止規制表示（当事者A）,一時停止規制標識（当事者B）,一時停止規制表示（当事者B）,車道幅員,道路線形,衝突地点,ゾーン規制,事故類型,年齢（当事者A）,年齢（当事者B）,当事者種別（当事者A）,当事者種別（当事者B）,用途別（当事者A）,用途別（当事者B）,人身損傷程度（当事者A）,人身損傷程度（当事者B）,緯度,経度,曜日,祝日
防府,127,負傷,0,1,その他,防府市,2023,8,21,17,23,2昼,晴,市街地,非舗装,その他,施設なし,対象外当事者,対象外当事者,対象外当事者,対象外当事者,一般交通の場所,一般交通の場所,単独（交差点付近を含む）,規制なし,人対車両,55～64歳,75歳以上,普通乗用,歩行者,自家用,対象外当事者,損傷なし,負傷,34.12394833,131.6045544,月曜,その他
宇部,253,負傷,0,1,市道,宇部市,2023,8,22,2,58,5夜,晴,非市街地,舗装　乾燥,交差点,施設なし,標識　標準　反射式,表示なし,対象外当事者,対象外当事者,交差点　大　中,直路,交差点内,規制なし,人対車両,35～44歳,45～54歳,普通乗用,歩行者,自家用,対象外当事者,損傷なし,負傷,33.95719861,131.244485,火曜,その他
山口,114,負傷,0,1,国道262号,山口市,2023,8,22,7,2,2昼,晴,非市街地,舗装　乾燥,直路,施設なし,対象外当事者,対象外当事者,対象外当事者,対象外当事者,単路　5.5m以上,直路,単独（交差点付近を含む）,規制なし,車両相互,01～24歳,35～44歳,普通乗用,普通乗用,自家用,自家用,損傷なし,負傷,34.10902278,131.5361086,火曜,その他
山陽小野田,78,負傷,0,1,県道,山陽小野田市,2023,8,22,7,24,2昼,晴,非市街地,舗装　乾燥,直路,施設なし,対象外当事者,対象外当事者,対象外当事者,対象外当事者,単路　5.5m以上,直路,単独（交差点付近を含む）,規制なし,車両相互,35～44歳,45～54歳,普通乗用,軽乗用,自家用,自家用,損傷なし,負傷,34.07012389,131.0823589,火曜,その他
長府,99,負傷,0,1,港湾道,下関市,2023,8,22,8,17,2昼,晴,市街地,舗装　乾燥,交差点,施設なし,標識　規制なし,表示なし,標識　規制なし,表示なし,交差点　大　小,直路,交差点内,規制なし,車両相互,65～74歳,65～74歳,普通乗用,軽乗用,自家用,自家用,損傷なし,負傷,34.02615889,131.0106225,火曜,その他
山口,135,負傷,0,1,国道489号,山口市,2023,8,22,15,2,2昼,晴,非市街地,舗装　乾燥,直路,施設なし,対象外当事者,対象外当事者,対象外当事者,対象外当事者,単路　5.5m以上,直路,単独（交差点付近を含む）,規制なし,車両相互,01～24歳,55～64歳,軽乗用,軽乗用,自家用,自家用,損傷なし,負傷,34.19996083,131.6661967,火曜,その他
周南,150,負傷,0,1,市道,周南市,2023,8,22,16,5,2昼,晴,市街地,舗装　乾燥,直路,施設なし,対象外当事者,対象外当事者,対象外当事者,対象外当事者,単路　3.5m以上,直路,単独（交差点付近を含む）,規制なし,車両相互,65～74歳,01～24歳,自転車,自転車,自転車,自転車,負傷,損傷なし,34.04399139,131.814315,火曜,その他
光,55,負傷,0,1,県道,光市,2023,8,22,16,20,2昼,晴,非市街地,舗装　乾燥,直路,施設なし,対象外当事者,対象外当事者,対象外当事者,対象外当事者,単路　5.5m以上,直路,単独（交差点付近を含む）,規制なし,車両相互,75歳以上,35～44歳,普通乗用,普通乗用,自家用,自家用,損傷なし,負傷,33.99562306,132.0439458,火曜,その他
宇部,220,負傷,0,1,市道,宇部市,2023,8,22,16,26,2昼,晴,市街地,舗装　乾燥,直路,点灯３灯式,対象外当事者,対象外当事者,対象外当事者,対象外当事者,単路　3.5m未満,直路,単独（交差点付近を含む）,規制なし,車両相互,01～24歳,25～34歳,普通乗用,軽乗用,自家用,自家用,損傷なし,負傷,33.93214167,131.2595297,火曜,その他
防府,131,負傷,0,1,県道,防府市,2023,8,22,17,47,2昼,晴,市街地,舗装　乾燥,交差点,施設なし,標識　標準　反射式,表示あり,標識　規制なし,表示なし,交差点　小　小,直路,交差点内,規制なし,車両相互,45～54歳,35～44歳,普通乗用,自転車,自家用,自転車,損傷なし,負傷,34.05524361,131.5925742,火曜,その他
下関,203,負傷,0,1,国道191号,下関市,2023,8,22,18,11,3昼暮,晴,市街地,舗装　乾燥,カーブ,施設なし,対象外当事者,対象外当事者,対象外当事者,対象外当事者,単路　9.0m以上,カーブ左,単独（交差点付近を含む）,規制なし,車両相互,45～54歳,35～44歳,普通乗用,軽貨物,自家用,自家用,損傷なし,負傷,33.95794361,130.9212008,火曜,その他
下関,231,負傷,0,1,市道,下関市,2023,8,23,7,9,2昼,晴,市街地,舗装　乾燥,直路,施設なし,対象外当事者,対象外当事者,対象外当事者,対象外当事者,単路　3.5m以上,直路,単独（交差点付近を含む）,規制なし,車両相互,65～74歳,01～24歳,普通乗用,軽二輪　126～250cc,自家用,自家用,損傷なし,負傷,33.99334111,130.9297306,水曜,その他
柳井,81,負傷,0,1,国道188号,柳井市,2023,8,23,8,5,2昼,晴,非市街地,舗装　湿潤,カーブ,施設なし,対象外当事者,対象外当事者,対象外当事者,対象外当事者,単路　5.5m以上,カーブ左,単独（交差点付近を含む）,規制なし,車両相互,55～64歳,25～34歳,普通乗用,軽乗用,自家用,自家用,損傷なし,負傷,33.96057944,132.1680592,水曜,その他
光,57,負傷,0,1,県道,光市,2023,8,24,8,8,2昼,晴,非市街地,舗装　乾燥,カーブ,施設なし,対象外当事者,対象外当事者,対象外当事者,対象外当事者,単路　3.5m未満,カーブ左,単独（交差点付近を含む）,規制なし,人対車両,35～44歳,75歳以上,普通乗用,歩行者,自家用,対象外当事者,損傷なし,負傷,34.0194275,131.978135,木曜,その他
周南,149,負傷,0,1,市道,周南市,2023,8,24,14,13,2昼,晴,市街地,舗装　乾燥,直路,施設なし,対象外当事者,対象外当事者,対象外当事者,対象外当事者,単路　5.5m以上,直路,単独（交差点付近を含む）,規制なし,人対車両,55～64歳,55～64歳,原付一種,歩行者,自家用,対象外当事者,損傷なし,負傷,34.04435472,131.8185161,木曜,その他
下関,211,負傷,0,2,県道,下関市,2023,8,24,16,17,2昼,晴,市街地,舗装　乾燥,直路,施設なし,対象外当事者,対象外当事者,対象外当事者,対象外当事者,単路　3.5m未満,直路,単独（交差点付近を含む）,規制なし,車両相互,65～74歳,45～54歳,普通乗用,軽乗用,自家用,自家用,損傷なし,負傷,34.00925167,130.9244733,木曜,その他
周南,146,負傷,0,1,国道２号,周南市,2023,8,24,17,42,2昼,晴,市街地,舗装　乾燥,直路,施設なし,対象外当事者,対象外当事者,対象外当事者,対象外当事者,単路　5.5m以上,直路,単独（交差点付近を含む）,規制なし,車両相互,55～64歳,55～64歳,軽乗用,軽乗用,自家用,自家用,損傷なし,負傷,34.04812,131.8318478,木曜,その他
周南,148,負傷,0,1,市道,周南市,2023,8,25,8,51,2昼,曇,市街地,舗装　乾燥,直路,施設なし,対象外当事者,対象外当事者,対象外当事者,対象外当事者,単路　3.5m以上,直路,単独（交差点付近を含む）,規制なし,車両相互,55～64歳,45～54歳,普通乗用,軽乗用,自家用,自家用,負傷,損傷なし,34.04641361,131.832775,金曜,その他
長府,72,負傷,0,2,国道２号,下関市,2023,8,25,10,31,2昼,曇,市街地,舗装　乾燥,直路,施設なし,対象外当事者,対象外当事者,対象外当事者,対象外当事者,単路　13.0m以上,直路,単独（交差点付近を含む）,規制なし,車両相互,75歳以上,45～54歳,普通乗用,軽乗用,自家用,自家用,損傷なし,負傷,34.02557028,131.0072783,金曜,その他
山口,117,負傷,0,1,県道,山口市,2023,8,25,12,50,2昼,曇,市街地,舗装　乾燥,直路,施設なし,対象外当事者,対象外当事者,対象外当事者,対象外当事者,単路　5.5m以上,直路,単独（交差点付近を含む）,規制なし,車両相互,45～54歳,35～44歳,普通乗用,普通乗用,自家用,自家用,損傷なし,負傷,34.15394417,131.5089094,金曜,その他
宇部,217,負傷,0,1,国道190号,宇部市,2023,8,25,15,57,2昼,晴,市街地,舗装　乾燥,直路,点灯押ボ式,対象外当事者,対象外当事者,対象外当事者,対象外当事者,単路　3.5m以上,直路,単独（交差点付近を含む）,規制なし,車両相互,75歳以上,25～34歳,普通乗用,軽乗用,自家用,自家用,負傷,損傷なし,33.96235389,131.3204375,金曜,その他
宇部,233,負傷,0,3,県道,宇部市,2023,8,25,17,52,3昼暮,曇,市街地,舗装　乾燥,交差点,点灯３灯式,標識　規制なし,表示なし,標識　規制なし,表示なし,交差点　中　小,直路,交差点内,規制なし,車両相互,25～34歳,01～24歳,普通乗用,軽乗用,自家用,自家用,負傷,損傷なし,33.95709056,131.2485314,金曜,その他
防府,132,負傷,0,3,国道２号,防府市,2023,8,26,7,38,2昼,晴,非市街地,舗装　乾燥,直路,施設なし,対象外当事者,対象外当事者,対象外当事者,対象外当事者,単路　5.5m以上,直路,単独（交差点付近を含む）,規制なし,車両相互,45～54歳,35～44歳,普通乗用,軽乗用,自家用,自家用,損傷なし,負傷,34.04802889,131.5115422,土曜,その他
防府,146,負傷,0,1,県道,防府市,2023,8,26,9,1,2昼,晴,市街地,舗装　乾燥,交差点,点灯押ボ式,標識　標準　反射式,表示あり,対象外当事者,対象外当事者,交差点　中　小,直路,交差点内,規制なし,人対車両,75歳以上,75歳以上,普通乗用,歩行者,事業用,対象外当事者,損傷なし,負傷,34.03519806,131.5715575,土曜,その他
岩国,143,負傷,0,1,国道188号,岩国市,2023,8,26,10,15,2昼,晴,市街地,舗装　乾燥,交差点,施設なし,標識　規制なし,表示なし,標識　規制なし,表示なし,交差点　小　小,直路,交差点内,規制なし,車両相互,55～64歳,65～74歳,普通乗用,原付一種,自家用,自家用,損傷なし,負傷,34.10907361,132.1995872,土曜,その他
周南,155,負傷,0,1,県道,周南市,2023,8,26,12,1,2昼,晴,市街地,舗装　乾燥,カーブ,施設なし,対象外当事者,対象外当事者,対象外当事者,対象外当事者,単路　9.0m以上,カーブ右,単独（交差点付近を含む）,規制なし,車両相互,55～64歳,25～34歳,普通乗用,普通貨物,自家用,自家用,負傷,損傷なし,34.02500167,131.8312322,土曜,その他
山口,123,負傷,0,1,国道262号,山口市,2023,8,26,12,20,2昼,晴,市街地,舗装　乾燥,交差点付近,点灯３灯式,対象外当事者,対象外当事者,対象外当事者,対象外当事者,単路　9.0m以上,直路,単独（交差点付近を含む）,規制なし,車両相互,45～54歳,75歳以上,普通乗用,軽乗用,自家用,自家用,負傷,損傷なし,34.13245944,131.5256019,土曜,その他
宇部,222,負傷,0,2,その他,宇部市,2023,8,26,12,31,2昼,晴,非市街地,舗装　乾燥,直路,施設なし,対象外当事者,対象外当事者,対象外当事者,対象外当事者,単路　5.5m以上,直路,単独（交差点付近を含む）,規制なし,人対車両,01～24歳,25～34歳,軽乗用,歩行者,自家用,対象外当事者,損傷なし,負傷,33.98422778,131.2055367,土曜,その他
柳井,82,負傷,0,1,県道,田布施町,2023,8,26,15,47,2昼,晴,非市街地,舗装　乾燥,交差点,施設なし,標識　標準　反射式,表示あり,標識　規制なし,表示なし,交差点　中　中,直路,交差点内,規制なし,車両相互,75歳以上,55～64歳,軽貨物,軽貨物,自家用,自家用,損傷なし,負傷,33.9408525,132.0290981,土曜,その他
光,56,負傷,0,1,その他,光市,2023,8,26,15,59,2昼,晴,市街地,舗装　乾燥,その他,施設なし,対象外当事者,対象外当事者,対象外当事者,対象外当事者,一般交通の場所,一般交通の場所,単独（交差点付近を含む）,ゾーン３０,人対車両,35～44歳,01～24歳,軽乗用,歩行者,自家用,対象外当事者,損傷なし,負傷,33.97278472,131.9236261,土曜,その他
山陽小野田,75,負傷,0,1,市道,山陽小野田市,2023,8,26,17,7,2昼,晴,市街地,舗装　乾燥,直路,施設なし,対象外当事者,対象外当事者,対象外当事者,対象外当事者,単路　5.5m以上,直路,単独（交差点付近を含む）,規制なし,車両相互,25～34歳,55～64歳,普通乗用,軽乗用,自家用,自家用,負傷,損傷なし,33.98778611,131.1746142,土曜,その他
山口南,83,負傷,0,1,市道,山口市,2023,8,26,19,15,4夜暮,晴,非市街地,舗装　乾燥,直路,施設なし,対象外当事者,対象外当事者,対象外当事者,対象外当事者,単路　3.5m以上,直路,単独（交差点付近を含む）,規制なし,人対車両,45～54歳,65～74歳,小型二輪　251～400cc,歩行者,自家用,対象外当事者,損傷なし,負傷,34.07343528,131.4006108,土曜,その他
宇部,218,負傷,0,2,県道,宇部市,2023,8,26,19,20,4夜暮,晴,市街地,舗装　乾燥,交差点,施設なし,標識　規制なし,表示なし,標識　規制なし,表示なし,交差点　中　小,直路,交差点内,規制なし,車両相互,25～34歳,25～34歳,軽乗用,軽乗用,自家用,自家用,損傷なし,負傷,33.96421833,131.2976239,土曜,その他
防府,142,負傷,0,2,国道２号,防府市,2023,8,27,15,19,2昼,晴,市街地,舗装　乾燥,交差点付近,施設なし,対象外当事者,対象外当事者,対象外当事者,対象外当事者,単路　9.0m以上,直路,単独（交差点付近を含む）,規制なし,車両相互,35～44歳,55～64歳,普通乗用,普通乗用,自家用,自家用,損傷なし,損傷なし,34.05159944,131.6433881,日曜,その他
長門,28,負傷,0,3,国道316号,長門市,2023,8,27,15,23,2昼,雨,非市街地,舗装　湿潤,交差点付近,施設なし,対象外当事者,対象外当事者,対象外当事者,対象外当事者,単路　5.5m以上,カーブ右,単独（交差点付近を含む）,規制なし,車両単独,01～24歳,不明,普通乗用,物件等,自家用,対象外当事者,損傷なし,対象外当事者,34.3261175,131.1736447,日曜,その他
下関,209,負傷,0,1,市道,下関市,2023,8,27,16,20,2昼,晴,市街地,舗装　乾燥,直路,施設なし,対象外当事者,対象外当事者,対象外当事者,対象外当事者,単路　3.5m未満,直路,単独（交差点付近を含む）,規制なし,車両相互,35～44歳,01～24歳,普通乗用,軽乗用,自家用,自家用,負傷,損傷なし,33.99375722,130.9306631,日曜,その他
防府,136,負傷,0,3,国道２号,防府市,2023,8,27,16,50,2昼,晴,非市街地,舗装　乾燥,直路,施設なし,対象外当事者,対象外当事者,対象外当事者,対象外当事者,単路　3.5m以上,直路,単独（交差点付近を含む）,規制なし,車両相互,25～34歳,35～44歳,普通乗用,普通乗用,自家用,自家用,損傷なし,負傷,34.04733,131.6261806,日曜,その他
山口南,84,負傷,0,1,県道,山口市,2023,8,27,17,55,3昼暮,晴,非市街地,舗装　乾燥,直路,施設なし,対象外当事者,対象外当事者,対象外当事者,対象外当事者,単路　5.5m以上,直路,単独（交差点付近を含む）,規制なし,車両相互,55～64歳,55～64歳,軽乗用,軽乗用,自家用,自家用,損傷なし,負傷,34.14936861,131.3787811,日曜,その他
下松,64,負傷,0,1,国道２号,下松市,2023,8,27,22,29,5夜,晴,市街地,舗装　乾燥,直路,施設なし,対象外当事者,対象外当事者,対象外当事者,対象外当事者,単路　5.5m以上,直路,単独（交差点付近を含む）,規制なし,車両相互,25～34歳,35～44歳,普通乗用,普通乗用,自家用,自家用,損傷なし,損傷なし,34.03112194,131.8599492,日曜,その他
柳井,79,負傷,0,1,市道,柳井市,2023,8,28,10,24,2昼,晴,市街地,舗装　乾燥,交差点付近,施設なし,対象外当事者,対象外当事者,対象外当事者,対象外当事者,単路　5.5m以上,直路,単独（交差点付近を含む）,規制なし,車両相互,75歳以上,65～74歳,軽乗用,軽貨物,自家用,事業用,損傷なし,損傷なし,33.96204583,132.1023064,月曜,その他
柳井,84,負傷,0,1,県道,柳井市,2023,8,28,12,15,2昼,晴,市街地,舗装　乾燥,直路,施設なし,対象外当事者,対象外当事者,対象外当事者,対象外当事者,単路　5.5m以上,直路,単独（交差点付近を含む）,規制なし,車両相互,25～34歳,45～54歳,普通乗用,軽乗用,自家用,自家用,負傷,損傷なし,33.97509306,132.1015839,月曜,その他
山口南,87,負傷,0,2,国道190号,山口市,2023,8,28,17,7,2昼,晴,非市街地,舗装　乾燥,直路,施設なし,対象外当事者,対象外当事者,対象外当事者,対象外当事者,単路　5.5m以上,直路,単独（交差点付近を含む）,規制なし,車両相互,45～54歳,45～54歳,普通乗用,軽乗用,自家用,自家用,損傷なし,負傷,34.03138028,131.3560447,月曜,その他
岩国,139,負傷,0,1,国道189号,岩国市,2023,8,28,20,18,5夜,晴,市街地,舗装　乾燥,直路,点灯３灯式,対象外当事者,対象外当事者,対象外当事者,対象外当事者,単路　5.5m以上,直路,単独（交差点付近を含む）,規制なし,車両相互,55～64歳,01～24歳,普通乗用,軽乗用,事業用,自家用,負傷,損傷なし,34.15417611,132.2198392,月曜,その他
防府,138,負傷,0,1,国道２号,防府市,2023,8,29,3,32,5夜,晴,市街地,舗装　乾燥,交差点,点灯３灯式,標識　規制なし,表示なし,標識　規制なし,表示なし,交差点　大　中,直路,交差点内,規制なし,車両相互,25～34歳,45～54歳,大型貨物,普通乗用,事業用,自家用,負傷,損傷なし,34.06809083,131.5555539,火曜,その他
山口,133,負傷,0,3,国道262号,山口市,2023,8,29,6,17,1昼明,曇,市街地,舗装　乾燥,直路,施設なし,対象外当事者,対象外当事者,対象外当事者,対象外当事者,単路　5.5m以上,直路,単独（交差点付近を含む）,規制なし,車両相互,65～74歳,55～64歳,軽貨物,軽貨物,自家用,自家用,負傷,負傷,34.14161028,131.5224372,火曜,その他
防府,139,負傷,0,1,県道,防府市,2023,8,29,8,10,2昼,晴,市街地,舗装　乾燥,交差点,施設なし,標識　規制なし,表示あり,標識　規制なし,表示なし,交差点　小　小,直路,交差点内,規制なし,車両相互,45～54歳,45～54歳,普通乗用,自転車,自家用,自転車,損傷なし,負傷,34.04773333,131.6064175,火曜,その他
防府,147,負傷,0,1,市道,防府市,2023,8,29,10,39,2昼,晴,市街地,舗装　乾燥,カーブ,施設なし,対象外当事者,対象外当事者,対象外当事者,対象外当事者,単路　5.5m以上,カーブ右,単独（交差点付近を含む）,規制なし,車両相互,75歳以上,35～44歳,普通乗用,普通乗用,自家用,自家用,損傷なし,負傷,34.05043361,131.5152369,火曜,その他
山口,122,負傷,0,2,市道,山口市,2023,8,29,11,18,2昼,晴,市街地,舗装　乾燥,交差点,点灯３灯式,標識　規制なし,表示なし,標識　規制なし,表示なし,交差点　中　中,直路,交差点内,規制なし,車両相互,45～54歳,55～64歳,準中型貨物,普通乗用,自家用,自家用,損傷なし,負傷,34.16946944,131.4698147,火曜,その他
岩国,142,負傷,0,3,国道188号,岩国市,2023,8,29,16,44,2昼,晴,市街地,舗装　乾燥,交差点,施設なし,標識　規制なし,表示あり,標識　標準　反射式,表示あり,交差点　中　中,直路,交差点内,規制なし,車両相互,01～24歳,65～74歳,普通乗用,軽乗用,自家用,自家用,負傷,損傷なし,34.13287778,132.2028017,火曜,その他
宇部,229,負傷,0,1,一般の交通の用に供するその他の道路,宇部市,2023,8,29,17,19,2昼,晴,非市街地,舗装　乾燥,その他,施設なし,対象外当事者,対象外当事者,対象外当事者,対象外当事者,一般交通の場所,一般交通の場所,単独（交差点付近を含む）,規制なし,車両相互,55～64歳,25～34歳,普通乗用,軽乗用,自家用,自家用,損傷なし,負傷,33.99384472,131.2177872,火曜,その他
宇部,224,負傷,0,1,市道,宇部市,2023,8,29,18,32,3昼暮,晴,非市街地,舗装　乾燥,カーブ,施設なし,対象外当事者,対象外当事者,対象外当事者,対象外当事者,単路　5.5m以上,カーブ右,単独（交差点付近を含む）,規制なし,車両相互,45～54歳,25～34歳,普通乗用,原付一種,自家用,自家用,損傷なし,負傷,33.96730167,131.2945081,火曜,その他
山口南,86,負傷,0,1,国道２号,山口市,2023,8,29,20,28,5夜,晴,市街地,舗装　乾燥,直路,点灯３灯式,対象外当事者,対象外当事者,対象外当事者,対象外当事者,単路　9.0m以上,直路,単独（交差点付近を含む）,規制なし,車両相互,45～54歳,35～44歳,中型貨物,軽乗用,事業用,自家用,損傷なし,負傷,34.08306944,131.4444217,火曜,その他
下関,212,負傷,0,1,国道191号,下関市,2023,8,30,17,14,2昼,雨,市街地,舗装　湿潤,直路,施設なし,対象外当事者,対象外当事者,対象外当事者,対象外当事者,単路　3.5m以上,直路,単独（交差点付近を含む）,規制なし,車両単独,25～34歳,不明,普通乗用,物件等,自家用,対象外当事者,損傷なし,対象外当事者,33.97494389,130.9176178,水曜,その他
下松,57,負傷,0,1,市道,下松市,2023,8,30,18,36,3昼暮,晴,市街地,舗装　乾燥,交差点,施設なし,標識　規制なし,表示なし,標識　規制なし,表示なし,交差点　小　小,直路,交差点内,ゾーン３０,車両相互,55～64歳,45～54歳,普通乗用,自転車,自家用,自転車,損傷なし,負傷,34.01398806,131.8648961,水曜,その他
下松,61,負傷,0,3,国道188号,下松市,2023,8,31,7,37,2昼,曇,市街地,舗装　湿潤,直路,施設なし,対象外当事者,対象外当事者,対象外当事者,対象外当事者,単路　3.5m以上,直路,単独（交差点付近を含む）,規制なし,車両相互,55～64歳,25～34歳,普通乗用,普通乗用,自家用,自家用,損傷なし,負傷,34.01228139,131.8736097,木曜,その他
長府,82,負傷,0,1,国道491号,下関市,2023,8,31,10,57,2昼,晴,市街地,舗装　湿潤,直路,施設なし,対象外当事者,対象外当事者,対象外当事者,対象外当事者,単路　5.5m以上,直路,単独（交差点付近を含む）,規制なし,車両相互,01～24歳,65～74歳,普通乗用,原付一種,自家用,自家用,損傷なし,負傷,34.05517333,131.0219075,木曜,その他
柳井,92,負傷,0,3,市道,柳井市,2023,8,31,14,52,2昼,雨,市街地,舗装　乾燥,交差点,施設なし,標識　標準　反射式,表示なし,標識　規制なし,表示なし,交差点　小　小,直路,交差点内,規制なし,車両相互,01～24歳,65～74歳,軽乗用,軽貨物,自家用,自家用,負傷,負傷,33.96420833,132.11981,木曜,その他
周南,167,負傷,0,1,県道,周南市,2023,8,31,15,33,2昼,雨,市街地,舗装　湿潤,直路,施設なし,対象外当事者,対象外当事者,対象外当事者,対象外当事者,単路　5.5m以上,直路,単独（交差点付近を含む）,規制なし,車両相互,25～34歳,25～34歳,軽乗用,軽貨物,自家用,自家用,損傷なし,負傷,34.033515,131.8359322,木曜,その他
周南,156,負傷,0,1,市道,周南市,2023,8,31,17,6,2昼,雨,市街地,舗装　湿潤,カーブ,点灯押ボ式,対象外当事者,対象外当事者,対象外当事者,対象外当事者,単路　3.5m以上,カーブ左,単独（交差点付近を含む）,規制なし,車両相互,55～64歳,45～54歳,普通貨物,軽乗用,自家用,自家用,損傷なし,負傷,34.02331361,131.8311047,木曜,その他
美祢,20,負傷,0,1,国道490号,美祢市,2023,8,31,18,2,3昼暮,曇,市街地,舗装　湿潤,交差点,点灯３灯式,標識　規制なし,表示なし,標識　規制なし,表示なし,交差点　中　中,直路,交差点内,規制なし,車両相互,55～64歳,35～44歳,普通乗用,原付二種　51～125cc,自家用,自家用,損傷なし,負傷,34.16748861,131.327585,木曜,その他
防府,141,負傷,0,1,市道,防府市,2023,8,31,19,35,4夜暮,雨,市街地,舗装　湿潤,直路,施設なし,対象外当事者,対象外当事者,対象外当事者,対象外当事者,単路　5.5m以上,直路,単独（交差点付近を含む）,規制なし,車両相互,45～54歳,25～34歳,普通乗用,軽二輪　126～250cc,自家用,自家用,損傷なし,負傷,34.05406306,131.5956136,木曜,その他
岩国,149,負傷,0,1,県道,岩国市,2023,9,1,7,26,2昼,曇,非市街地,舗装　乾燥,交差点,施設なし,標識　規制なし,表示なし,標識　規制なし,表示なし,交差点　中　小,直路,交差点内,規制なし,車両相互,65～74歳,55～64歳,軽乗用,原付二種　51～125cc,自家用,自家用,損傷なし,負傷,34.16139972,132.2033203,金曜,その他
山口,126,負傷,0,1,国道９号,山口市,2023,9,1,8,40,2昼,雨,市街地,舗装　乾燥,交差点,点灯３灯式,標識　規制なし,表示なし,標識　規制なし,表示なし,交差点　中　中,直路,交差点内,規制なし,車両相互,45～54歳,45～54歳,普通乗用,軽乗用,自家用,自家用,負傷,損傷なし,34.17154056,131.4545433,金曜,その他
山陽小野田,72,負傷,0,1,県道,山陽小野田市,2023,9,1,8,47,2昼,雨,非市街地,舗装　湿潤,交差点,点灯３灯式,標識　規制なし,表示なし,標識　規制なし,表示なし,交差点　大　小,直路,交差点内,規制なし,車両相互,01～24歳,35～44歳,普通乗用,軽乗用,自家用,自家用,損傷なし,負傷,34.01488306,131.1844806,金曜,その他
宇部,231,負傷,0,1,国道190号,宇部市,2023,9,1,10,0,2昼,曇,市街地,舗装　乾燥,交差点付近,点灯３灯式,対象外当事者,対象外当事者,対象外当事者,対象外当事者,単路　13.0m以上,直路,単独（交差点付近を含む）,規制なし,車両相互,45～54歳,55～64歳,軽乗用,軽貨物,自家用,自家用,損傷なし,負傷,33.94248361,131.2904497,金曜,その他
周南,152,負傷,0,1,県道,周南市,2023,9,1,17,15,2昼,晴,市街地,舗装　乾燥,直路,施設なし,対象外当事者,対象外当事者,対象外当事者,対象外当事者,単路　3.5m未満,直路,単独（交差点付近を含む）,規制なし,車両相互,25～34歳,55～64歳,準中型貨物,普通乗用,自家用,自家用,損傷なし,負傷,34.05708528,131.8017889,金曜,その他
防府,134,負傷,0,1,県道,防府市,2023,9,1,17,18,2昼,曇,市街地,舗装　乾燥,直路,施設なし,対象外当事者,対象外当事者,対象外当事者,対象外当事者,単路　3.5m以上,直路,単独（交差点付近を含む）,規制なし,車両相互,55～64歳,45～54歳,軽乗用,軽乗用,自家用,自家用,損傷なし,負傷,34.04612306,131.5629531,金曜,その他
山口,127,負傷,0,1,国道９号,山口市,2023,9,1,17,58,3昼暮,雨,市街地,舗装　湿潤,カーブ,施設なし,対象外当事者,対象外当事者,対象外当事者,対象外当事者,単路　3.5m以上,カーブ右,単独（交差点付近を含む）,規制なし,車両相互,55～64歳,45～54歳,普通乗用,軽乗用,自家用,自家用,負傷,損傷なし,34.24084528,131.5199361,金曜,その他
高速隊,44,負傷,0,1,高速道路,美祢市,2023,9,1,19,45,5夜,雨,非市街地,舗装　湿潤,カーブ,施設なし,対象外当事者,対象外当事者,対象外当事者,対象外当事者,単路　5.5m以上,カーブ右,単独（交差点付近を含む）,規制なし,車両単独,01～24歳,不明,普通乗用,物件等,自家用,対象外当事者,損傷なし,対象外当事者,34.15158944,131.2343475,金曜,その他
下関,208,負傷,0,1,県道,下関市,2023,9,1,19,59,5夜,曇,非市街地,舗装　湿潤,交差点,点灯３灯式,標識　規制なし,表示なし,対象外当事者,対象外当事者,交差点　小　小,直路,交差点内,規制なし,人対車両,65～74歳,45～54歳,普通乗用,歩行者,事業用,対象外当事者,損傷なし,負傷,33.94340611,130.9112869,金曜,その他
長府,81,負傷,0,2,国道491号,下関市,2023,9,2,10,44,2昼,晴,市街地,舗装　乾燥,直路,施設なし,対象外当事者,対象外当事者,対象外当事者,対象外当事者,単路　13.0m以上,直路,単独（交差点付近を含む）,規制なし,車両相互,25～34歳,65～74歳,大型貨物,普通乗用,事業用,自家用,損傷なし,負傷,34.05201861,131.0197942,土曜,その他
下関,239,負傷,0,1,市道,下関市,2023,9,2,13,47,2昼,曇,市街地,舗装　乾燥,交差点,施設なし,標識　規制なし,表示なし,標識　規制なし,表示なし,交差点　小　小,直路,交差点内,規制なし,車両相互,55～64歳,35～44歳,普通乗用,普通貨物,自家用,自家用,損傷なし,損傷なし,34.00631056,130.9248836,土曜,その他
長府,87,負傷,0,1,国道２号,下関市,2023,9,3,5,1,6夜明,曇,市街地,舗装　乾燥,交差点,点灯３灯式,標識　規制なし,表示なし,標識　規制なし,表示なし,交差点　大　大,直路,交差点内,規制なし,車両相互,01～24歳,55～64歳,普通乗用,普通乗用,自家用,自家用,損傷なし,損傷なし,34.00853472,130.9952675,日曜,その他