警察署,本票番号,事故内容,死者数,負傷者数,路線,市町村名,発生日時　　年,発生日時　　月,発生日時　　日,発生日時　　時,発生日時　　分,昼夜,天候,地形,路面状態,道路形状,信号機,一時停止規制標識（当事者A）,一時停止規制表示（当事者A）,一時停止規制標識（当事者B）,一時停止規制表示（当事者B）,車道幅員,道路線形,衝突地点,ゾーン規制,事故類型,年齢（当事者A）,年齢（当事者B）,当事者種別（当事者A）,当事者種別（当事者B）,用途別（当事者A）,用途別（当事者B）,人身損傷程度（当事者A）,人身損傷程度（当事者B）,緯度,経度,曜日,祝日
萩,30,負傷,0,1,国道262号,萩市,2023,9,3,12,47,2昼,晴,市街地,舗装　乾燥,交差点,施設なし,標識　標準　反射式,表示あり,標識　規制なし,表示なし,交差点　小　小,直路,交差点内,規制なし,車両相互,65～74歳,75歳以上,軽乗用,自転車,自家用,自転車,損傷なし,負傷,34.39238778,131.4046931,日曜,その他
山陽小野田,73,負傷,0,1,県道,山陽小野田市,2023,9,3,13,7,2昼,晴,市街地,舗装　乾燥,交差点,施設なし,標識　標準　反射式,表示なし,標識　標準　反射式,表示なし,交差点　中　中,直路,交差点内,規制なし,車両相互,25～34歳,35～44歳,軽乗用,軽乗用,自家用,自家用,損傷なし,負傷,34.00457694,131.18328,日曜,その他
岩国,140,死亡,1,1,市道,岩国市,2023,9,3,16,28,2昼,晴,非市街地,舗装　乾燥,踏切,施設なし,対象外当事者,対象外当事者,対象外当事者,対象外当事者,単路　3.5m未満,直路,単独（交差点付近を含む）,規制なし,列車,35～44歳,35～44歳,軽乗用,列車,自家用,対象外当事者,死亡,損傷なし,34.09066889,132.0334764,日曜,その他
山口,130,負傷,0,1,国道９号,山口市,2023,9,3,17,28,2昼,晴,市街地,舗装　乾燥,交差点,点灯３灯式,標識　規制なし,表示なし,標識　規制なし,表示なし,交差点　中　中,直路,交差点内,規制なし,車両相互,65～74歳,45～54歳,軽乗用,小型二輪　401～750cc,自家用,自家用,損傷なし,負傷,34.20055222,131.5053481,日曜,その他
岩国,172,負傷,0,1,県道,岩国市,2023,9,3,20,2,5夜,晴,非市街地,舗装　乾燥,交差点,点灯３灯式,標識　規制なし,表示なし,標識　規制なし,表示なし,交差点　中　中,直路,交差点内,規制なし,車両相互,25～34歳,35～44歳,普通乗用,普通乗用,自家用,自家用,負傷,損傷なし,34.02535611,132.0589756,日曜,その他
下関,219,負傷,0,1,県道,下関市,2023,9,4,7,27,2昼,晴,市街地,舗装　乾燥,交差点,点灯３灯式,標識　規制なし,表示なし,標識　規制なし,表示なし,交差点　中　中,直路,交差点内,規制なし,車両相互,35～44歳,01～24歳,普通乗用,自転車,自家用,自転車,損傷なし,負傷,34.00843444,130.9547608,月曜,その他
美祢,23,負傷,0,1,県道,美祢市,2023,9,4,7,33,2昼,晴,非市街地,舗装　乾燥,直路,施設なし,対象外当事者,対象外当事者,対象外当事者,対象外当事者,単路　5.5m以上,直路,単独（交差点付近を含む）,規制なし,車両相互,45～54歳,35～44歳,軽乗用,軽乗用,自家用,自家用,損傷なし,負傷,34.15886639,131.3463567,月曜,その他
山口,124,負傷,0,1,一般の交通の用に供するその他の道路,山口市,2023,9,4,8,50,2昼,晴,市街地,舗装　乾燥,その他,施設なし,対象外当事者,対象外当事者,対象外当事者,対象外当事者,一般交通の場所,一般交通の場所,単独（交差点付近を含む）,規制なし,車両単独,25～34歳,不明,普通乗用,物件等,自家用,対象外当事者,損傷なし,対象外当事者,34.16539028,131.4479553,月曜,その他
美祢,18,負傷,0,1,国道435号,美祢市,2023,9,4,10,28,2昼,晴,市街地,舗装　乾燥,交差点,点灯３灯式,標識　規制なし,表示なし,標識　規制なし,表示なし,交差点　中　小,直路,交差点内,規制なし,車両相互,25～34歳,25～34歳,普通乗用,普通乗用,自家用,自家用,損傷なし,負傷,34.16716694,131.2070261,月曜,その他
宇部,230,負傷,0,2,市道,宇部市,2023,9,4,11,14,2昼,晴,市街地,舗装　乾燥,直路,施設なし,対象外当事者,対象外当事者,対象外当事者,対象外当事者,単路　5.5m以上,直路,単独（交差点付近を含む）,規制なし,車両相互,75歳以上,35～44歳,普通乗用,普通乗用,自家用,自家用,負傷,負傷,33.98167972,131.2119069,月曜,その他
長門,29,負傷,0,1,県道,長門市,2023,9,4,13,41,2昼,晴,市街地,舗装　乾燥,交差点,点灯３灯式,標識　規制なし,表示なし,標識　規制なし,表示なし,交差点　中　中,直路,交差点内,規制なし,車両相互,45～54歳,45～54歳,軽乗用,軽乗用,自家用,自家用,損傷なし,負傷,34.37827139,131.1874864,月曜,その他
長府,85,負傷,0,1,国道491号,下関市,2023,9,4,14,45,2昼,晴,市街地,舗装　乾燥,直路,施設なし,対象外当事者,対象外当事者,対象外当事者,対象外当事者,単路　5.5m以上,直路,単独（交差点付近を含む）,規制なし,車両相互,45～54歳,65～74歳,中型貨物,普通乗用,事業用,自家用,損傷なし,負傷,34.06436306,131.0276778,月曜,その他
宇部,236,負傷,0,1,国道190号,宇部市,2023,9,4,15,23,2昼,晴,非市街地,舗装　乾燥,交差点,点灯押ボ式,標識　標準　反射式,表示あり,標識　規制なし,表示なし,交差点　中　小,直路,交差点内,規制なし,車両相互,55～64歳,65～74歳,軽乗用,軽貨物,自家用,自家用,損傷なし,負傷,33.97522694,131.1962633,月曜,その他
防府,149,負傷,0,1,市道,防府市,2023,9,4,16,4,2昼,晴,市街地,舗装　乾燥,直路,施設なし,対象外当事者,対象外当事者,対象外当事者,対象外当事者,単路　5.5m以上,直路,単独（交差点付近を含む）,規制なし,人対車両,25～34歳,01～24歳,軽乗用,歩行者,自家用,対象外当事者,損傷なし,負傷,34.04427611,131.5691672,月曜,その他
周南,162,負傷,0,1,国道２号,周南市,2023,9,4,16,27,2昼,晴,市街地,舗装　乾燥,直路,施設なし,対象外当事者,対象外当事者,対象外当事者,対象外当事者,単路　9.0m以上,直路,単独（交差点付近を含む）,規制なし,車両相互,45～54歳,55～64歳,普通乗用,普通乗用,自家用,自家用,損傷なし,負傷,34.04452889,131.8364869,月曜,その他
山陽小野田,74,負傷,0,1,市道,山陽小野田市,2023,9,4,17,15,2昼,晴,市街地,舗装　乾燥,直路,施設なし,対象外当事者,対象外当事者,対象外当事者,対象外当事者,単路　3.5m以上,直路,単独（交差点付近を含む）,規制なし,車両相互,45～54歳,01～24歳,軽乗用,自転車,自家用,自転車,損傷なし,負傷,33.98619139,131.1693789,月曜,その他
山口,121,負傷,0,1,市道,山口市,2023,9,4,17,29,2昼,晴,市街地,舗装　乾燥,直路,施設なし,対象外当事者,対象外当事者,対象外当事者,対象外当事者,単路　3.5m未満,直路,単独（交差点付近を含む）,規制なし,車両相互,35～44歳,35～44歳,準中型貨物,軽貨物,自家用,自家用,負傷,損傷なし,34.13698278,131.5103164,月曜,その他
宇部,228,負傷,0,1,国道190号,宇部市,2023,9,4,18,2,3昼暮,晴,市街地,舗装　乾燥,直路,施設なし,対象外当事者,対象外当事者,対象外当事者,対象外当事者,単路　19.5m以上,直路,単独（交差点付近を含む）,規制なし,車両相互,55～64歳,55～64歳,普通乗用,軽貨物,自家用,自家用,負傷,損傷なし,33.94239222,131.2719103,月曜,その他
長府,83,負傷,0,1,一般の交通の用に供するその他の道路,下関市,2023,9,4,19,41,5夜,晴,市街地,舗装　乾燥,その他,施設なし,対象外当事者,対象外当事者,対象外当事者,対象外当事者,一般交通の場所,一般交通の場所,単独（交差点付近を含む）,規制なし,車両相互,35～44歳,35～44歳,普通乗用,軽貨物,自家用,自家用,損傷なし,負傷,34.12183444,131.0321364,月曜,その他
山口,131,負傷,0,1,一般の交通の用に供するその他の道路,山口市,2023,9,5,8,35,2昼,曇,非市街地,舗装　湿潤,その他,施設なし,対象外当事者,対象外当事者,対象外当事者,対象外当事者,一般交通の場所,一般交通の場所,単独（交差点付近を含む）,規制なし,車両相互,75歳以上,45～54歳,普通乗用,軽乗用,自家用,自家用,損傷なし,負傷,34.1741425,131.4816911,火曜,その他
萩,31,負傷,0,1,国道191号,萩市,2023,9,5,10,38,2昼,雨,非市街地,舗装　湿潤,直路,施設なし,対象外当事者,対象外当事者,対象外当事者,対象外当事者,単路　5.5m以上,直路,単独（交差点付近を含む）,規制なし,車両相互,55～64歳,25～34歳,普通乗用,軽乗用,自家用,自家用,損傷なし,負傷,34.42799639,131.4174464,火曜,その他
長府,78,負傷,0,1,市道,下関市,2023,9,5,10,40,2昼,雨,市街地,舗装　湿潤,直路,施設なし,対象外当事者,対象外当事者,対象外当事者,対象外当事者,単路　5.5m以上,直路,単独（交差点付近を含む）,規制なし,車両相互,55～64歳,55～64歳,軽乗用,原付二種　51～125cc,自家用,自家用,損傷なし,負傷,34.00946972,130.9935392,火曜,その他
長府,18,負傷,0,1,国道491号,下関市,2022,9,5,11,59,2昼,曇,市街地,舗装　乾燥,直路,施設なし,対象外当事者,対象外当事者,対象外当事者,対象外当事者,単路　9.0m以上,直路,単独（交差点付近を含む）,規制なし,車両相互,45～54歳,75歳以上,軽乗用,軽貨物,自家用,自家用,負傷,損傷なし,34.06915333,131.0315672,月曜,その他
周南,163,負傷,0,1,県道,周南市,2023,9,5,12,11,2昼,雨,市街地,舗装　湿潤,直路,点灯３灯式,対象外当事者,対象外当事者,対象外当事者,対象外当事者,単路　5.5m以上,直路,単独（交差点付近を含む）,規制なし,車両相互,65～74歳,45～54歳,軽乗用,軽乗用,自家用,自家用,損傷なし,負傷,34.07803472,131.7722839,火曜,その他
山陽小野田,76,負傷,0,1,国道２号,山陽小野田市,2023,9,5,12,39,2昼,雨,非市街地,舗装　湿潤,交差点付近,点灯３灯式,対象外当事者,対象外当事者,対象外当事者,対象外当事者,単路　9.0m以上,直路,単独（交差点付近を含む）,規制なし,車両相互,45～54歳,35～44歳,普通乗用,普通乗用,自家用,自家用,損傷なし,負傷,34.0436925,131.1134928,火曜,その他
高速隊,45,負傷,0,1,高速道路,美祢市,2023,9,5,15,15,2昼,雨,非市街地,舗装　湿潤,直路,施設なし,対象外当事者,対象外当事者,対象外当事者,対象外当事者,単路　9.0m以上,直路,単独（交差点付近を含む）,規制なし,車両相互,45～54歳,45～54歳,大型貨物,中型貨物,事業用,事業用,損傷なし,損傷なし,34.1588025,131.3314803,火曜,その他
下松,69,負傷,0,1,国道２号,下松市,2023,9,5,15,18,2昼,雨,市街地,舗装　湿潤,交差点,点灯３灯式,標識　規制なし,表示なし,標識　規制なし,表示なし,交差点　大　大,カーブ左,交差点内,規制なし,車両相互,35～44歳,55～64歳,大型貨物,小型二輪　751cc以上,事業用,自家用,損傷なし,負傷,34.03054556,131.8621511,火曜,その他
山口,129,負傷,0,1,市道,山口市,2023,9,5,17,10,2昼,雨,非市街地,舗装　湿潤,直路,施設なし,対象外当事者,対象外当事者,対象外当事者,対象外当事者,単路　3.5m未満,直路,単独（交差点付近を含む）,規制なし,車両相互,25～34歳,45～54歳,軽乗用,原付一種,自家用,自家用,損傷なし,負傷,34.16575028,131.4561533,火曜,その他
下松,58,負傷,0,1,県道,下松市,2023,9,5,17,26,2昼,雨,市街地,舗装　乾燥,交差点,施設なし,標識　標準　反射式,表示あり,標識　規制なし,表示なし,交差点　中　小,直路,交差点内,規制なし,車両相互,65～74歳,25～34歳,軽乗用,自転車,自家用,自転車,損傷なし,負傷,34.01615528,131.8751431,火曜,その他
柳井,94,負傷,0,2,国道437号,柳井市,2023,9,6,0,5,5夜,晴,非市街地,舗装　乾燥,直路,点灯３灯式,対象外当事者,対象外当事者,対象外当事者,対象外当事者,単路　9.0m以上,直路,単独（交差点付近を含む）,規制なし,車両単独,01～24歳,不明,普通乗用,物件等,自家用,対象外当事者,損傷なし,対象外当事者,34.00111167,132.1747861,水曜,その他
美祢,21,負傷,0,4,県道,美祢市,2023,9,6,7,44,2昼,曇,市街地,舗装　乾燥,直路,点灯３灯式,対象外当事者,対象外当事者,対象外当事者,対象外当事者,単路　3.5m以上,直路,単独（交差点付近を含む）,規制なし,車両相互,45～54歳,65～74歳,普通乗用,軽乗用,自家用,自家用,負傷,損傷なし,34.1607875,131.1844575,水曜,その他
萩,32,負傷,0,1,国道191号,萩市,2023,9,6,8,10,2昼,雨,非市街地,舗装　湿潤,橋,施設なし,対象外当事者,対象外当事者,対象外当事者,対象外当事者,単路　3.5m以上,直路,単独（交差点付近を含む）,規制なし,車両相互,75歳以上,45～54歳,軽乗用,軽乗用,自家用,自家用,損傷なし,負傷,34.40463472,131.3870689,水曜,その他
周南,157,負傷,0,1,県道,周南市,2023,9,6,8,37,2昼,晴,市街地,舗装　乾燥,直路,施設なし,対象外当事者,対象外当事者,対象外当事者,対象外当事者,単路　3.5m以上,直路,単独（交差点付近を含む）,規制なし,車両相互,35～44歳,45～54歳,普通乗用,軽貨物,自家用,自家用,負傷,損傷なし,34.07261806,131.7514658,水曜,その他
周南,151,負傷,0,1,一般の交通の用に供するその他の道路,周南市,2023,9,6,11,0,2昼,晴,市街地,舗装　乾燥,その他,施設なし,対象外当事者,対象外当事者,対象外当事者,対象外当事者,一般交通の場所,一般交通の場所,単独（交差点付近を含む）,規制なし,車両相互,75歳以上,25～34歳,普通乗用,軽乗用,自家用,自家用,損傷なし,負傷,34.06072556,131.8146464,水曜,その他
宇部,239,負傷,0,2,市道,宇部市,2023,9,6,16,56,2昼,晴,市街地,舗装　乾燥,交差点付近,施設なし,対象外当事者,対象外当事者,対象外当事者,対象外当事者,単路　5.5m以上,直路,単独（交差点付近を含む）,規制なし,車両相互,01～24歳,45～54歳,普通乗用,軽乗用,自家用,自家用,損傷なし,負傷,33.96035389,131.2588494,水曜,その他
下関,210,負傷,0,1,市道,下関市,2023,9,6,17,30,2昼,晴,市街地,舗装　乾燥,交差点,施設なし,標識　規制なし,表示なし,対象外当事者,対象外当事者,交差点　大　小,直路,交差点内,規制なし,人対車両,45～54歳,01～24歳,軽乗用,歩行者,自家用,対象外当事者,損傷なし,負傷,33.92202306,130.9195714,水曜,その他
防府,143,負傷,0,1,市道,防府市,2023,9,7,7,28,2昼,晴,市街地,舗装　乾燥,交差点,施設なし,標識　標準　反射式,表示なし,標識　規制なし,表示なし,交差点　小　小,直路,交差点内,規制なし,車両相互,75歳以上,35～44歳,普通乗用,普通乗用,自家用,自家用,損傷なし,負傷,34.05304306,131.5220756,木曜,その他
山陽小野田,79,負傷,0,1,県道,山陽小野田市,2023,9,7,7,37,2昼,晴,非市街地,舗装　乾燥,交差点付近,施設なし,対象外当事者,対象外当事者,対象外当事者,対象外当事者,単路　9.0m以上,直路,単独（交差点付近を含む）,規制なし,車両相互,01～24歳,65～74歳,普通乗用,軽乗用,自家用,自家用,損傷なし,負傷,34.04622361,131.1538472,木曜,その他
周南,154,負傷,0,1,県道,周南市,2023,9,7,8,41,2昼,晴,市街地,舗装　乾燥,交差点,施設なし,標識　標準　反射式,表示なし,標識　規制なし,表示なし,交差点　中　小,直路,交差点内,規制なし,車両相互,45～54歳,45～54歳,軽乗用,自転車,自家用,自転車,損傷なし,負傷,34.04315444,131.8164303,木曜,その他
柳井,89,負傷,0,2,国道437号,周防大島町,2023,9,7,8,54,2昼,晴,市街地,舗装　乾燥,交差点,施設なし,標識　標準　反射式,表示なし,標識　規制なし,表示なし,交差点　中　中,直路,交差点内,規制なし,車両相互,01～24歳,65～74歳,軽乗用,軽乗用,自家用,自家用,負傷,負傷,33.90128306,132.3347833,木曜,その他
下松,65,負傷,0,1,県道,下松市,2023,9,7,9,15,2昼,晴,非市街地,舗装　乾燥,その他,施設なし,対象外当事者,対象外当事者,対象外当事者,対象外当事者,単路　5.5m以上,直路,単独（交差点付近を含む）,規制なし,車両相互,45～54歳,55～64歳,普通乗用,軽乗用,自家用,自家用,損傷なし,負傷,34.05322472,131.8767447,木曜,その他
下関,240,負傷,0,1,一般の交通の用に供するその他の道路,下関市,2023,9,7,16,40,2昼,晴,市街地,舗装　乾燥,その他,施設なし,対象外当事者,対象外当事者,対象外当事者,対象外当事者,一般交通の場所,一般交通の場所,単独（交差点付近を含む）,規制なし,人対車両,65～74歳,25～34歳,普通乗用,歩行者,自家用,対象外当事者,損傷なし,負傷,33.94617861,130.9212114,木曜,その他
岩国,145,負傷,0,1,一般の交通の用に供するその他の道路,和木町,2023,9,7,16,45,2昼,晴,非市街地,舗装　乾燥,その他,施設なし,対象外当事者,対象外当事者,対象外当事者,対象外当事者,一般交通の場所,一般交通の場所,単独（交差点付近を含む）,規制なし,車両単独,01～24歳,不明,準中型貨物,物件等,自家用,対象外当事者,損傷なし,対象外当事者,34.20498778,132.2345947,木曜,その他
下関,214,負傷,0,1,市道,下関市,2023,9,7,19,2,4夜暮,晴,市街地,舗装　乾燥,直路,施設なし,対象外当事者,対象外当事者,対象外当事者,対象外当事者,単路　3.5m未満,直路,単独（交差点付近を含む）,規制なし,車両相互,35～44歳,01～24歳,軽乗用,自転車,自家用,自転車,損傷なし,負傷,33.96383917,130.9383764,木曜,その他
周南,160,負傷,0,1,市道,周南市,2023,9,7,21,3,5夜,晴,市街地,舗装　乾燥,直路,施設なし,対象外当事者,対象外当事者,対象外当事者,対象外当事者,単路　3.5m以上,直路,単独（交差点付近を含む）,規制なし,車両相互,01～24歳,01～24歳,普通乗用,普通乗用,自家用,自家用,損傷なし,負傷,34.03736306,131.8435667,木曜,その他
宇部,241,負傷,0,1,国道190号,宇部市,2023,9,8,7,25,2昼,晴,市街地,舗装　乾燥,直路,施設なし,対象外当事者,対象外当事者,対象外当事者,対象外当事者,単路　13.0m以上,直路,単独（交差点付近を含む）,規制なし,車両相互,25～34歳,65～74歳,普通乗用,普通貨物,自家用,自家用,損傷なし,負傷,33.970725,131.2306922,金曜,その他
周南,158,負傷,0,1,国道２号,周南市,2023,9,8,11,42,2昼,晴,市街地,舗装　乾燥,直路,施設なし,対象外当事者,対象外当事者,対象外当事者,対象外当事者,単路　3.5m以上,直路,単独（交差点付近を含む）,規制なし,車両相互,55～64歳,55～64歳,大型貨物,普通乗用,事業用,自家用,損傷なし,負傷,34.03836806,131.8454311,金曜,その他
岩国,147,負傷,0,1,市道,岩国市,2023,9,8,12,16,2昼,晴,市街地,舗装　乾燥,交差点,施設なし,標識　標準　反射式,表示あり,標識　規制なし,表示なし,交差点　中　小,直路,交差点内,規制なし,車両相互,65～74歳,25～34歳,普通乗用,原付一種,自家用,自家用,損傷なし,負傷,34.17344111,132.2301311,金曜,その他
山口,134,負傷,0,1,県道,山口市,2023,9,8,14,6,2昼,晴,非市街地,舗装　乾燥,直路,施設なし,対象外当事者,対象外当事者,対象外当事者,対象外当事者,単路　5.5m以上,直路,単独（交差点付近を含む）,規制なし,車両相互,45～54歳,75歳以上,軽乗用,自転車,自家用,自転車,損傷なし,負傷,34.1737375,131.4808972,金曜,その他
下松,62,負傷,0,1,一般の交通の用に供するその他の道路,下松市,2023,9,8,17,16,2昼,晴,市街地,舗装　乾燥,その他,施設なし,対象外当事者,対象外当事者,対象外当事者,対象外当事者,一般交通の場所,一般交通の場所,単独（交差点付近を含む）,規制なし,人対車両,75歳以上,01～24歳,普通乗用,歩行者,自家用,対象外当事者,損傷なし,負傷,34.02974611,131.8649689,金曜,その他
柳井,86,負傷,0,2,市道,柳井市,2023,9,8,17,21,2昼,晴,市街地,舗装　乾燥,交差点,点灯３灯式,標識　規制なし,表示なし,標識　規制なし,表示なし,交差点　中　中,直路,交差点内,規制なし,車両相互,55～64歳,01～24歳,普通乗用,軽乗用,自家用,自家用,負傷,損傷なし,33.96533222,132.1020183,金曜,その他
下関,228,負傷,0,1,市道,下関市,2023,9,8,19,3,4夜暮,晴,市街地,舗装　乾燥,直路,施設なし,対象外当事者,対象外当事者,対象外当事者,対象外当事者,単路　3.5m以上,直路,単独（交差点付近を含む）,規制なし,車両相互,65～74歳,35～44歳,普通乗用,普通乗用,自家用,自家用,損傷なし,負傷,33.96827222,130.9260811,金曜,その他
下松,59,負傷,0,1,県道,下松市,2023,9,8,19,15,4夜暮,曇,市街地,舗装　湿潤,交差点,施設なし,標識　規制なし,表示なし,標識　規制なし,表示なし,交差点　中　中,直路,交差点内,規制なし,車両相互,55～64歳,45～54歳,軽乗用,原付二種　51～125cc,自家用,自家用,損傷なし,負傷,34.009385,131.8624728,金曜,その他
下関,217,負傷,0,1,市道,下関市,2023,9,9,2,59,5夜,晴,市街地,舗装　乾燥,直路,施設なし,対象外当事者,対象外当事者,対象外当事者,対象外当事者,単路　3.5m未満,直路,単独（交差点付近を含む）,規制なし,人対車両,55～64歳,25～34歳,普通乗用,歩行者,事業用,対象外当事者,損傷なし,負傷,33.95238861,130.9300344,土曜,その他
宇部,244,負傷,0,1,国道190号,宇部市,2023,9,9,9,32,2昼,晴,市街地,舗装　乾燥,交差点,点灯３灯式,標識　規制なし,表示なし,標識　規制なし,表示なし,交差点　中　中,直路,交差点内,規制なし,車両相互,75歳以上,65～74歳,普通乗用,自転車,自家用,自転車,損傷なし,負傷,33.96970333,131.2320403,土曜,その他
下関,216,負傷,0,2,県道,下関市,2023,9,9,10,0,2昼,晴,市街地,舗装　乾燥,直路,施設なし,対象外当事者,対象外当事者,対象外当事者,対象外当事者,単路　9.0m以上,直路,単独（交差点付近を含む）,規制なし,車両相互,65～74歳,65～74歳,軽乗用,軽乗用,自家用,自家用,損傷なし,負傷,33.98259528,130.9512461,土曜,その他
防府,144,負傷,0,1,市道,防府市,2023,9,9,12,50,2昼,晴,市街地,舗装　乾燥,直路,施設なし,対象外当事者,対象外当事者,対象外当事者,対象外当事者,単路　3.5m以上,直路,単独（交差点付近を含む）,規制なし,車両相互,25～34歳,65～74歳,普通乗用,軽乗用,自家用,自家用,負傷,損傷なし,34.05148972,131.55883,土曜,その他
山口南,91,負傷,0,2,市道,山口市,2023,9,9,13,48,2昼,晴,非市街地,舗装　乾燥,交差点,施設なし,標識　標準　反射式,表示あり,標識　規制なし,表示なし,交差点　小　小,直路,交差点内,規制なし,車両相互,65～74歳,45～54歳,軽貨物,軽貨物,自家用,自家用,損傷なし,負傷,34.00284278,131.3435886,土曜,その他
防府,148,負傷,0,1,県道,防府市,2023,9,9,14,35,2昼,晴,市街地,舗装　乾燥,直路,施設なし,対象外当事者,対象外当事者,対象外当事者,対象外当事者,単路　5.5m以上,直路,単独（交差点付近を含む）,規制なし,車両相互,75歳以上,01～24歳,普通乗用,普通乗用,自家用,自家用,損傷なし,負傷,34.05286583,131.5541669,土曜,その他
岩国,152,負傷,0,1,市道,岩国市,2023,9,9,16,27,2昼,晴,市街地,舗装　乾燥,交差点,施設なし,標識　標準　反射式,表示なし,標識　規制なし,表示なし,交差点　中　小,直路,交差点内,ゾーン３０,車両相互,75歳以上,01～24歳,普通乗用,軽乗用,自家用,自家用,損傷なし,負傷,34.17282056,132.2237289,土曜,その他
光,58,負傷,0,1,県道,光市,2023,9,9,17,4,2昼,晴,非市街地,舗装　乾燥,交差点,施設なし,標識　規制なし,表示なし,標識　規制なし,表示なし,交差点　中　小,直路,交差点内,規制なし,車両相互,65～74歳,45～54歳,普通乗用,軽乗用,自家用,自家用,損傷なし,負傷,33.97455444,131.9299208,土曜,その他
防府,160,負傷,0,1,県道,防府市,2023,9,9,19,20,4夜暮,晴,非市街地,舗装　乾燥,直路,施設なし,対象外当事者,対象外当事者,対象外当事者,対象外当事者,単路　3.5m以上,直路,単独（交差点付近を含む）,規制なし,車両相互,65～74歳,01～24歳,軽乗用,軽二輪　126～250cc,自家用,自家用,損傷なし,負傷,34.04737778,131.5288317,土曜,その他
下松,60,負傷,0,1,市道,下松市,2023,9,10,10,32,2昼,晴,市街地,舗装　乾燥,交差点,施設なし,標識　規制なし,表示なし,対象外当事者,対象外当事者,交差点　中　中,直路,交差点内,規制なし,人対車両,45～54歳,45～54歳,普通乗用,歩行者,自家用,対象外当事者,損傷なし,負傷,34.03595917,131.8643675,日曜,その他
周南,164,負傷,0,1,市道,周南市,2023,9,10,17,20,2昼,曇,非市街地,舗装　乾燥,直路,施設なし,対象外当事者,対象外当事者,対象外当事者,対象外当事者,単路　5.5m以上,直路,単独（交差点付近を含む）,規制なし,車両相互,65～74歳,25～34歳,普通乗用,普通乗用,自家用,自家用,損傷なし,負傷,34.06431278,131.8017892,日曜,その他
下松,66,負傷,0,1,県道,下松市,2023,9,11,7,24,2昼,雨,市街地,舗装　湿潤,直路,施設なし,対象外当事者,対象外当事者,対象外当事者,対象外当事者,単路　5.5m以上,直路,単独（交差点付近を含む）,規制なし,車両相互,45～54歳,65～74歳,普通貨物,軽乗用,自家用,自家用,損傷なし,損傷なし,34.092625,131.8761961,月曜,その他
周南,161,負傷,0,1,国道489号,周南市,2023,9,11,7,29,2昼,晴,非市街地,舗装　湿潤,カーブ,施設なし,対象外当事者,対象外当事者,対象外当事者,対象外当事者,単路　5.5m以上,カーブ右,単独（交差点付近を含む）,規制なし,車両相互,35～44歳,55～64歳,準中型貨物,普通乗用,自家用,自家用,損傷なし,負傷,34.10441222,131.7405475,月曜,その他
宇部,232,負傷,0,1,県道,宇部市,2023,9,11,10,44,2昼,晴,非市街地,舗装　乾燥,交差点付近,施設なし,対象外当事者,対象外当事者,対象外当事者,対象外当事者,単路　13.0m以上,直路,単独（交差点付近を含む）,規制なし,車両相互,45～54歳,01～24歳,準中型貨物,軽乗用,事業用,自家用,損傷なし,負傷,33.96495167,131.3048742,月曜,その他
岩国,170,負傷,0,1,一般の交通の用に供するその他の道路,岩国市,2023,9,11,11,53,2昼,曇,非市街地,舗装　乾燥,その他,施設なし,対象外当事者,対象外当事者,対象外当事者,対象外当事者,一般交通の場所,一般交通の場所,単独（交差点付近を含む）,規制なし,車両相互,45～54歳,75歳以上,軽乗用,軽貨物,自家用,自家用,負傷,損傷なし,34.09708556,132.082875,月曜,その他
下関,221,負傷,0,1,市道,下関市,2023,9,11,12,0,2昼,晴,市街地,舗装　乾燥,直路,施設なし,対象外当事者,対象外当事者,対象外当事者,対象外当事者,単路　3.5m以上,直路,単独（交差点付近を含む）,規制なし,車両相互,45～54歳,65～74歳,軽乗用,軽乗用,自家用,自家用,損傷なし,負傷,33.98622278,130.9446947,月曜,その他
柳井,87,負傷,0,1,国道188号,柳井市,2023,9,11,19,8,4夜暮,晴,市街地,舗装　乾燥,直路,施設なし,対象外当事者,対象外当事者,対象外当事者,対象外当事者,単路　5.5m以上,直路,単独（交差点付近を含む）,規制なし,車両相互,65～74歳,55～64歳,普通乗用,軽乗用,自家用,自家用,損傷なし,負傷,33.96316611,132.1820669,月曜,その他
防府,156,負傷,0,1,市道,防府市,2023,9,12,5,45,6夜明,晴,市街地,舗装　乾燥,交差点,点灯押ボ式,標識　規制なし,表示なし,対象外当事者,対象外当事者,交差点　小　小,直路,交差点内,規制なし,人対車両,55～64歳,65～74歳,軽貨物,歩行者,自家用,対象外当事者,損傷なし,負傷,34.0352075,131.5716519,火曜,その他
下関,222,負傷,0,1,市道,下関市,2023,9,12,7,26,2昼,晴,市街地,舗装　乾燥,交差点,施設なし,標識　規制なし,表示なし,対象外当事者,対象外当事者,交差点　中　小,直路,交差点内,規制なし,人対車両,01～24歳,01～24歳,普通乗用,歩行者,自家用,対象外当事者,損傷なし,負傷,34.00467861,130.9482308,火曜,その他
長門,32,負傷,0,2,市道,長門市,2023,9,12,8,29,2昼,晴,非市街地,舗装　乾燥,交差点,施設なし,標識　規制なし,表示なし,標識　規制なし,表示なし,交差点　小　小,直路,交差点内,規制なし,車両相互,55～64歳,01～24歳,普通乗用,普通乗用,自家用,自家用,損傷なし,負傷,34.38621222,131.0989839,火曜,その他