警察署,本票番号,事故内容,死者数,負傷者数,路線,市町村名,発生日時　　年,発生日時　　月,発生日時　　日,発生日時　　時,発生日時　　分,昼夜,天候,地形,路面状態,道路形状,信号機,一時停止規制標識（当事者A）,一時停止規制表示（当事者A）,一時停止規制標識（当事者B）,一時停止規制表示（当事者B）,車道幅員,道路線形,衝突地点,ゾーン規制,事故類型,年齢（当事者A）,年齢（当事者B）,当事者種別（当事者A）,当事者種別（当事者B）,用途別（当事者A）,用途別（当事者B）,人身損傷程度（当事者A）,人身損傷程度（当事者B）,緯度,経度,曜日,祝日
柳井,88,負傷,0,2,国道188号,柳井市,2023,9,12,8,47,2昼,晴,市街地,舗装　乾燥,直路,施設なし,対象外当事者,対象外当事者,対象外当事者,対象外当事者,単路　5.5m以上,直路,単独（交差点付近を含む）,規制なし,車両相互,65～74歳,65～74歳,軽乗用,軽貨物,自家用,自家用,負傷,損傷なし,33.95666306,132.1448192,火曜,その他
防府,145,負傷,0,1,県道,防府市,2023,9,12,10,35,2昼,晴,市街地,舗装　乾燥,交差点,点灯３灯式,標識　規制なし,表示なし,標識　規制なし,表示なし,交差点　大　小,直路,交差点内,規制なし,車両相互,55～64歳,55～64歳,普通貨物,普通貨物,事業用,事業用,損傷なし,負傷,34.05648417,131.5642231,火曜,その他
山口,137,負傷,0,1,国道９号,山口市,2023,9,12,14,5,2昼,晴,市街地,舗装　乾燥,交差点,点灯３灯式,標識　規制なし,表示なし,標識　規制なし,表示なし,交差点　大　中,直路,交差点内,規制なし,車両相互,35～44歳,25～34歳,軽貨物,小型二輪　251～400cc,自家用,自家用,損傷なし,負傷,34.16714333,131.4480706,火曜,その他
下関,223,負傷,0,1,市道,下関市,2023,9,13,7,7,2昼,晴,市街地,舗装　乾燥,交差点,施設なし,標識　規制なし,表示なし,標識　規制なし,表示なし,交差点　中　小,直路,交差点内,規制なし,車両相互,45～54歳,01～24歳,普通乗用,小型二輪　251～400cc,自家用,自家用,損傷なし,負傷,33.98811306,130.9225025,水曜,その他
宇部,238,負傷,0,1,県道,宇部市,2023,9,13,8,11,2昼,曇,市街地,舗装　乾燥,交差点,点灯押ボ式,標識　標準　反射式,表示あり,標識　規制なし,表示なし,交差点　中　中,直路,交差点内,規制なし,車両相互,75歳以上,75歳以上,普通乗用,軽乗用,自家用,自家用,損傷なし,負傷,33.93777528,131.2841014,水曜,その他
宇部,235,負傷,0,2,市道,宇部市,2023,9,13,8,16,2昼,晴,市街地,舗装　乾燥,直路,施設なし,対象外当事者,対象外当事者,対象外当事者,対象外当事者,単路　3.5m未満,直路,単独（交差点付近を含む）,規制なし,車両相互,25～34歳,25～34歳,軽乗用,軽乗用,自家用,自家用,損傷なし,負傷,33.97570417,131.2232778,水曜,その他
下関,215,負傷,0,1,市道,下関市,2023,9,13,10,37,2昼,晴,市街地,舗装　乾燥,交差点,施設なし,標識　規制なし,表示なし,標識　標準　反射式,表示なし,交差点　小　小,直路,交差点内,規制なし,車両相互,35～44歳,75歳以上,普通乗用,軽乗用,自家用,自家用,負傷,損傷なし,34.01572,130.9229058,水曜,その他
下関,226,負傷,0,2,国道191号,下関市,2023,9,13,20,54,5夜,晴,市街地,舗装　湿潤,交差点付近,点灯３灯式,対象外当事者,対象外当事者,対象外当事者,対象外当事者,単路　9.0m以上,直路,単独（交差点付近を含む）,規制なし,車両相互,01～24歳,01～24歳,普通乗用,普通乗用,自家用,自家用,損傷なし,負傷,33.96092278,130.9184653,水曜,その他
山陽小野田,77,負傷,0,1,市道,山陽小野田市,2023,9,14,7,47,2昼,雨,非市街地,舗装　湿潤,交差点,施設なし,標識　規制なし,表示なし,標識　規制なし,表示なし,交差点　中　小,直路,交差点内,規制なし,車両相互,75歳以上,01～24歳,普通乗用,自転車,自家用,自転車,損傷なし,負傷,34.0005,131.1670694,木曜,その他
山口,141,負傷,0,1,県道,山口市,2023,9,14,10,20,2昼,雨,非市街地,舗装　湿潤,カーブ,施設なし,対象外当事者,対象外当事者,対象外当事者,対象外当事者,単路　13.0m以上,カーブ右,単独（交差点付近を含む）,規制なし,車両相互,65～74歳,45～54歳,準中型貨物,普通乗用,自家用,自家用,損傷なし,負傷,34.16575861,131.4852267,木曜,その他
下松,68,負傷,0,1,県道,下松市,2023,9,14,17,4,2昼,晴,市街地,舗装　乾燥,直路,施設なし,対象外当事者,対象外当事者,対象外当事者,対象外当事者,単路　5.5m以上,直路,単独（交差点付近を含む）,規制なし,車両相互,55～64歳,01～24歳,軽乗用,軽貨物,自家用,自家用,負傷,損傷なし,34.02162361,131.8858911,木曜,その他
下関,232,負傷,0,1,国道191号,下関市,2023,9,14,17,23,3昼暮,雨,市街地,舗装　湿潤,交差点付近,点灯３灯式,対象外当事者,対象外当事者,対象外当事者,対象外当事者,単路　5.5m以上,直路,単独（交差点付近を含む）,規制なし,車両相互,01～24歳,25～34歳,普通貨物,軽貨物,自家用,自家用,損傷なし,負傷,34.03499667,130.9133428,木曜,その他
山口,26,負傷,0,1,国道262号,山口市,2022,9,14,18,3,3昼暮,晴,市街地,舗装　乾燥,直路,施設なし,対象外当事者,対象外当事者,対象外当事者,対象外当事者,単路　5.5m以上,直路,単独（交差点付近を含む）,規制なし,車両相互,35～44歳,55～64歳,普通乗用,普通貨物,自家用,自家用,損傷なし,負傷,34.11889167,131.5311536,水曜,その他
下松,63,負傷,0,3,国道２号,下松市,2023,9,14,18,49,4夜暮,曇,非市街地,舗装　乾燥,直路,施設なし,対象外当事者,対象外当事者,対象外当事者,対象外当事者,単路　13.0m以上,直路,単独（交差点付近を含む）,規制なし,車両相互,45～54歳,35～44歳,軽乗用,軽乗用,自家用,自家用,損傷なし,負傷,34.03509417,131.8920269,木曜,その他
長府,86,負傷,0,1,国道２号,下関市,2023,9,15,6,59,2昼,雨,市街地,舗装　湿潤,交差点付近,点灯３灯式,対象外当事者,対象外当事者,対象外当事者,対象外当事者,単路　13.0m以上,直路,単独（交差点付近を含む）,規制なし,車両相互,65～74歳,01～24歳,普通乗用,普通乗用,自家用,自家用,損傷なし,負傷,34.03899417,131.0189811,金曜,その他
高速隊,48,負傷,0,1,宇部有料,山口市,2023,9,15,7,36,2昼,曇,市街地,舗装　乾燥,その他,施設なし,対象外当事者,対象外当事者,対象外当事者,対象外当事者,単路　3.5m以上,直路,単独（交差点付近を含む）,規制なし,車両相互,45～54歳,01～24歳,普通乗用,軽乗用,自家用,自家用,負傷,損傷なし,34.102035,131.3840606,金曜,その他
下関,229,負傷,0,1,市道,下関市,2023,9,15,8,9,2昼,雨,市街地,舗装　湿潤,交差点,施設なし,標識　規制なし,表示なし,対象外当事者,対象外当事者,交差点　小　小,直路,交差点内,規制なし,人対車両,65～74歳,35～44歳,普通乗用,歩行者,自家用,対象外当事者,損傷なし,負傷,34.00403194,130.9263178,金曜,その他
山口,136,負傷,0,1,県道,山口市,2023,9,15,10,5,2昼,曇,市街地,舗装　乾燥,交差点,施設なし,標識　標準　反射式,表示あり,対象外当事者,対象外当事者,交差点　小　小,直路,交差点内,規制なし,人対車両,75歳以上,65～74歳,軽乗用,歩行者,自家用,対象外当事者,損傷なし,負傷,34.1530825,131.5120158,金曜,その他
長門,31,負傷,0,1,国道316号,長門市,2023,9,15,14,30,2昼,曇,非市街地,舗装　乾燥,直路,施設なし,対象外当事者,対象外当事者,対象外当事者,対象外当事者,単路　5.5m以上,直路,単独（交差点付近を含む）,規制なし,車両単独,75歳以上,不明,軽貨物,物件等,自家用,対象外当事者,負傷,対象外当事者,34.31031278,131.1984778,金曜,その他
山口南,92,負傷,0,1,市道,山口市,2023,9,15,18,12,3昼暮,曇,市街地,舗装　乾燥,交差点,施設なし,標識　規制なし,表示なし,標識　規制なし,表示なし,交差点　小　小,直路,交差点内,ゾーン３０,車両相互,45～54歳,01～24歳,普通乗用,自転車,自家用,自転車,損傷なし,負傷,34.10689528,131.4014969,金曜,その他
宇部,275,負傷,0,3,県道,宇部市,2023,9,16,0,2,5夜,晴,市街地,舗装　乾燥,交差点,施設なし,標識　規制なし,表示あり,標識　標準　反射式,表示あり,交差点　中　中,直路,交差点内,規制なし,車両相互,45～54歳,35～44歳,普通乗用,軽乗用,事業用,自家用,負傷,負傷,33.96169278,131.2147036,土曜,その他
山口南,89,死亡,1,0,国道２号,山口市,2023,9,16,8,0,2昼,晴,非市街地,舗装　乾燥,直路,施設なし,対象外当事者,対象外当事者,対象外当事者,対象外当事者,単路　9.0m以上,直路,単独（交差点付近を含む）,規制なし,車両相互,01～24歳,35～44歳,軽乗用,小型二輪　251～400cc,自家用,自家用,損傷なし,死亡,34.08753806,131.4309589,土曜,その他
山口南,90,負傷,0,1,国道２号,山口市,2023,9,16,12,13,2昼,晴,市街地,舗装　乾燥,直路,施設なし,対象外当事者,対象外当事者,対象外当事者,対象外当事者,単路　5.5m以上,直路,単独（交差点付近を含む）,規制なし,車両相互,55～64歳,75歳以上,軽乗用,自転車,自家用,自転車,損傷なし,負傷,34.08394083,131.442405,土曜,その他
山口,139,負傷,0,2,一般の交通の用に供するその他の道路,山口市,2023,9,16,15,12,2昼,晴,市街地,舗装　乾燥,その他,施設なし,対象外当事者,対象外当事者,対象外当事者,対象外当事者,一般交通の場所,一般交通の場所,単独（交差点付近を含む）,規制なし,人対車両,55～64歳,35～44歳,普通乗用,歩行者,自家用,対象外当事者,損傷なし,負傷,34.136745,131.4336839,土曜,その他
光,61,負傷,0,1,県道,光市,2023,9,17,8,9,2昼,晴,非市街地,舗装　乾燥,交差点,施設なし,標識　規制なし,表示なし,標識　規制なし,表示なし,交差点　中　中,直路,交差点内,規制なし,車両相互,01～24歳,45～54歳,軽乗用,軽乗用,自家用,自家用,損傷なし,負傷,34.01197472,131.9994186,日曜,前日
宇部,250,負傷,0,1,市道,宇部市,2023,9,17,10,29,2昼,晴,市街地,舗装　乾燥,交差点付近,点灯３灯式,対象外当事者,対象外当事者,対象外当事者,対象外当事者,単路　9.0m以上,直路,単独（交差点付近を含む）,規制なし,車両相互,45～54歳,35～44歳,普通乗用,普通乗用,自家用,自家用,損傷なし,負傷,34.05663167,131.3187272,日曜,前日
宇部,279,負傷,0,1,市道,宇部市,2023,9,17,12,17,2昼,晴,市街地,舗装　乾燥,交差点,施設なし,標識　規制なし,表示なし,標識　規制なし,表示なし,交差点　中　小,直路,交差点内,規制なし,車両相互,35～44歳,45～54歳,軽貨物,小型二輪　401～750cc,自家用,自家用,損傷なし,負傷,33.96981444,131.2605242,日曜,前日
光,60,負傷,0,1,市道,周南市,2023,9,17,15,10,2昼,晴,非市街地,舗装　乾燥,交差点,施設なし,標識　規制なし,表示なし,標識　規制なし,表示なし,交差点　中　中,直路,交差点内,規制なし,車両相互,75歳以上,65～74歳,軽乗用,軽二輪　126～250cc,自家用,自家用,損傷なし,負傷,34.03295444,131.9532953,日曜,前日
周南,165,負傷,0,1,県道,周南市,2023,9,18,11,13,2昼,曇,市街地,舗装　乾燥,直路,点灯３灯式,対象外当事者,対象外当事者,対象外当事者,対象外当事者,単路　9.0m以上,直路,単独（交差点付近を含む）,規制なし,車両相互,35～44歳,25～34歳,大型貨物,小型二輪　251～400cc,事業用,自家用,損傷なし,負傷,34.05262833,131.8107222,月曜,当日
高速隊,46,負傷,0,2,高速道路,山口市,2023,9,18,13,29,2昼,晴,非市街地,舗装　乾燥,直路,施設なし,対象外当事者,対象外当事者,対象外当事者,対象外当事者,単路　3.5m以上,直路,単独（交差点付近を含む）,規制なし,車両相互,01～24歳,01～24歳,普通乗用,普通乗用,自家用,自家用,損傷なし,負傷,34.12692722,131.3841186,月曜,当日
岩国,146,負傷,0,1,市道,岩国市,2023,9,18,14,6,2昼,曇,市街地,舗装　乾燥,交差点,施設なし,標識　標準　反射式,表示あり,標識　規制なし,表示なし,交差点　中　中,直路,交差点内,規制なし,車両相互,55～64歳,75歳以上,普通乗用,自転車,自家用,自転車,損傷なし,負傷,34.17255806,132.2176042,月曜,当日
周南,172,負傷,0,1,市道,周南市,2023,9,18,15,7,2昼,晴,市街地,舗装　乾燥,直路,点灯３灯式,対象外当事者,対象外当事者,対象外当事者,対象外当事者,単路　3.5m未満,直路,単独（交差点付近を含む）,規制なし,車両相互,55～64歳,55～64歳,普通乗用,軽乗用,自家用,自家用,負傷,損傷なし,34.03547806,131.8404908,月曜,当日
周南,174,負傷,0,1,市道,周南市,2023,9,19,7,15,2昼,晴,市街地,舗装　乾燥,交差点,施設なし,標識　標準　反射式,表示あり,標識　規制なし,表示なし,交差点　小　小,直路,交差点内,規制なし,車両相互,35～44歳,45～54歳,普通乗用,原付二種　51～125cc,自家用,自家用,損傷なし,負傷,34.04736806,131.8423086,火曜,その他
柳井,95,負傷,0,2,国道188号,柳井市,2023,9,19,9,30,2昼,晴,市街地,舗装　乾燥,直路,点灯３灯式,対象外当事者,対象外当事者,対象外当事者,対象外当事者,単路　5.5m以上,直路,単独（交差点付近を含む）,規制なし,車両相互,01～24歳,25～34歳,普通乗用,軽乗用,自家用,自家用,損傷なし,損傷なし,33.96294556,132.1762814,火曜,その他
宇部,237,負傷,0,1,県道,宇部市,2023,9,19,10,25,2昼,曇,非市街地,舗装　乾燥,交差点付近,点灯３灯式,対象外当事者,対象外当事者,対象外当事者,対象外当事者,単路　5.5m以上,直路,単独（交差点付近を含む）,規制なし,車両相互,35～44歳,65～74歳,普通乗用,軽乗用,自家用,自家用,損傷なし,負傷,33.98268028,131.2520264,火曜,その他
周南,168,負傷,0,1,国道２号,周南市,2023,9,20,7,25,2昼,晴,市街地,舗装　乾燥,直路,施設なし,対象外当事者,対象外当事者,対象外当事者,対象外当事者,単路　9.0m以上,直路,単独（交差点付近を含む）,規制なし,車両相互,75歳以上,65～74歳,普通貨物,原付一種,自家用,自家用,損傷なし,負傷,34.07225139,131.7035492,水曜,その他
下関,242,負傷,0,1,県道,下関市,2023,9,20,12,37,2昼,晴,市街地,舗装　乾燥,直路,施設なし,対象外当事者,対象外当事者,対象外当事者,対象外当事者,単路　3.5m以上,直路,単独（交差点付近を含む）,規制なし,車両相互,75歳以上,25～34歳,普通乗用,普通乗用,自家用,自家用,損傷なし,負傷,34.00262306,130.9254644,水曜,その他
宇部,243,負傷,0,1,市道,宇部市,2023,9,20,13,7,2昼,曇,市街地,舗装　乾燥,交差点付近,施設なし,対象外当事者,対象外当事者,対象外当事者,対象外当事者,単路　5.5m以上,直路,単独（交差点付近を含む）,規制なし,車両相互,45～54歳,35～44歳,軽乗用,軽乗用,自家用,自家用,損傷なし,負傷,34.00782583,131.2219767,水曜,その他
岩国,157,負傷,0,1,国道188号,岩国市,2023,9,20,13,14,2昼,晴,市街地,舗装　乾燥,カーブ,施設なし,対象外当事者,対象外当事者,対象外当事者,対象外当事者,単路　5.5m以上,カーブ左,単独（交差点付近を含む）,規制なし,車両相互,75歳以上,35～44歳,普通乗用,軽乗用,自家用,自家用,損傷なし,負傷,34.07815083,132.2085264,水曜,その他
周南,195,負傷,0,1,国道２号,周南市,2023,9,20,17,22,3昼暮,曇,市街地,舗装　乾燥,交差点,施設なし,標識　規制なし,表示なし,標識　標準　反射式,表示あり,交差点　中　中,直路,交差点内,規制なし,車両相互,45～54歳,45～54歳,普通乗用,軽乗用,自家用,自家用,負傷,損傷なし,34.06220972,131.8081867,水曜,その他
周南,166,負傷,0,1,県道,周南市,2023,9,20,23,33,5夜,曇,市街地,舗装　乾燥,直路,施設なし,対象外当事者,対象外当事者,対象外当事者,対象外当事者,単路　3.5m未満,直路,単独（交差点付近を含む）,規制なし,車両相互,25～34歳,25～34歳,普通乗用,軽二輪　126～250cc,自家用,自家用,損傷なし,負傷,34.03529361,131.8330472,水曜,その他
柳井,90,負傷,0,1,県道,周防大島町,2023,9,21,8,0,2昼,曇,市街地,舗装　乾燥,交差点,施設なし,標識　規制なし,表示なし,標識　規制なし,表示なし,交差点　中　小,カーブ右,交差点内,規制なし,車両相互,75歳以上,75歳以上,普通乗用,自転車,自家用,自転車,損傷なし,負傷,33.93074139,132.1914867,木曜,その他
光,59,負傷,0,3,県道,光市,2023,9,21,8,24,2昼,曇,市街地,舗装　乾燥,交差点,点灯３灯式,標識　規制なし,表示なし,標識　規制なし,表示なし,交差点　中　中,直路,交差点内,規制なし,車両相互,65～74歳,65～74歳,軽乗用,軽乗用,自家用,自家用,損傷なし,負傷,33.9738725,131.9357683,木曜,その他
宇部,240,負傷,0,1,県道,宇部市,2023,9,21,10,40,2昼,雨,市街地,舗装　湿潤,直路,点灯３灯式,対象外当事者,対象外当事者,対象外当事者,対象外当事者,単路　9.0m以上,直路,単独（交差点付近を含む）,規制なし,車両相互,75歳以上,35～44歳,軽乗用,軽貨物,自家用,自家用,損傷なし,負傷,33.95799028,131.2557219,木曜,その他
山口南,95,負傷,0,1,国道９号,山口市,2023,9,21,11,12,2昼,曇,市街地,舗装　湿潤,直路,点灯３灯式,対象外当事者,対象外当事者,対象外当事者,対象外当事者,単路　5.5m以上,直路,単独（交差点付近を含む）,規制なし,車両相互,75歳以上,45～54歳,軽乗用,軽貨物,自家用,自家用,損傷なし,負傷,34.10993083,131.4002517,木曜,その他
下関,220,負傷,0,1,県道,下関市,2023,9,22,5,35,6夜明,曇,市街地,舗装　乾燥,交差点,点灯３灯式,標識　規制なし,表示なし,対象外当事者,対象外当事者,交差点　中　小,カーブ右,交差点内,規制なし,人対車両,55～64歳,45～54歳,軽乗用,歩行者,自家用,対象外当事者,損傷なし,負傷,34.00055111,130.9258914,金曜,前日
下関,224,負傷,0,1,県道,下関市,2023,9,22,7,6,2昼,曇,市街地,舗装　乾燥,直路,施設なし,対象外当事者,対象外当事者,対象外当事者,対象外当事者,単路　5.5m以上,直路,単独（交差点付近を含む）,規制なし,車両相互,65～74歳,45～54歳,普通乗用,軽乗用,自家用,自家用,損傷なし,負傷,33.96964389,130.9422189,金曜,前日
岩国,150,負傷,0,1,一般の交通の用に供するその他の道路,岩国市,2023,9,22,10,10,2昼,晴,非市街地,舗装　乾燥,その他,施設なし,対象外当事者,対象外当事者,対象外当事者,対象外当事者,一般交通の場所,一般交通の場所,単独（交差点付近を含む）,規制なし,車両相互,35～44歳,75歳以上,普通乗用,軽乗用,自家用,自家用,負傷,損傷なし,34.15114611,132.1767303,金曜,前日
柳井,91,負傷,0,1,県道,田布施町,2023,9,22,11,35,2昼,曇,市街地,舗装　乾燥,直路,点灯３灯式,対象外当事者,対象外当事者,対象外当事者,対象外当事者,単路　5.5m以上,直路,単独（交差点付近を含む）,規制なし,車両相互,75歳以上,45～54歳,普通乗用,普通乗用,自家用,自家用,損傷なし,負傷,33.95617389,132.0425853,金曜,前日
宇部,248,負傷,0,1,市道,宇部市,2023,9,22,14,10,2昼,曇,非市街地,舗装　湿潤,直路,点灯３灯式,対象外当事者,対象外当事者,対象外当事者,対象外当事者,単路　3.5m未満,直路,単独（交差点付近を含む）,規制なし,車両相互,45～54歳,65～74歳,軽乗用,軽乗用,自家用,自家用,損傷なし,負傷,33.98676056,131.2612947,金曜,前日
宇部,247,負傷,0,1,県道,宇部市,2023,9,23,10,43,2昼,曇,市街地,舗装　乾燥,直路,点灯押ボ式,対象外当事者,対象外当事者,対象外当事者,対象外当事者,単路　5.5m以上,直路,単独（交差点付近を含む）,規制なし,車両相互,45～54歳,65～74歳,普通乗用,軽乗用,自家用,自家用,負傷,損傷なし,33.93763639,131.2818439,土曜,当日
下関,230,負傷,0,1,市道,下関市,2023,9,23,19,49,5夜,晴,市街地,舗装　乾燥,交差点,施設なし,標識　規制なし,表示なし,標識　規制なし,表示なし,交差点　中　小,直路,交差点内,規制なし,車両相互,25～34歳,75歳以上,普通乗用,軽乗用,自家用,自家用,損傷なし,負傷,33.9911325,130.9172842,土曜,当日
岩国,153,負傷,0,1,国道188号,岩国市,2023,9,23,20,3,5夜,晴,市街地,舗装　乾燥,交差点付近,点灯３灯式,対象外当事者,対象外当事者,対象外当事者,対象外当事者,単路　5.5m以上,直路,単独（交差点付近を含む）,規制なし,車両相互,01～24歳,55～64歳,普通乗用,軽乗用,自家用,自家用,負傷,損傷なし,34.04365806,132.2129725,土曜,当日
宇部,251,負傷,0,1,国道190号,宇部市,2023,9,24,10,13,2昼,晴,市街地,舗装　乾燥,直路,施設なし,対象外当事者,対象外当事者,対象外当事者,対象外当事者,単路　9.0m以上,直路,単独（交差点付近を含む）,規制なし,車両相互,25～34歳,55～64歳,普通乗用,原付二種　51～125cc,自家用,自家用,損傷なし,負傷,33.97379833,131.2264194,日曜,その他
長門,30,負傷,0,1,市道,長門市,2023,9,24,10,20,2昼,晴,市街地,舗装　乾燥,直路,施設なし,対象外当事者,対象外当事者,対象外当事者,対象外当事者,単路　3.5m未満,直路,単独（交差点付近を含む）,規制なし,人対車両,75歳以上,75歳以上,普通乗用,歩行者,自家用,対象外当事者,損傷なし,負傷,34.39957361,131.0939733,日曜,その他
岩国,148,負傷,0,4,市道,岩国市,2023,9,24,18,11,4夜暮,晴,市街地,舗装　乾燥,直路,施設なし,対象外当事者,対象外当事者,対象外当事者,対象外当事者,単路　3.5m以上,直路,単独（交差点付近を含む）,規制なし,車両相互,25～34歳,25～34歳,軽乗用,軽乗用,自家用,自家用,損傷なし,負傷,34.15694028,132.2080817,日曜,その他
宇部,249,負傷,0,1,県道,宇部市,2023,9,24,18,43,4夜暮,晴,市街地,舗装　乾燥,交差点付近,点灯３灯式,対象外当事者,対象外当事者,対象外当事者,対象外当事者,単路　3.5m未満,直路,単独（交差点付近を含む）,規制なし,車両相互,65～74歳,01～24歳,軽乗用,軽二輪　126～250cc,自家用,自家用,損傷なし,負傷,33.96959139,131.3016164,日曜,その他
岩国,156,負傷,0,1,県道,岩国市,2023,9,24,18,48,4夜暮,晴,非市街地,舗装　乾燥,交差点,施設なし,標識　規制なし,表示なし,対象外当事者,対象外当事者,交差点　中　小,直路,交差点内,規制なし,人対車両,01～24歳,65～74歳,原付一種,歩行者,自家用,対象外当事者,損傷なし,負傷,34.0506275,132.1929942,日曜,その他
柳井,93,負傷,0,1,県道,柳井市,2023,9,24,19,50,5夜,晴,市街地,舗装　乾燥,交差点,施設なし,標識　規制なし,表示なし,標識　規制なし,表示なし,交差点　中　小,直路,交差点内,規制なし,車両相互,35～44歳,35～44歳,普通乗用,普通乗用,自家用,自家用,損傷なし,負傷,33.97859306,132.103205,日曜,その他
防府,150,負傷,0,1,県道,防府市,2023,9,25,16,59,2昼,晴,市街地,舗装　乾燥,直路,施設なし,対象外当事者,対象外当事者,対象外当事者,対象外当事者,単路　5.5m以上,直路,単独（交差点付近を含む）,規制なし,人対車両,35～44歳,01～24歳,軽乗用,歩行者,自家用,対象外当事者,損傷なし,負傷,34.05368167,131.4888506,月曜,その他
宇部,278,負傷,0,1,一般の交通の用に供するその他の道路,宇部市,2023,9,25,18,18,4夜暮,曇,非市街地,舗装　乾燥,その他,施設なし,対象外当事者,対象外当事者,対象外当事者,対象外当事者,一般交通の場所,一般交通の場所,単独（交差点付近を含む）,規制なし,車両相互,35～44歳,45～54歳,普通乗用,普通乗用,自家用,自家用,損傷なし,負傷,33.9622425,131.2389039,月曜,その他
山口南,99,負傷,0,1,県道,山口市,2023,9,26,9,25,2昼,曇,市街地,舗装　乾燥,交差点,点灯３灯式,標識　規制なし,表示なし,対象外当事者,対象外当事者,交差点　中　小,直路,交差点内,規制なし,人対車両,01～24歳,55～64歳,軽乗用,歩行者,自家用,対象外当事者,損傷なし,負傷,34.09464889,131.4033419,火曜,その他
山口南,93,負傷,0,1,市道,山口市,2023,9,26,17,20,3昼暮,曇,非市街地,舗装　乾燥,交差点,施設なし,標識　規制なし,表示なし,対象外当事者,対象外当事者,交差点　中　小,直路,交差点内,規制なし,人対車両,35～44歳,75歳以上,軽乗用,歩行者,自家用,対象外当事者,損傷なし,負傷,34.02653833,131.3426464,火曜,その他
山口,138,負傷,0,1,国道９号,山口市,2023,9,26,18,30,4夜暮,晴,市街地,舗装　乾燥,直路,施設なし,対象外当事者,対象外当事者,対象外当事者,対象外当事者,単路　9.0m以上,直路,単独（交差点付近を含む）,規制なし,車両相互,01～24歳,25～34歳,普通乗用,軽乗用,自家用,自家用,損傷なし,負傷,34.15663861,131.4337172,火曜,その他
長府,92,負傷,0,1,県道,下関市,2023,9,27,7,7,2昼,晴,市街地,舗装　乾燥,直路,点灯３灯式,対象外当事者,対象外当事者,対象外当事者,対象外当事者,単路　13.0m以上,直路,単独（交差点付近を含む）,規制なし,車両相互,45～54歳,55～64歳,普通乗用,軽乗用,自家用,自家用,負傷,損傷なし,34.12670778,131.0324131,水曜,その他
周南,182,負傷,0,1,市道,周南市,2023,9,27,7,45,2昼,曇,非市街地,舗装　乾燥,直路,施設なし,対象外当事者,対象外当事者,対象外当事者,対象外当事者,単路　3.5m未満,直路,単独（交差点付近を含む）,規制なし,車両相互,45～54歳,01～24歳,準中型貨物,自転車,自家用,自転車,損傷なし,負傷,34.06526444,131.7632214,水曜,その他
宇部,242,負傷,0,1,市道,宇部市,2023,9,27,7,51,2昼,晴,市街地,舗装　乾燥,交差点,施設なし,標識　標準　反射式,表示あり,標識　標準　反射式,表示あり,交差点　小　小,直路,交差点内,規制なし,車両相互,55～64歳,65～74歳,普通乗用,普通乗用,自家用,自家用,損傷なし,負傷,33.94029556,131.2533236,水曜,その他
山口南,94,負傷,0,1,県道,山口市,2023,9,27,7,58,2昼,雨,非市街地,舗装　湿潤,直路,施設なし,対象外当事者,対象外当事者,対象外当事者,対象外当事者,単路　5.5m以上,直路,単独（交差点付近を含む）,規制なし,車両相互,25～34歳,35～44歳,普通乗用,軽貨物,自家用,自家用,負傷,損傷なし,34.02835056,131.4169453,水曜,その他
山口南,96,負傷,0,1,一般の交通の用に供するその他の道路,山口市,2023,9,27,13,25,2昼,晴,市街地,舗装　乾燥,その他,施設なし,対象外当事者,対象外当事者,対象外当事者,対象外当事者,一般交通の場所,一般交通の場所,単独（交差点付近を含む）,規制なし,車両相互,25～34歳,75歳以上,軽乗用,軽貨物,自家用,自家用,負傷,損傷なし,34.09335639,131.3924431,水曜,その他
宇部,264,負傷,0,1,市道,宇部市,2023,9,27,17,20,3昼暮,晴,市街地,舗装　乾燥,直路,施設なし,対象外当事者,対象外当事者,対象外当事者,対象外当事者,単路　3.5m未満,直路,単独（交差点付近を含む）,規制なし,車両相互,55～64歳,45～54歳,軽乗用,原付一種,自家用,自家用,損傷なし,負傷,33.98361722,131.2110508,水曜,その他
防府,159,負傷,0,1,県道,防府市,2023,9,27,18,0,3昼暮,晴,市街地,舗装　乾燥,直路,施設なし,対象外当事者,対象外当事者,対象外当事者,対象外当事者,単路　3.5m以上,直路,単独（交差点付近を含む）,規制なし,人対車両,25～34歳,01～24歳,普通乗用,歩行者,自家用,対象外当事者,損傷なし,負傷,34.07117722,131.5515353,水曜,その他
防府,151,負傷,0,1,県道,防府市,2023,9,27,19,8,5夜,晴,市街地,舗装　乾燥,交差点付近,施設なし,対象外当事者,対象外当事者,対象外当事者,対象外当事者,単路　5.5m以上,直路,単独（交差点付近を含む）,規制なし,車両相互,65～74歳,25～34歳,軽乗用,軽乗用,自家用,自家用,損傷なし,負傷,34.05472639,131.5593642,水曜,その他
宇部,245,負傷,0,1,国道２号,宇部市,2023,9,27,20,47,5夜,曇,市街地,舗装　乾燥,カーブ,施設なし,対象外当事者,対象外当事者,対象外当事者,対象外当事者,単路　3.5m以上,カーブ左,単独（交差点付近を含む）,規制なし,車両相互,45～54歳,25～34歳,普通乗用,普通乗用,自家用,自家用,損傷なし,負傷,34.05590444,131.3243183,水曜,その他