警察署,本票番号,事故内容,死者数,負傷者数,路線,市町村名,発生日時　　年,発生日時　　月,発生日時　　日,発生日時　　時,発生日時　　分,昼夜,天候,地形,路面状態,道路形状,信号機,一時停止規制標識（当事者A）,一時停止規制表示（当事者A）,一時停止規制標識（当事者B）,一時停止規制表示（当事者B）,車道幅員,道路線形,衝突地点,ゾーン規制,事故類型,年齢（当事者A）,年齢（当事者B）,当事者種別（当事者A）,当事者種別（当事者B）,用途別（当事者A）,用途別（当事者B）,人身損傷程度（当事者A）,人身損傷程度（当事者B）,緯度,経度,曜日,祝日
長府,96,負傷,0,1,国道491号,下関市,2023,10,11,7,57,2昼,晴,市街地,舗装　乾燥,カーブ,施設なし,対象外当事者,対象外当事者,対象外当事者,対象外当事者,単路　9.0m以上,カーブ左,単独（交差点付近を含む）,規制なし,車両相互,01～24歳,45～54歳,普通乗用,軽乗用,自家用,自家用,損傷なし,負傷,34.03295333,131.0084922,水曜,その他
宇部,255,負傷,0,1,市道,宇部市,2023,10,11,8,18,2昼,晴,市街地,舗装　乾燥,交差点,点灯３灯式,標識　規制なし,表示なし,標識　規制なし,表示なし,交差点　大　中,直路,交差点内,規制なし,車両相互,35～44歳,45～54歳,普通乗用,普通乗用,自家用,自家用,損傷なし,負傷,33.97473556,131.2580686,水曜,その他
山口,147,負傷,0,1,県道,山口市,2023,10,11,10,10,2昼,晴,非市街地,舗装　乾燥,直路,施設なし,対象外当事者,対象外当事者,対象外当事者,対象外当事者,単路　3.5m未満,直路,単独（交差点付近を含む）,規制なし,車両相互,65～74歳,65～74歳,普通乗用,軽乗用,自家用,自家用,損傷なし,負傷,34.16676889,131.4818819,水曜,その他
美祢,24,負傷,0,1,国道316号,美祢市,2023,10,11,11,15,2昼,晴,非市街地,舗装　乾燥,直路,施設なし,対象外当事者,対象外当事者,対象外当事者,対象外当事者,単路　3.5m以上,直路,単独（交差点付近を含む）,規制なし,車両相互,25～34歳,65～74歳,中型貨物,軽貨物,自家用,自家用,損傷なし,負傷,34.18675944,131.2106019,水曜,その他
高速隊,47,負傷,0,1,宇部有料,山口市,2023,10,11,16,31,2昼,晴,非市街地,舗装　乾燥,直路,施設なし,対象外当事者,対象外当事者,対象外当事者,対象外当事者,単路　5.5m以上,直路,単独（交差点付近を含む）,規制なし,車両単独,45～54歳,不明,軽乗用,物件等,自家用,対象外当事者,損傷なし,対象外当事者,34.10803944,131.3857878,水曜,その他
宇部,274,負傷,0,1,市道,宇部市,2023,10,11,16,40,2昼,晴,市街地,舗装　乾燥,交差点,点灯３灯式,標識　規制なし,表示なし,標識　規制なし,表示なし,交差点　中　中,直路,交差点内,規制なし,車両相互,01～24歳,55～64歳,普通乗用,普通乗用,自家用,自家用,損傷なし,負傷,33.94653611,131.2500775,水曜,その他
高速隊,50,負傷,0,2,宇部有料,山口市,2023,10,11,16,45,3昼暮,晴,非市街地,舗装　乾燥,直路,施設なし,対象外当事者,対象外当事者,対象外当事者,対象外当事者,単路　3.5m以上,直路,単独（交差点付近を含む）,規制なし,車両相互,55～64歳,01～24歳,普通乗用,軽乗用,自家用,自家用,負傷,損傷なし,34.1261775,131.39603,水曜,その他
高速隊,51,負傷,0,1,宇部有料,山口市,2023,10,11,16,49,3昼暮,晴,非市街地,舗装　乾燥,直路,施設なし,対象外当事者,対象外当事者,対象外当事者,対象外当事者,単路　3.5m以上,直路,単独（交差点付近を含む）,規制なし,車両相互,25～34歳,01～24歳,普通乗用,軽乗用,自家用,自家用,負傷,損傷なし,34.12501111,131.3953456,水曜,その他
防府,158,負傷,0,1,一般の交通の用に供するその他の道路,防府市,2023,10,11,17,44,3昼暮,晴,市街地,舗装　乾燥,その他,施設なし,対象外当事者,対象外当事者,対象外当事者,対象外当事者,一般交通の場所,一般交通の場所,単独（交差点付近を含む）,規制なし,車両相互,01～24歳,55～64歳,普通乗用,軽乗用,自家用,自家用,負傷,損傷なし,34.06416028,131.5654689,水曜,その他
高速隊,49,負傷,0,1,宇部有料,山口市,2023,10,11,17,52,4夜暮,晴,市街地,舗装　乾燥,その他,施設なし,対象外当事者,対象外当事者,対象外当事者,対象外当事者,単路　3.5m以上,直路,単独（交差点付近を含む）,規制なし,車両相互,25～34歳,35～44歳,軽乗用,軽貨物,自家用,自家用,負傷,損傷なし,34.09564444,131.3819075,水曜,その他
高速隊,52,負傷,0,1,宇部有料,山口市,2023,10,11,18,40,4夜暮,晴,非市街地,舗装　乾燥,直路,施設なし,対象外当事者,対象外当事者,対象外当事者,対象外当事者,単路　9.0m以上,直路,単独（交差点付近を含む）,規制なし,車両相互,25～34歳,45～54歳,普通乗用,普通乗用,自家用,自家用,損傷なし,負傷,34.09009472,131.37827,水曜,その他
岩国,161,負傷,0,1,市道,岩国市,2023,10,11,20,25,5夜,晴,市街地,舗装　乾燥,直路,施設なし,対象外当事者,対象外当事者,対象外当事者,対象外当事者,単路　5.5m以上,直路,単独（交差点付近を含む）,規制なし,人対車両,65～74歳,75歳以上,軽乗用,歩行者,自家用,対象外当事者,損傷なし,負傷,34.1556975,132.2178819,水曜,その他
柳井,96,負傷,0,1,国道188号,柳井市,2023,10,12,7,13,1昼明,晴,市街地,舗装　乾燥,交差点,施設なし,標識　規制なし,表示なし,標識　規制なし,表示なし,交差点　中　中,直路,交差点内,規制なし,車両相互,25～34歳,01～24歳,普通乗用,自転車,自家用,自転車,損傷なし,負傷,33.95998194,132.0990256,木曜,その他
宇部,273,負傷,0,1,県道,宇部市,2023,10,12,7,35,2昼,晴,非市街地,舗装　乾燥,交差点,点灯３灯式,標識　規制なし,表示なし,標識　規制なし,表示なし,交差点　大　中,直路,交差点内,規制なし,車両相互,75歳以上,01～24歳,普通乗用,自転車,自家用,自転車,損傷なし,負傷,33.97885972,131.2890078,木曜,その他
周南,173,負傷,0,1,県道,周南市,2023,10,12,7,35,2昼,晴,市街地,舗装　乾燥,直路,施設なし,対象外当事者,対象外当事者,対象外当事者,対象外当事者,単路　9.0m以上,直路,単独（交差点付近を含む）,規制なし,車両相互,01～24歳,45～54歳,軽乗用,自転車,自家用,自転車,損傷なし,負傷,34.03285222,131.8368608,木曜,その他
岩国,159,負傷,0,1,市道,岩国市,2023,10,12,8,21,2昼,晴,市街地,舗装　乾燥,交差点,施設なし,標識　規制なし,表示あり,対象外当事者,対象外当事者,交差点　小　小,直路,交差点内,規制なし,人対車両,65～74歳,75歳以上,普通乗用,歩行者,自家用,対象外当事者,損傷なし,負傷,34.16242778,132.2157711,木曜,その他
長府,97,負傷,0,1,国道２号,下関市,2023,10,12,12,35,2昼,晴,市街地,舗装　乾燥,直路,施設なし,対象外当事者,対象外当事者,対象外当事者,対象外当事者,単路　19.5m以上,直路,単独（交差点付近を含む）,規制なし,車両相互,01～24歳,65～74歳,大型貨物,軽乗用,事業用,自家用,損傷なし,負傷,34.02791944,131.0091556,木曜,その他
下関,42,負傷,0,1,市道,下関市,2022,10,12,15,3,2昼,晴,市街地,舗装　乾燥,交差点,点灯３灯式,標識　規制なし,表示なし,標識　規制なし,表示なし,交差点　大　大,直路,交差点内,規制なし,車両相互,55～64歳,55～64歳,準中型貨物,普通乗用,事業用,自家用,損傷なし,負傷,33.94929222,130.9258781,水曜,その他
岩国,162,負傷,0,1,一般の交通の用に供するその他の道路,岩国市,2023,10,12,15,40,2昼,晴,非市街地,舗装　乾燥,その他,施設なし,対象外当事者,対象外当事者,対象外当事者,対象外当事者,一般交通の場所,一般交通の場所,単独（交差点付近を含む）,規制なし,車両単独,55～64歳,不明,大型貨物,物件等,事業用,対象外当事者,損傷なし,対象外当事者,34.11105722,132.1097428,木曜,その他
下関,237,負傷,0,1,市道,下関市,2023,10,12,16,35,2昼,晴,市街地,舗装　乾燥,交差点,施設なし,標識　規制なし,表示なし,標識　規制なし,表示なし,交差点　中　小,直路,交差点内,規制なし,車両相互,45～54歳,01～24歳,軽乗用,自転車,自家用,自転車,損傷なし,負傷,33.95696028,130.9372731,木曜,その他
宇部,262,負傷,0,2,一般の交通の用に供するその他の道路,宇部市,2023,10,12,17,4,3昼暮,晴,非市街地,舗装　乾燥,その他,施設なし,対象外当事者,対象外当事者,対象外当事者,対象外当事者,一般交通の場所,一般交通の場所,単独（交差点付近を含む）,規制なし,車両相互,75歳以上,45～54歳,軽乗用,軽乗用,自家用,自家用,負傷,負傷,33.98217583,131.2513256,木曜,その他
宇部,271,負傷,0,2,一般の交通の用に供するその他の道路,宇部市,2023,10,12,17,28,3昼暮,晴,市街地,舗装　乾燥,その他,施設なし,対象外当事者,対象外当事者,対象外当事者,対象外当事者,一般交通の場所,一般交通の場所,単独（交差点付近を含む）,規制なし,車両相互,25～34歳,55～64歳,軽乗用,原付一種,自家用,自家用,負傷,負傷,33.95928861,131.2716239,木曜,その他
岩国,163,負傷,0,1,一般の交通の用に供するその他の道路,岩国市,2023,10,12,18,0,4夜暮,晴,市街地,舗装　乾燥,その他,施設なし,対象外当事者,対象外当事者,対象外当事者,対象外当事者,一般交通の場所,一般交通の場所,単独（交差点付近を含む）,規制なし,人対車両,55～64歳,75歳以上,軽乗用,歩行者,自家用,対象外当事者,損傷なし,負傷,34.14537472,132.2120939,木曜,その他
小串,16,負傷,0,1,国道191号,下関市,2023,10,13,10,20,2昼,晴,市街地,舗装　乾燥,交差点付近,施設なし,対象外当事者,対象外当事者,対象外当事者,対象外当事者,単路　5.5m以上,直路,単独（交差点付近を含む）,規制なし,車両相互,75歳以上,35～44歳,普通乗用,小型二輪　251～400cc,自家用,自家用,損傷なし,負傷,34.14238306,130.9199908,金曜,その他
宇部,257,負傷,0,1,一般の交通の用に供するその他の道路,宇部市,2023,10,13,11,45,2昼,晴,非市街地,舗装　乾燥,その他,施設なし,対象外当事者,対象外当事者,対象外当事者,対象外当事者,一般交通の場所,一般交通の場所,単独（交差点付近を含む）,規制なし,車両単独,75歳以上,不明,軽乗用,物件等,自家用,対象外当事者,損傷なし,対象外当事者,33.95366528,131.3077214,金曜,その他
防府,169,負傷,0,1,市道,防府市,2023,10,14,7,55,2昼,晴,市街地,舗装　乾燥,交差点,施設なし,標識　規制なし,表示なし,標識　規制なし,表示なし,交差点　中　中,直路,単独（交差点付近を含む）,規制なし,車両相互,45～54歳,01～24歳,普通乗用,自転車,自家用,自転車,損傷なし,負傷,34.05484167,131.5543117,土曜,その他
下関,253,負傷,0,1,市道,下関市,2023,10,14,8,34,2昼,晴,市街地,舗装　乾燥,交差点,施設なし,標識　規制なし,表示なし,対象外当事者,対象外当事者,交差点　小　小,直路,交差点内,規制なし,人対車両,75歳以上,01～24歳,普通乗用,歩行者,自家用,対象外当事者,損傷なし,負傷,34.01236722,130.9625294,土曜,その他
周南,184,負傷,0,1,国道２号,周南市,2023,10,14,18,27,4夜暮,曇,市街地,舗装　乾燥,交差点,点灯３灯式,標識　規制なし,表示なし,標識　規制なし,表示なし,交差点　大　中,直路,交差点内,規制なし,車両相互,65～74歳,01～24歳,普通乗用,普通乗用,自家用,自家用,損傷なし,負傷,34.06690833,131.7982161,土曜,その他
防府,161,負傷,0,2,国道262号,防府市,2023,10,15,11,35,2昼,晴,市街地,舗装　乾燥,交差点,点灯３灯式,標識　規制なし,表示なし,標識　規制なし,表示なし,交差点　中　小,直路,交差点内,規制なし,車両相互,35～44歳,01～24歳,普通乗用,軽乗用,自家用,自家用,負傷,損傷なし,34.07312694,131.5536794,日曜,その他
岩国,168,負傷,0,1,国道２号,岩国市,2023,10,15,14,42,2昼,晴,市街地,舗装　乾燥,直路,施設なし,対象外当事者,対象外当事者,対象外当事者,対象外当事者,単路　5.5m以上,直路,単独（交差点付近を含む）,規制なし,車両相互,01～24歳,55～64歳,軽乗用,原付二種　51～125cc,自家用,自家用,損傷なし,負傷,34.0911225,132.0098269,日曜,その他
光,64,負傷,0,1,一般の交通の用に供するその他の道路,光市,2023,10,15,17,14,3昼暮,晴,市街地,舗装　乾燥,その他,施設なし,対象外当事者,対象外当事者,対象外当事者,対象外当事者,一般交通の場所,一般交通の場所,単独（交差点付近を含む）,規制なし,人対車両,45～54歳,75歳以上,普通乗用,歩行者,自家用,対象外当事者,損傷なし,負傷,33.93569944,131.9698153,日曜,その他
宇部,265,負傷,0,1,県道,宇部市,2023,10,15,19,9,5夜,曇,市街地,舗装　乾燥,直路,施設なし,対象外当事者,対象外当事者,対象外当事者,対象外当事者,単路　3.5m未満,直路,単独（交差点付近を含む）,規制なし,人対車両,65～74歳,55～64歳,軽乗用,歩行者,自家用,対象外当事者,損傷なし,負傷,33.99652056,131.2258297,日曜,その他
山口,143,死亡,1,0,県道,山口市,2023,10,15,19,58,5夜,晴,市街地,舗装　乾燥,直路,施設なし,対象外当事者,対象外当事者,対象外当事者,対象外当事者,単路　5.5m以上,直路,単独（交差点付近を含む）,規制なし,車両単独,65～74歳,不明,自転車,相手なし,自転車,対象外当事者,死亡,対象外当事者,34.16346444,131.5184533,日曜,その他
宇部,270,負傷,0,1,国道190号,宇部市,2023,10,15,22,10,5夜,晴,市街地,舗装　乾燥,直路,施設なし,対象外当事者,対象外当事者,対象外当事者,対象外当事者,単路　5.5m以上,直路,単独（交差点付近を含む）,規制なし,車両相互,35～44歳,01～24歳,普通乗用,軽乗用,自家用,自家用,負傷,損傷なし,33.96082889,131.3163928,日曜,その他
山口南,101,負傷,0,1,県道,山口市,2023,10,15,23,52,5夜,晴,市街地,舗装　乾燥,交差点,点灯３灯式,標識　規制なし,表示なし,標識　規制なし,表示なし,交差点　中　中,直路,交差点内,規制なし,車両相互,01～24歳,45～54歳,軽乗用,軽乗用,自家用,自家用,損傷なし,負傷,34.09611944,131.4056847,日曜,その他
岩国,182,負傷,0,2,市道,岩国市,2023,10,16,13,45,2昼,晴,市街地,舗装　乾燥,交差点,施設なし,標識　規制なし,表示なし,標識　規制なし,表示なし,交差点　中　中,直路,交差点内,規制なし,車両相互,45～54歳,35～44歳,普通乗用,軽乗用,自家用,自家用,負傷,負傷,34.13596,132.1987661,月曜,その他
下松,75,負傷,0,2,国道２号,下松市,2023,10,16,13,59,2昼,晴,市街地,舗装　乾燥,直路,施設なし,対象外当事者,対象外当事者,対象外当事者,対象外当事者,単路　5.5m以上,直路,単独（交差点付近を含む）,規制なし,車両相互,35～44歳,01～24歳,普通乗用,軽乗用,自家用,自家用,負傷,損傷なし,34.03323417,131.8708719,月曜,その他
周南,181,負傷,0,1,一般の交通の用に供するその他の道路,周南市,2023,10,16,15,42,2昼,晴,非市街地,舗装　乾燥,その他,施設なし,対象外当事者,対象外当事者,対象外当事者,対象外当事者,一般交通の場所,一般交通の場所,単独（交差点付近を含む）,規制なし,車両相互,25～34歳,45～54歳,軽乗用,軽乗用,自家用,自家用,損傷なし,負傷,34.07253472,131.7229469,月曜,その他
防府,162,負傷,0,1,市道,防府市,2023,10,16,18,9,4夜暮,晴,市街地,舗装　乾燥,直路,施設なし,対象外当事者,対象外当事者,対象外当事者,対象外当事者,単路　3.5m未満,直路,単独（交差点付近を含む）,規制なし,車両相互,25～34歳,55～64歳,普通乗用,普通乗用,自家用,自家用,損傷なし,負傷,34.04606,131.5581931,月曜,その他
岩国,165,負傷,0,2,県道,岩国市,2023,10,16,18,10,4夜暮,晴,市街地,舗装　乾燥,交差点,点灯３灯式,標識　規制なし,表示なし,対象外当事者,対象外当事者,交差点　中　中,直路,交差点内,規制なし,車両単独,75歳以上,不明,軽乗用,物件等,自家用,対象外当事者,損傷なし,対象外当事者,34.15969722,132.2080964,月曜,その他
下関,246,負傷,0,1,県道,下関市,2023,10,16,18,25,4夜暮,晴,市街地,舗装　乾燥,交差点,施設なし,標識　規制なし,表示なし,対象外当事者,対象外当事者,交差点　中　中,直路,交差点内,規制なし,人対車両,75歳以上,75歳以上,普通乗用,歩行者,自家用,対象外当事者,損傷なし,負傷,33.99164944,130.951445,月曜,その他
下関,291,負傷,0,1,市道,下関市,2023,10,16,18,55,5夜,晴,市街地,舗装　乾燥,交差点,施設なし,標識　規制なし,表示なし,対象外当事者,対象外当事者,交差点　中　小,直路,交差点内,規制なし,人対車両,55～64歳,75歳以上,普通乗用,歩行者,自家用,対象外当事者,損傷なし,負傷,33.95169361,130.9240408,月曜,その他
防府,164,負傷,0,1,市道,防府市,2023,10,16,19,6,5夜,晴,非市街地,舗装　乾燥,直路,点灯３灯式,対象外当事者,対象外当事者,対象外当事者,対象外当事者,単路　3.5m未満,直路,単独（交差点付近を含む）,規制なし,車両相互,25～34歳,25～34歳,軽乗用,軽乗用,自家用,自家用,損傷なし,負傷,34.03769472,131.5296833,月曜,その他
下関,252,負傷,0,1,市道,下関市,2023,10,16,19,47,5夜,晴,非市街地,舗装　乾燥,交差点,施設なし,標識　規制なし,表示なし,対象外当事者,対象外当事者,交差点　中　小,直路,交差点内,規制なし,人対車両,45～54歳,01～24歳,普通乗用,歩行者,自家用,対象外当事者,損傷なし,負傷,33.99717972,130.9396633,月曜,その他
防府,167,負傷,0,1,国道２号,防府市,2023,10,16,19,55,5夜,曇,市街地,舗装　乾燥,交差点,施設なし,標識　規制なし,表示なし,標識　規制なし,表示なし,交差点　大　小,直路,交差点内,規制なし,車両相互,55～64歳,55～64歳,普通乗用,自転車,自家用,自転車,損傷なし,負傷,34.04784361,131.5122183,月曜,その他
宇部,267,負傷,0,1,県道,宇部市,2023,10,17,7,45,2昼,晴,市街地,舗装　乾燥,交差点付近,点灯３灯式,対象外当事者,対象外当事者,対象外当事者,対象外当事者,単路　9.0m以上,直路,単独（交差点付近を含む）,規制なし,車両相互,45～54歳,75歳以上,軽乗用,軽貨物,自家用,自家用,負傷,損傷なし,33.96193028,131.2489981,火曜,その他
小串,15,負傷,0,1,県道,下関市,2023,10,17,9,52,2昼,晴,市街地,舗装　乾燥,交差点,施設なし,標識　標準　反射式,表示あり,標識　規制なし,表示なし,交差点　中　中,直路,交差点内,規制なし,車両相互,65～74歳,45～54歳,軽乗用,軽貨物,自家用,自家用,損傷なし,負傷,34.14967278,130.9299694,火曜,その他
岩国,167,負傷,0,1,国道188号,岩国市,2023,10,17,12,25,2昼,晴,市街地,舗装　乾燥,交差点,施設なし,標識　標準　反射式,表示あり,対象外当事者,対象外当事者,交差点　中　小,直路,交差点内,規制なし,人対車両,65～74歳,75歳以上,軽乗用,歩行者,自家用,対象外当事者,損傷なし,負傷,34.13372833,132.20371,火曜,その他
下関,249,負傷,0,1,市道,下関市,2023,10,17,17,20,3昼暮,晴,市街地,舗装　乾燥,直路,施設なし,対象外当事者,対象外当事者,対象外当事者,対象外当事者,単路　3.5m未満,直路,単独（交差点付近を含む）,規制なし,車両相互,35～44歳,55～64歳,普通乗用,原付一種,自家用,自家用,損傷なし,負傷,33.99892722,130.9613561,火曜,その他
宇部,283,負傷,0,1,県道,宇部市,2023,10,17,18,12,4夜暮,晴,市街地,舗装　乾燥,交差点,点灯押ボ式,標識　標準　反射式,表示あり,標識　規制なし,表示なし,交差点　大　小,直路,交差点内,規制なし,車両相互,25～34歳,35～44歳,軽乗用,軽乗用,自家用,自家用,損傷なし,負傷,33.937765,131.2841083,火曜,その他
周南,186,負傷,0,1,国道２号,周南市,2023,10,18,5,35,6夜明,晴,市街地,舗装　乾燥,交差点付近,点灯３灯式,対象外当事者,対象外当事者,対象外当事者,対象外当事者,単路　13.0m以上,直路,単独（交差点付近を含む）,規制なし,車両相互,35～44歳,55～64歳,大型貨物,普通乗用,事業用,自家用,損傷なし,負傷,34.07801167,131.7236861,水曜,その他
山口,144,負傷,0,1,国道９号,山口市,2023,10,18,6,46,1昼明,晴,非市街地,舗装　乾燥,交差点付近,施設なし,対象外当事者,対象外当事者,対象外当事者,対象外当事者,単路　9.0m以上,直路,単独（交差点付近を含む）,規制なし,車両相互,35～44歳,01～24歳,普通乗用,普通貨物,自家用,自家用,負傷,損傷なし,34.16704444,131.4480886,水曜,その他
岩国,169,負傷,0,1,県道,岩国市,2023,10,18,10,52,2昼,晴,非市街地,舗装　乾燥,直路,点灯３灯式,対象外当事者,対象外当事者,対象外当事者,対象外当事者,単路　5.5m以上,直路,単独（交差点付近を含む）,規制なし,車両相互,25～34歳,55～64歳,普通乗用,普通貨物,自家用,自家用,損傷なし,負傷,34.15425028,132.1942258,水曜,その他
下松,76,負傷,0,1,県道,下松市,2023,10,18,19,10,5夜,晴,市街地,舗装　乾燥,直路,施設なし,対象外当事者,対象外当事者,対象外当事者,対象外当事者,単路　3.5m以上,直路,単独（交差点付近を含む）,規制なし,人対車両,55～64歳,35～44歳,普通乗用,歩行者,自家用,対象外当事者,損傷なし,負傷,34.01229361,131.8669558,水曜,その他
長門,35,負傷,0,1,国道191号,長門市,2023,10,19,7,33,2昼,晴,非市街地,舗装　乾燥,交差点,点灯押ボ式,標識　規制なし,表示なし,対象外当事者,対象外当事者,交差点　大　中,直路,交差点内,規制なし,人対車両,65～74歳,01～24歳,軽貨物,歩行者,自家用,対象外当事者,損傷なし,負傷,34.38495806,131.1048961,木曜,その他
小串,17,負傷,0,1,市道,下関市,2023,10,19,10,57,2昼,曇,市街地,舗装　乾燥,交差点,施設なし,標識　規制なし,表示なし,標識　標準　反射式,表示あり,交差点　中　中,直路,交差点内,規制なし,車両相互,35～44歳,75歳以上,普通乗用,原付一種,自家用,自家用,損傷なし,負傷,34.30382167,130.9528194,木曜,その他
萩,36,負傷,0,1,県道,萩市,2023,10,19,11,7,2昼,晴,市街地,舗装　乾燥,直路,施設なし,対象外当事者,対象外当事者,対象外当事者,対象外当事者,単路　5.5m以上,直路,単独（交差点付近を含む）,規制なし,車両相互,75歳以上,75歳以上,軽乗用,軽貨物,自家用,自家用,損傷なし,負傷,34.40810722,131.4097953,木曜,その他
岩国,174,負傷,0,1,市道,岩国市,2023,10,19,14,0,2昼,晴,市街地,舗装　乾燥,交差点,点灯３灯式,標識　規制なし,表示なし,標識　規制なし,表示なし,交差点　中　中,直路,交差点内,規制なし,車両相互,35～44歳,45～54歳,普通乗用,普通乗用,自家用,自家用,損傷なし,負傷,34.17137056,132.2151325,木曜,その他
長府,105,負傷,0,1,市道,下関市,2023,10,19,17,8,3昼暮,晴,市街地,舗装　乾燥,交差点,施設なし,標識　規制なし,表示なし,標識　標準　反射式,表示なし,交差点　中　中,直路,交差点内,規制なし,車両相互,65～74歳,01～24歳,軽乗用,自転車,自家用,自転車,損傷なし,負傷,34.06192556,131.0443731,木曜,その他
下関,244,負傷,0,3,国道191号,下関市,2023,10,19,17,46,4夜暮,晴,市街地,舗装　乾燥,直路,点灯押ボ式,対象外当事者,対象外当事者,対象外当事者,対象外当事者,単路　5.5m以上,直路,単独（交差点付近を含む）,規制なし,車両相互,35～44歳,35～44歳,普通乗用,普通乗用,自家用,自家用,損傷なし,負傷,34.02486556,130.9148872,木曜,その他
山陽小野田,87,負傷,0,1,国道190号,山陽小野田市,2023,10,19,18,57,5夜,晴,非市街地,舗装　乾燥,交差点,点灯３灯式,標識　規制なし,表示なし,標識　規制なし,表示なし,交差点　中　中,直路,交差点内,規制なし,車両相互,25～34歳,65～74歳,普通乗用,軽乗用,自家用,自家用,負傷,損傷なし,33.97781389,131.1866933,木曜,その他
宇部,269,負傷,0,1,国道490号,宇部市,2023,10,19,23,17,5夜,晴,市街地,舗装　乾燥,交差点,点灯３灯式,標識　規制なし,表示なし,標識　規制なし,表示なし,交差点　大　中,直路,交差点内,規制なし,車両相互,55～64歳,01～24歳,普通乗用,軽乗用,自家用,自家用,損傷なし,負傷,33.97673028,131.2730353,木曜,その他
周南,177,負傷,0,1,国道２号,周南市,2023,10,19,23,47,5夜,晴,市街地,舗装　乾燥,交差点,点灯３灯式,標識　規制なし,表示なし,標識　規制なし,表示なし,交差点　大　中,直路,交差点内,規制なし,車両相互,01～24歳,25～34歳,普通乗用,普通乗用,自家用,自家用,損傷なし,負傷,34.04373833,131.8377489,木曜,その他
柳井,119,負傷,0,1,県道,田布施町,2023,10,20,5,30,6夜明,雨,市街地,舗装　湿潤,カーブ,施設なし,対象外当事者,対象外当事者,対象外当事者,対象外当事者,単路　5.5m以上,カーブ左,単独（交差点付近を含む）,規制なし,車両相互,55～64歳,45～54歳,普通乗用,普通乗用,自家用,自家用,損傷なし,負傷,33.95603556,132.0464692,金曜,その他
下関,295,負傷,0,1,国道191号,下関市,2023,10,20,6,10,6夜明,晴,市街地,舗装　乾燥,交差点,点灯３灯式,対象外当事者,対象外当事者,対象外当事者,対象外当事者,交差点　大　小,直路,交差点内,規制なし,人対車両,75歳以上,不明,歩行者,対象外当事者,対象外当事者,対象外当事者,負傷,対象外当事者,33.95730778,130.9212525,金曜,その他
下関,250,負傷,0,1,市道,下関市,2023,10,20,7,41,2昼,晴,市街地,舗装　湿潤,直路,点灯３灯式,対象外当事者,対象外当事者,対象外当事者,対象外当事者,単路　3.5m以上,直路,単独（交差点付近を含む）,規制なし,車両相互,01～24歳,45～54歳,普通貨物,軽乗用,自家用,自家用,損傷なし,負傷,33.99271417,130.9168683,金曜,その他
防府,165,負傷,0,1,県道,防府市,2023,10,20,8,37,2昼,雨,市街地,舗装　湿潤,直路,施設なし,対象外当事者,対象外当事者,対象外当事者,対象外当事者,単路　5.5m以上,直路,単独（交差点付近を含む）,規制なし,車両相互,65～74歳,55～64歳,普通乗用,普通乗用,自家用,自家用,損傷なし,負傷,34.04595111,131.6084392,金曜,その他
宇部,268,負傷,0,1,県道,宇部市,2023,10,20,18,52,5夜,晴,非市街地,舗装　乾燥,直路,施設なし,対象外当事者,対象外当事者,対象外当事者,対象外当事者,単路　3.5m未満,直路,単独（交差点付近を含む）,規制なし,車両相互,45～54歳,45～54歳,普通乗用,普通乗用,自家用,自家用,損傷なし,負傷,33.99501278,131.2193633,金曜,その他
山口,152,負傷,0,1,一般の交通の用に供するその他の道路,山口市,2023,10,21,12,10,2昼,晴,市街地,舗装　乾燥,その他,施設なし,対象外当事者,対象外当事者,対象外当事者,対象外当事者,一般交通の場所,一般交通の場所,単独（交差点付近を含む）,規制なし,車両単独,75歳以上,不明,普通乗用,物件等,自家用,対象外当事者,損傷なし,対象外当事者,34.1874175,131.48041,土曜,その他
長府,95,負傷,0,1,国道491号,下関市,2023,10,21,12,30,2昼,晴,市街地,舗装　乾燥,直路,施設なし,対象外当事者,対象外当事者,対象外当事者,対象外当事者,単路　5.5m以上,直路,単独（交差点付近を含む）,規制なし,車両相互,55～64歳,75歳以上,普通乗用,軽貨物,自家用,自家用,負傷,損傷なし,34.06635611,131.0287567,土曜,その他
長門,36,負傷,0,1,県道,長門市,2023,10,21,13,44,2昼,曇,非市街地,舗装　乾燥,カーブ,施設なし,対象外当事者,対象外当事者,対象外当事者,対象外当事者,単路　5.5m以上,カーブ右,単独（交差点付近を含む）,規制なし,車両単独,55～64歳,不明,自転車,物件等,自転車,対象外当事者,負傷,対象外当事者,34.39493389,131.1384211,土曜,その他
柳井,100,負傷,0,1,県道,周防大島町,2023,10,21,14,39,2昼,晴,非市街地,舗装　乾燥,交差点,施設なし,標識　規制なし,表示なし,標識　規制なし,表示なし,交差点　小　小,直路,交差点内,規制なし,車両相互,65～74歳,25～34歳,軽乗用,小型二輪　751cc以上,自家用,自家用,損傷なし,負傷,33.91102333,132.3006119,土曜,その他