警察署,本票番号,事故内容,死者数,負傷者数,路線,市町村名,発生日時　　年,発生日時　　月,発生日時　　日,発生日時　　時,発生日時　　分,昼夜,天候,地形,路面状態,道路形状,信号機,一時停止規制標識（当事者A）,一時停止規制表示（当事者A）,一時停止規制標識（当事者B）,一時停止規制表示（当事者B）,車道幅員,道路線形,衝突地点,ゾーン規制,事故類型,年齢（当事者A）,年齢（当事者B）,当事者種別（当事者A）,当事者種別（当事者B）,用途別（当事者A）,用途別（当事者B）,人身損傷程度（当事者A）,人身損傷程度（当事者B）,緯度,経度,曜日,祝日
萩,33,負傷,0,1,国道262号,萩市,2023,10,21,15,46,2昼,晴,市街地,舗装　乾燥,直路,施設なし,対象外当事者,対象外当事者,対象外当事者,対象外当事者,単路　9.0m以上,直路,単独（交差点付近を含む）,規制なし,車両相互,65～74歳,55～64歳,普通乗用,自転車,自家用,自転車,損傷なし,負傷,34.39802556,131.4051531,土曜,その他
山口,149,負傷,0,1,国道９号,山口市,2023,10,21,15,50,2昼,晴,市街地,舗装　乾燥,交差点付近,施設なし,対象外当事者,対象外当事者,対象外当事者,対象外当事者,単路　3.5m以上,直路,単独（交差点付近を含む）,規制なし,車両相互,01～24歳,65～74歳,軽乗用,軽貨物,自家用,事業用,負傷,損傷なし,34.18383167,131.472485,土曜,その他
岩国,176,負傷,0,1,国道２号,和木町,2023,10,21,17,2,3昼暮,晴,市街地,舗装　乾燥,交差点,施設なし,標識　規制なし,表示なし,標識　規制なし,表示なし,交差点　中　小,直路,交差点内,規制なし,車両相互,35～44歳,55～64歳,軽貨物,原付一種,事業用,自家用,損傷なし,負傷,34.20396583,132.2300706,土曜,その他
山口南,98,負傷,0,1,国道９号,山口市,2023,10,21,18,52,5夜,晴,市街地,舗装　乾燥,交差点付近,点灯３灯式,対象外当事者,対象外当事者,対象外当事者,対象外当事者,単路　3.5m以上,直路,単独（交差点付近を含む）,規制なし,車両相互,25～34歳,35～44歳,軽乗用,軽乗用,自家用,自家用,損傷なし,負傷,34.09516278,131.3914603,土曜,その他
山口,155,負傷,0,2,国道９号,山口市,2023,10,22,10,30,2昼,晴,非市街地,舗装　乾燥,直路,施設なし,対象外当事者,対象外当事者,対象外当事者,対象外当事者,単路　5.5m以上,直路,単独（交差点付近を含む）,規制なし,車両相互,65～74歳,55～64歳,普通貨物,軽乗用,自家用,自家用,損傷なし,負傷,34.26513889,131.5382617,日曜,その他
山口,157,負傷,0,1,国道９号,山口市,2023,10,22,11,42,2昼,晴,非市街地,舗装　乾燥,その他,施設なし,対象外当事者,対象外当事者,対象外当事者,対象外当事者,単路　5.5m以上,直路,単独（交差点付近を含む）,規制なし,車両相互,75歳以上,55～64歳,普通乗用,軽貨物,自家用,自家用,損傷なし,負傷,34.25246917,131.5309439,日曜,その他
長門,37,負傷,0,1,県道,長門市,2023,10,22,13,20,2昼,晴,市街地,舗装　乾燥,直路,施設なし,対象外当事者,対象外当事者,対象外当事者,対象外当事者,単路　5.5m以上,直路,単独（交差点付近を含む）,規制なし,車両相互,35～44歳,45～54歳,軽乗用,小型二輪　751cc以上,自家用,自家用,損傷なし,負傷,34.3966525,131.0221922,日曜,その他
防府,163,負傷,0,1,県道,防府市,2023,10,22,13,57,2昼,晴,市街地,舗装　乾燥,交差点,施設なし,標識　規制なし,表示なし,標識　規制なし,表示なし,交差点　中　小,直路,交差点内,規制なし,車両相互,65～74歳,75歳以上,軽乗用,原付二種　51～125cc,自家用,自家用,損傷なし,負傷,34.05153083,131.5473597,日曜,その他
岩国,171,負傷,0,1,県道,和木町,2023,10,22,17,28,3昼暮,晴,市街地,舗装　乾燥,交差点,点灯３灯式,標識　規制なし,表示なし,標識　規制なし,表示なし,交差点　中　中,直路,交差点内,規制なし,車両相互,01～24歳,35～44歳,普通乗用,普通乗用,自家用,自家用,損傷なし,負傷,34.2026325,132.2198525,日曜,その他
長門,39,負傷,0,1,県道,長門市,2023,10,22,18,12,4夜暮,晴,市街地,舗装　乾燥,交差点,点灯３灯式,標識　規制なし,表示なし,対象外当事者,対象外当事者,交差点　中　中,直路,交差点内,規制なし,人対車両,45～54歳,55～64歳,普通乗用,歩行者,自家用,対象外当事者,損傷なし,負傷,34.37823556,131.1876192,日曜,その他
岩国,188,負傷,0,1,国道189号,岩国市,2023,10,22,18,25,4夜暮,晴,市街地,舗装　乾燥,直路,施設なし,対象外当事者,対象外当事者,対象外当事者,対象外当事者,単路　9.0m以上,直路,単独（交差点付近を含む）,規制なし,人対車両,75歳以上,65～74歳,軽乗用,歩行者,自家用,対象外当事者,損傷なし,負傷,34.15847361,132.2252594,日曜,その他
下関,243,死亡,1,0,一般の交通の用に供するその他の道路,下関市,2023,10,23,1,1,5夜,晴,非市街地,舗装　乾燥,その他,施設なし,対象外当事者,対象外当事者,対象外当事者,対象外当事者,一般交通の場所,一般交通の場所,単独（交差点付近を含む）,規制なし,車両単独,75歳以上,不明,軽貨物,相手なし,自家用,対象外当事者,死亡,対象外当事者,33.95492389,130.9098311,月曜,その他
周南,180,負傷,0,1,国道２号,周南市,2023,10,23,6,58,1昼明,晴,市街地,非舗装,交差点付近,施設なし,対象外当事者,対象外当事者,対象外当事者,対象外当事者,単路　3.5m以上,直路,単独（交差点付近を含む）,規制なし,車両相互,25～34歳,25～34歳,準中型貨物,普通乗用,自家用,自家用,損傷なし,負傷,34.06112278,131.8111156,月曜,その他
周南,179,負傷,0,1,市道,周南市,2023,10,23,8,24,2昼,晴,市街地,舗装　乾燥,交差点,施設なし,標識　規制なし,表示なし,標識　規制なし,表示なし,交差点　大　中,直路,交差点内,規制なし,車両相互,65～74歳,01～24歳,軽乗用,自転車,自家用,自転車,損傷なし,負傷,34.05894111,131.80904,月曜,その他
山口,151,負傷,0,1,市道,山口市,2023,10,23,9,18,2昼,晴,非市街地,舗装　湿潤,交差点,施設なし,標識　規制なし,表示なし,標識　規制なし,表示なし,交差点　中　小,直路,交差点内,規制なし,車両相互,25～34歳,01～24歳,軽乗用,自転車,自家用,自転車,損傷なし,負傷,34.15228639,131.4673436,月曜,その他
周南,193,負傷,0,1,県道,周南市,2023,10,23,15,15,2昼,晴,市街地,舗装　乾燥,交差点,点灯３灯式,標識　規制なし,表示なし,対象外当事者,対象外当事者,交差点　大　中,直路,交差点内,規制なし,人対車両,75歳以上,01～24歳,普通乗用,歩行者,自家用,対象外当事者,損傷なし,負傷,34.07089417,131.7732669,月曜,その他
周南,200,負傷,0,1,市道,周南市,2023,10,23,16,20,2昼,晴,市街地,舗装　乾燥,交差点,施設なし,標識　規制なし,表示なし,標識　規制なし,表示なし,交差点　小　小,直路,交差点内,規制なし,車両相互,25～34歳,01～24歳,軽乗用,自転車,自家用,自転車,損傷なし,負傷,34.02504417,131.8336689,月曜,その他
山口南,100,負傷,0,2,国道190号,山口市,2023,10,23,21,5,5夜,晴,市街地,舗装　乾燥,交差点,点灯３灯式,標識　規制なし,表示なし,標識　規制なし,表示なし,交差点　中　小,直路,交差点内,規制なし,車両相互,75歳以上,55～64歳,普通乗用,軽貨物,自家用,自家用,負傷,損傷なし,34.0488775,131.3662994,月曜,その他
長門,38,負傷,0,2,国道191号,長門市,2023,10,24,11,0,2昼,晴,非市街地,舗装　乾燥,交差点,施設なし,標識　標準　反射式,表示なし,標識　規制なし,表示なし,交差点　大　小,直路,交差点内,規制なし,車両相互,35～44歳,75歳以上,大型貨物,普通乗用,事業用,自家用,損傷なし,負傷,34.37089083,131.1240433,火曜,その他
光,69,負傷,0,1,一般の交通の用に供するその他の道路,光市,2023,10,24,16,0,2昼,晴,市街地,舗装　乾燥,その他,施設なし,対象外当事者,対象外当事者,対象外当事者,対象外当事者,一般交通の場所,一般交通の場所,単独（交差点付近を含む）,規制なし,人対車両,45～54歳,45～54歳,準中型貨物,歩行者,自家用,対象外当事者,損傷なし,負傷,33.976955,131.9158281,火曜,その他
山陽小野田,85,負傷,0,1,市道,山陽小野田市,2023,10,24,17,16,3昼暮,晴,市街地,舗装　乾燥,交差点,施設なし,標識　規制なし,表示なし,標識　規制なし,表示なし,交差点　小　小,直路,交差点内,規制なし,車両相互,35～44歳,45～54歳,普通貨物,自転車,自家用,自転車,損傷なし,負傷,33.96072806,131.1875278,火曜,その他
周南,191,負傷,0,1,一般の交通の用に供するその他の道路,周南市,2023,10,24,18,17,4夜暮,晴,非市街地,舗装　乾燥,その他,施設なし,対象外当事者,対象外当事者,対象外当事者,対象外当事者,一般交通の場所,一般交通の場所,単独（交差点付近を含む）,規制なし,人対車両,35～44歳,45～54歳,普通乗用,歩行者,自家用,対象外当事者,損傷なし,負傷,34.10760861,131.8567744,火曜,その他
山陽小野田,8,負傷,0,1,県道,山陽小野田市,2022,10,24,19,35,5夜,曇,非市街地,舗装　乾燥,カーブ,施設なし,対象外当事者,対象外当事者,対象外当事者,対象外当事者,単路　9.0m以上,カーブ右,単独（交差点付近を含む）,規制なし,車両相互,01～24歳,35～44歳,普通乗用,普通貨物,自家用,自家用,損傷なし,負傷,33.94919889,131.1641086,月曜,その他
岩国,177,負傷,0,1,国道２号,岩国市,2023,10,25,7,50,2昼,晴,非市街地,舗装　乾燥,直路,点灯３灯式,対象外当事者,対象外当事者,対象外当事者,対象外当事者,単路　5.5m以上,直路,単独（交差点付近を含む）,規制なし,車両相互,35～44歳,65～74歳,普通乗用,軽貨物,自家用,自家用,損傷なし,損傷なし,34.09251667,132.0496042,水曜,その他
山口,156,負傷,0,1,国道９号,山口市,2023,10,25,7,53,2昼,晴,非市街地,舗装　乾燥,直路,施設なし,対象外当事者,対象外当事者,対象外当事者,対象外当事者,単路　5.5m以上,直路,単独（交差点付近を含む）,規制なし,車両相互,35～44歳,25～34歳,準中型貨物,軽貨物,自家用,自家用,負傷,損傷なし,34.15981083,131.4380233,水曜,その他
宇部,272,負傷,0,1,国道190号,宇部市,2023,10,25,7,55,2昼,晴,市街地,舗装　乾燥,直路,点灯３灯式,対象外当事者,対象外当事者,対象外当事者,対象外当事者,単路　9.0m以上,直路,単独（交差点付近を含む）,規制なし,車両相互,25～34歳,25～34歳,普通乗用,軽乗用,自家用,自家用,負傷,損傷なし,33.97711,131.2073133,水曜,その他
周南,178,負傷,0,1,市道,周南市,2023,10,25,16,38,3昼暮,晴,市街地,舗装　乾燥,交差点,施設なし,標識　標準　反射式,表示なし,標識　規制なし,表示なし,交差点　中　小,直路,交差点内,規制なし,車両相互,65～74歳,35～44歳,普通乗用,普通乗用,自家用,自家用,損傷なし,負傷,34.0521875,131.8098297,水曜,その他
防府,173,負傷,0,1,県道,防府市,2023,10,25,18,20,4夜暮,晴,市街地,舗装　乾燥,直路,施設なし,対象外当事者,対象外当事者,対象外当事者,対象外当事者,単路　5.5m以上,直路,単独（交差点付近を含む）,規制なし,車両相互,01～24歳,35～44歳,普通乗用,普通乗用,自家用,自家用,損傷なし,負傷,34.03329917,131.5735978,水曜,その他
柳井,103,負傷,0,1,県道,平生町,2023,10,25,18,51,5夜,晴,非市街地,舗装　乾燥,カーブ,施設なし,対象外当事者,対象外当事者,対象外当事者,対象外当事者,単路　5.5m以上,カーブ左,単独（交差点付近を含む）,規制なし,車両相互,25～34歳,65～74歳,普通乗用,軽貨物,自家用,自家用,損傷なし,負傷,33.87644278,132.1181428,水曜,その他
下関,256,負傷,0,1,県道,下関市,2023,10,25,21,13,5夜,晴,市街地,舗装　乾燥,交差点,施設なし,標識　規制なし,表示なし,標識　規制なし,表示なし,交差点　中　小,直路,交差点内,規制なし,車両相互,45～54歳,01～24歳,軽乗用,原付一種,自家用,自家用,損傷なし,負傷,34.01502861,130.9219156,水曜,その他
山口南,103,負傷,0,1,県道,山口市,2023,10,25,21,18,5夜,晴,非市街地,舗装　乾燥,直路,施設なし,対象外当事者,対象外当事者,対象外当事者,対象外当事者,単路　5.5m以上,直路,単独（交差点付近を含む）,規制なし,車両相互,35～44歳,55～64歳,普通乗用,軽乗用,自家用,自家用,負傷,損傷なし,34.11057528,131.4066739,水曜,その他
美祢,26,負傷,0,1,国道435号,美祢市,2023,10,26,11,10,2昼,晴,非市街地,舗装　乾燥,交差点,点灯３灯式,標識　規制なし,表示なし,標識　規制なし,表示なし,交差点　中　中,直路,交差点内,規制なし,車両相互,45～54歳,55～64歳,大型貨物,普通乗用,事業用,自家用,損傷なし,負傷,34.21483222,131.3141267,木曜,その他
長府,103,負傷,0,1,一般の交通の用に供するその他の道路,下関市,2023,10,26,14,12,2昼,晴,非市街地,舗装　乾燥,その他,施設なし,対象外当事者,対象外当事者,対象外当事者,対象外当事者,一般交通の場所,一般交通の場所,単独（交差点付近を含む）,規制なし,車両単独,55～64歳,不明,中型貨物,物件等,自家用,対象外当事者,損傷なし,対象外当事者,34.02007444,131.0205467,木曜,その他
山陽小野田,93,負傷,0,1,県道,山陽小野田市,2023,10,26,14,32,2昼,晴,非市街地,舗装　乾燥,交差点,点灯３灯式,標識　規制なし,表示なし,標識　規制なし,表示なし,交差点　大　大,直路,交差点内,規制なし,車両相互,65～74歳,45～54歳,軽乗用,軽乗用,自家用,自家用,損傷なし,負傷,33.99950361,131.17463,木曜,その他
下関,251,死亡,1,0,一般の交通の用に供するその他の道路,下関市,2023,10,26,16,30,3昼暮,晴,非市街地,舗装　乾燥,その他,施設なし,対象外当事者,対象外当事者,対象外当事者,対象外当事者,一般交通の場所,一般交通の場所,単独（交差点付近を含む）,規制なし,車両単独,65～74歳,不明,軽貨物,相手なし,自家用,対象外当事者,死亡,対象外当事者,33.94953944,130.8792794,木曜,その他
防府,175,負傷,0,1,国道262号,防府市,2023,10,26,16,36,3昼暮,晴,市街地,舗装　乾燥,交差点,点灯３灯式,標識　規制なし,表示なし,標識　規制なし,表示なし,交差点　大　小,直路,交差点内,規制なし,車両相互,35～44歳,75歳以上,普通乗用,軽乗用,自家用,自家用,負傷,損傷なし,34.07068722,131.5547761,木曜,その他
宇部,276,負傷,0,2,市道,宇部市,2023,10,26,18,55,5夜,晴,非市街地,舗装　乾燥,直路,施設なし,対象外当事者,対象外当事者,対象外当事者,対象外当事者,単路　13.0m以上,直路,単独（交差点付近を含む）,規制なし,車両相互,25～34歳,25～34歳,軽乗用,軽乗用,自家用,自家用,損傷なし,負傷,33.94948083,131.243815,木曜,その他
山口南,107,負傷,0,1,一般の交通の用に供するその他の道路,山口市,2023,10,26,19,4,5夜,晴,非市街地,非舗装,その他,施設なし,対象外当事者,対象外当事者,対象外当事者,対象外当事者,一般交通の場所,一般交通の場所,単独（交差点付近を含む）,規制なし,車両単独,45～54歳,不明,普通貨物,物件等,自家用,対象外当事者,負傷,対象外当事者,34.01425361,131.4329081,木曜,その他
長府,116,負傷,0,1,県道,下関市,2023,10,27,7,59,2昼,晴,市街地,舗装　乾燥,交差点,施設なし,標識　規制なし,表示なし,標識　規制なし,表示なし,交差点　大　小,直路,交差点内,規制なし,車両相互,55～64歳,65～74歳,普通乗用,軽乗用,自家用,自家用,負傷,損傷なし,34.14910639,130.9707161,金曜,その他
周南,192,負傷,0,1,市道,周南市,2023,10,27,8,20,2昼,曇,市街地,舗装　乾燥,直路,施設なし,対象外当事者,対象外当事者,対象外当事者,対象外当事者,単路　3.5m未満,直路,単独（交差点付近を含む）,規制なし,車両相互,55～64歳,55～64歳,普通乗用,普通乗用,自家用,自家用,損傷なし,損傷なし,34.078235,131.7598372,金曜,その他
岩国,180,負傷,0,1,市道,岩国市,2023,10,27,11,21,2昼,晴,市街地,舗装　乾燥,直路,施設なし,対象外当事者,対象外当事者,対象外当事者,対象外当事者,単路　5.5m以上,直路,単独（交差点付近を含む）,規制なし,車両相互,45～54歳,55～64歳,普通乗用,軽貨物,自家用,自家用,損傷なし,負傷,34.17103083,132.2150581,金曜,その他
下松,73,負傷,0,1,町道,下松市,2023,10,27,12,55,2昼,晴,市街地,舗装　乾燥,交差点,点灯押ボ式,標識　規制なし,表示なし,標識　規制なし,表示なし,交差点　中　中,直路,交差点内,規制なし,車両相互,65～74歳,65～74歳,普通乗用,自転車,自家用,自転車,損傷なし,負傷,34.01723444,131.8667303,金曜,その他
岩国,173,負傷,0,1,国道２号,岩国市,2023,10,27,13,18,2昼,雨,市街地,舗装　乾燥,交差点,点灯３灯式,標識　規制なし,表示なし,標識　規制なし,表示なし,交差点　大　中,直路,交差点内,規制なし,車両相互,35～44歳,75歳以上,普通貨物,軽乗用,自家用,自家用,負傷,損傷なし,34.18082389,132.2307456,金曜,その他
山口,153,負傷,0,1,一般の交通の用に供するその他の道路,山口市,2023,10,27,16,0,2昼,晴,市街地,舗装　乾燥,その他,施設なし,対象外当事者,対象外当事者,対象外当事者,対象外当事者,一般交通の場所,一般交通の場所,単独（交差点付近を含む）,規制なし,車両相互,35～44歳,65～74歳,軽貨物,軽貨物,自家用,自家用,損傷なし,負傷,34.1541475,131.5083347,金曜,その他
長府,100,負傷,0,1,国道９号,下関市,2023,10,27,16,7,2昼,晴,市街地,舗装　乾燥,直路,施設なし,対象外当事者,対象外当事者,対象外当事者,対象外当事者,単路　5.5m以上,直路,単独（交差点付近を含む）,規制なし,車両単独,65～74歳,不明,軽貨物,物件等,自家用,対象外当事者,損傷なし,対象外当事者,33.99186917,130.9910536,金曜,その他
下関,254,負傷,0,1,県道,下関市,2023,10,27,17,20,3昼暮,晴,市街地,舗装　乾燥,直路,施設なし,対象外当事者,対象外当事者,対象外当事者,対象外当事者,単路　5.5m以上,直路,単独（交差点付近を含む）,規制なし,車両相互,25～34歳,45～54歳,軽乗用,軽乗用,自家用,自家用,損傷なし,負傷,34.00161389,130.9257131,金曜,その他
宇部,282,負傷,0,1,県道,宇部市,2023,10,27,17,41,4夜暮,曇,市街地,舗装　乾燥,交差点,点灯３灯式,標識　規制なし,表示なし,標識　規制なし,表示なし,交差点　中　小,直路,交差点内,規制なし,車両相互,45～54歳,65～74歳,普通乗用,軽乗用,自家用,自家用,負傷,損傷なし,33.94611361,131.2939475,金曜,その他
下関,255,負傷,0,1,国道191号,下関市,2023,10,27,17,42,4夜暮,晴,市街地,舗装　乾燥,直路,施設なし,対象外当事者,対象外当事者,対象外当事者,対象外当事者,単路　5.5m以上,直路,単独（交差点付近を含む）,規制なし,車両相互,45～54歳,45～54歳,普通乗用,軽乗用,自家用,自家用,損傷なし,負傷,34.03614083,130.9135758,金曜,その他
長府,98,負傷,0,1,市道,下関市,2023,10,28,8,46,2昼,晴,市街地,舗装　乾燥,直路,施設なし,対象外当事者,対象外当事者,対象外当事者,対象外当事者,単路　5.5m以上,直路,単独（交差点付近を含む）,規制なし,車両相互,25～34歳,35～44歳,普通乗用,普通乗用,自家用,自家用,損傷なし,負傷,34.0450675,131.0173003,土曜,その他
下関,258,負傷,0,2,県道,下関市,2023,10,28,10,2,2昼,晴,市街地,舗装　乾燥,交差点付近,施設なし,対象外当事者,対象外当事者,対象外当事者,対象外当事者,単路　3.5m以上,直路,単独（交差点付近を含む）,規制なし,車両相互,25～34歳,25～34歳,普通乗用,軽乗用,自家用,自家用,損傷なし,負傷,33.96524222,130.9419158,土曜,その他
長府,109,負傷,0,3,国道491号,下関市,2023,10,28,11,28,2昼,晴,市街地,舗装　乾燥,直路,施設なし,対象外当事者,対象外当事者,対象外当事者,対象外当事者,単路　5.5m以上,直路,単独（交差点付近を含む）,規制なし,車両相互,45～54歳,45～54歳,準中型貨物,普通乗用,自家用,自家用,損傷なし,負傷,34.04974111,131.0183808,土曜,その他
長府,101,負傷,0,1,国道491号,下関市,2023,10,28,11,32,2昼,晴,市街地,舗装　乾燥,直路,施設なし,対象外当事者,対象外当事者,対象外当事者,対象外当事者,単路　5.5m以上,直路,単独（交差点付近を含む）,規制なし,車両相互,65～74歳,65～74歳,普通乗用,軽貨物,自家用,自家用,負傷,損傷なし,34.03551722,131.0099878,土曜,その他
下関,257,負傷,0,1,国道191号,下関市,2023,10,28,18,27,5夜,晴,市街地,舗装　乾燥,交差点,施設なし,標識　規制なし,表示なし,標識　規制なし,表示なし,交差点　小　小,直路,交差点内,規制なし,車両相互,65～74歳,45～54歳,普通乗用,自転車,事業用,自転車,損傷なし,負傷,33.95966278,130.9198669,土曜,その他
周南,190,負傷,0,2,国道315号,周南市,2023,10,29,15,3,2昼,晴,非市街地,舗装　乾燥,カーブ,施設なし,対象外当事者,対象外当事者,対象外当事者,対象外当事者,単路　5.5m以上,カーブ左,単独（交差点付近を含む）,規制なし,車両相互,75歳以上,45～54歳,普通乗用,小型二輪　751cc以上,自家用,自家用,負傷,損傷なし,34.20696056,131.8128486,日曜,その他
長門,43,負傷,0,2,国道316号,長門市,2023,10,29,15,31,2昼,晴,非市街地,舗装　乾燥,直路,施設なし,対象外当事者,対象外当事者,対象外当事者,対象外当事者,単路　5.5m以上,直路,単独（交差点付近を含む）,規制なし,車両相互,35～44歳,55～64歳,軽乗用,軽乗用,自家用,自家用,損傷なし,負傷,34.28895472,131.1939733,日曜,その他
防府,166,負傷,0,1,県道,防府市,2023,10,29,16,33,3昼暮,晴,市街地,舗装　乾燥,交差点,点灯３灯式,標識　規制なし,表示なし,標識　規制なし,表示なし,交差点　中　小,直路,交差点内,規制なし,車両相互,55～64歳,45～54歳,軽乗用,自転車,自家用,自転車,損傷なし,負傷,34.029585,131.5622983,日曜,その他
周南,197,負傷,0,1,県道,周南市,2023,10,30,7,54,2昼,晴,市街地,舗装　乾燥,直路,施設なし,対象外当事者,対象外当事者,対象外当事者,対象外当事者,単路　9.0m以上,直路,単独（交差点付近を含む）,規制なし,車両相互,25～34歳,65～74歳,普通乗用,軽乗用,自家用,自家用,負傷,損傷なし,34.07191944,131.7587639,月曜,その他
美祢,27,負傷,0,2,県道,美祢市,2023,10,30,10,45,2昼,晴,市街地,舗装　乾燥,直路,施設なし,対象外当事者,対象外当事者,対象外当事者,対象外当事者,単路　3.5m未満,直路,単独（交差点付近を含む）,規制なし,車両相互,65～74歳,45～54歳,普通乗用,普通乗用,自家用,自家用,損傷なし,負傷,34.23772972,131.2677414,月曜,その他
山口南,104,負傷,0,1,県道,山口市,2023,10,30,10,55,2昼,晴,市街地,舗装　乾燥,直路,施設なし,対象外当事者,対象外当事者,対象外当事者,対象外当事者,単路　3.5m未満,直路,単独（交差点付近を含む）,規制なし,車両相互,25～34歳,25～34歳,普通乗用,普通乗用,自家用,自家用,損傷なし,負傷,34.08694472,131.3963506,月曜,その他
山口,32,負傷,0,2,県道,山口市,2022,10,30,11,30,2昼,晴,市街地,舗装　乾燥,直路,施設なし,対象外当事者,対象外当事者,対象外当事者,対象外当事者,単路　9.0m以上,直路,単独（交差点付近を含む）,規制なし,車両相互,45～54歳,45～54歳,普通乗用,普通乗用,自家用,自家用,損傷なし,負傷,34.1540775,131.4633886,日曜,その他
下関,285,負傷,0,1,県道,下関市,2023,10,30,12,0,2昼,晴,市街地,舗装　乾燥,直路,施設なし,対象外当事者,対象外当事者,対象外当事者,対象外当事者,単路　3.5m未満,直路,単独（交差点付近を含む）,規制なし,車両相互,45～54歳,45～54歳,軽乗用,自転車,自家用,自転車,損傷なし,負傷,34.00649028,130.9371789,月曜,その他
岩国,178,負傷,0,1,市道,岩国市,2023,10,30,13,5,2昼,晴,非市街地,舗装　乾燥,交差点,点灯３灯式,標識　規制なし,表示あり,標識　規制なし,表示あり,交差点　中　小,直路,交差点内,規制なし,車両相互,75歳以上,55～64歳,普通乗用,原付一種,自家用,自家用,損傷なし,負傷,34.12975361,132.1979525,月曜,その他
長府,102,負傷,0,1,国道２号,下関市,2023,10,30,17,13,3昼暮,晴,市街地,舗装　乾燥,直路,施設なし,対象外当事者,対象外当事者,対象外当事者,対象外当事者,単路　13.0m以上,直路,単独（交差点付近を含む）,規制なし,車両相互,01～24歳,45～54歳,普通乗用,軽乗用,自家用,自家用,損傷なし,負傷,34.01241528,130.9975881,月曜,その他
周南,185,負傷,0,1,県道,周南市,2023,10,30,17,31,4夜暮,晴,市街地,舗装　乾燥,直路,施設なし,対象外当事者,対象外当事者,対象外当事者,対象外当事者,単路　9.0m以上,直路,単独（交差点付近を含む）,規制なし,車両相互,25～34歳,35～44歳,普通乗用,普通乗用,自家用,自家用,損傷なし,負傷,34.04178917,131.8178636,月曜,その他
長府,108,負傷,0,1,市道,下関市,2023,10,31,7,10,1昼明,晴,市街地,舗装　乾燥,直路,施設なし,対象外当事者,対象外当事者,対象外当事者,対象外当事者,単路　5.5m以上,直路,単独（交差点付近を含む）,規制なし,車両単独,01～24歳,不明,普通乗用,物件等,自家用,対象外当事者,損傷なし,対象外当事者,34.05711278,131.0258261,火曜,その他
防府,181,負傷,0,2,国道２号,防府市,2023,10,31,12,10,2昼,晴,市街地,舗装　乾燥,カーブ,施設なし,対象外当事者,対象外当事者,対象外当事者,対象外当事者,単路　5.5m以上,カーブ右,単独（交差点付近を含む）,規制なし,車両相互,35～44歳,35～44歳,軽乗用,軽乗用,自家用,自家用,損傷なし,負傷,34.06551861,131.4761131,火曜,その他
柳井,98,負傷,0,1,市道,柳井市,2023,10,31,13,42,2昼,曇,市街地,舗装　乾燥,直路,施設なし,対象外当事者,対象外当事者,対象外当事者,対象外当事者,単路　5.5m以上,直路,単独（交差点付近を含む）,規制なし,車両相互,25～34歳,55～64歳,普通乗用,原付一種,自家用,自家用,損傷なし,負傷,33.9723375,132.1085672,火曜,その他
長府,106,負傷,0,1,市道,下関市,2023,10,31,16,15,2昼,晴,市街地,舗装　乾燥,カーブ,施設なし,対象外当事者,対象外当事者,対象外当事者,対象外当事者,単路　3.5m以上,カーブ右,単独（交差点付近を含む）,規制なし,車両相互,35～44歳,35～44歳,普通乗用,軽乗用,自家用,自家用,損傷なし,損傷なし,34.00922778,130.9825581,火曜,その他
宇部,277,負傷,0,1,県道,宇部市,2023,10,31,19,39,5夜,晴,非市街地,舗装　乾燥,交差点,点灯３灯式,標識　規制なし,表示なし,対象外当事者,対象外当事者,交差点　中　小,直路,交差点内,規制なし,人対車両,01～24歳,45～54歳,軽乗用,歩行者,自家用,対象外当事者,損傷なし,負傷,33.98374639,131.2164961,火曜,その他
柳井,97,負傷,0,1,市道,柳井市,2023,11,1,10,20,2昼,晴,非市街地,舗装　乾燥,交差点,点灯３灯式,標識　規制なし,表示なし,標識　規制なし,表示なし,交差点　中　小,直路,交差点内,規制なし,車両相互,45～54歳,75歳以上,普通乗用,軽貨物,自家用,自家用,負傷,損傷なし,33.97512139,132.0816739,水曜,その他
山陽小野田,88,負傷,0,1,県道,山陽小野田市,2023,11,1,11,58,2昼,晴,非市街地,舗装　乾燥,直路,施設なし,対象外当事者,対象外当事者,対象外当事者,対象外当事者,単路　5.5m以上,直路,単独（交差点付近を含む）,規制なし,車両相互,65～74歳,35～44歳,普通乗用,原付一種,自家用,自家用,損傷なし,負傷,34.00884972,131.1889578,水曜,その他
長門,42,負傷,0,1,市道,長門市,2023,11,1,13,5,2昼,晴,市街地,舗装　乾燥,交差点,点灯３灯式,標識　規制なし,表示なし,標識　規制なし,表示なし,交差点　小　小,直路,交差点内,規制なし,車両相互,55～64歳,55～64歳,普通乗用,軽乗用,自家用,自家用,損傷なし,負傷,34.37664111,131.1919172,水曜,その他