警察署,本票番号,事故内容,死者数,負傷者数,路線,市町村名,発生日時　　年,発生日時　　月,発生日時　　日,発生日時　　時,発生日時　　分,昼夜,天候,地形,路面状態,道路形状,信号機,一時停止規制標識（当事者A）,一時停止規制表示（当事者A）,一時停止規制標識（当事者B）,一時停止規制表示（当事者B）,車道幅員,道路線形,衝突地点,ゾーン規制,事故類型,年齢（当事者A）,年齢（当事者B）,当事者種別（当事者A）,当事者種別（当事者B）,用途別（当事者A）,用途別（当事者B）,人身損傷程度（当事者A）,人身損傷程度（当事者B）,緯度,経度,曜日,祝日
周南,189,負傷,0,1,国道２号,周南市,2023,11,1,13,22,2昼,晴,市街地,舗装　乾燥,交差点付近,点灯３灯式,対象外当事者,対象外当事者,対象外当事者,対象外当事者,単路　9.0m以上,直路,単独（交差点付近を含む）,規制なし,車両相互,75歳以上,25～34歳,普通貨物,小型二輪　751cc以上,自家用,自家用,損傷なし,負傷,34.07649917,131.7369103,水曜,その他
周南,209,負傷,0,1,市道,周南市,2023,11,1,15,34,2昼,晴,市街地,舗装　乾燥,交差点,点灯３灯式,標識　規制なし,表示なし,対象外当事者,対象外当事者,交差点　中　中,直路,交差点内,規制なし,人対車両,45～54歳,55～64歳,普通乗用,歩行者,自家用,対象外当事者,損傷なし,負傷,34.05657583,131.8103961,水曜,その他
岩国,175,死亡,1,0,国道188号,岩国市,2023,11,2,4,23,5夜,晴,市街地,舗装　乾燥,交差点付近,点灯３灯式,対象外当事者,対象外当事者,対象外当事者,対象外当事者,単路　9.0m以上,直路,単独（交差点付近を含む）,規制なし,人対車両,35～44歳,35～44歳,大型貨物,歩行者,事業用,対象外当事者,損傷なし,死亡,34.16462944,132.2222286,木曜,前日
下関,263,負傷,0,1,県道,下関市,2023,11,2,7,19,1昼明,晴,市街地,舗装　乾燥,直路,施設なし,対象外当事者,対象外当事者,対象外当事者,対象外当事者,単路　3.5m未満,直路,単独（交差点付近を含む）,規制なし,車両相互,35～44歳,01～24歳,中型貨物,軽二輪　126～250cc,事業用,自家用,損傷なし,負傷,34.01453833,130.92227,木曜,前日
光,65,負傷,0,1,市道,光市,2023,11,2,7,28,1昼明,晴,非市街地,舗装　乾燥,直路,施設なし,対象外当事者,対象外当事者,対象外当事者,対象外当事者,単路　3.5m以上,直路,単独（交差点付近を含む）,規制なし,車両相互,35～44歳,35～44歳,普通貨物,原付二種　51～125cc,自家用,自家用,損傷なし,負傷,33.95725167,131.9437944,木曜,前日
柳井,102,負傷,0,1,国道437号,周防大島町,2023,11,2,9,55,2昼,晴,非市街地,舗装　乾燥,直路,点灯３灯式,対象外当事者,対象外当事者,対象外当事者,対象外当事者,単路　5.5m以上,直路,単独（交差点付近を含む）,規制なし,車両相互,65～74歳,75歳以上,軽貨物,駆動補助装置付自転車,自家用,自転車,損傷なし,負傷,33.91331028,132.3068108,木曜,前日
山口南,105,負傷,0,2,市道,山口市,2023,11,2,12,10,2昼,晴,非市街地,舗装　乾燥,交差点,施設なし,標識　規制なし,表示なし,標識　標準　反射式,表示あり,交差点　中　中,直路,交差点内,規制なし,車両相互,55～64歳,35～44歳,普通乗用,軽乗用,自家用,自家用,負傷,損傷なし,34.00690222,131.3436014,木曜,前日
柳井,110,負傷,0,1,市道,柳井市,2023,11,2,15,11,2昼,晴,非市街地,舗装　乾燥,交差点,施設なし,標識　標準　反射式,表示あり,標識　規制なし,表示なし,交差点　中　小,直路,交差点内,規制なし,車両相互,45～54歳,25～34歳,普通乗用,普通乗用,自家用,自家用,損傷なし,負傷,33.97401889,132.07211,木曜,前日
山口南,102,負傷,0,1,国道９号,山口市,2023,11,2,16,25,3昼暮,晴,市街地,舗装　乾燥,直路,施設なし,対象外当事者,対象外当事者,対象外当事者,対象外当事者,単路　5.5m以上,直路,単独（交差点付近を含む）,規制なし,車両相互,75歳以上,25～34歳,軽乗用,自転車,自家用,自転車,損傷なし,負傷,34.11371944,131.4011289,木曜,前日
防府,168,負傷,0,1,国道２号,防府市,2023,11,2,18,38,5夜,晴,非市街地,舗装　乾燥,直路,施設なし,対象外当事者,対象外当事者,対象外当事者,対象外当事者,単路　3.5m以上,直路,単独（交差点付近を含む）,規制なし,車両相互,35～44歳,35～44歳,軽乗用,軽貨物,自家用,自家用,損傷なし,損傷なし,34.04812889,131.5125231,木曜,前日
宇部,284,負傷,0,1,県道,宇部市,2023,11,2,18,45,5夜,晴,市街地,舗装　乾燥,交差点,施設なし,標識　標準　反射式,表示あり,対象外当事者,対象外当事者,交差点　小　小,直路,交差点内,規制なし,人対車両,65～74歳,45～54歳,軽乗用,歩行者,自家用,対象外当事者,損傷なし,負傷,34.00303639,131.2176639,木曜,前日
宇部,293,負傷,0,1,市道,宇部市,2023,11,2,18,55,5夜,晴,市街地,舗装　乾燥,直路,施設なし,対象外当事者,対象外当事者,対象外当事者,対象外当事者,単路　3.5m以上,直路,単独（交差点付近を含む）,規制なし,人対車両,35～44歳,75歳以上,軽乗用,歩行者,自家用,対象外当事者,損傷なし,負傷,33.94436389,131.2494889,木曜,前日
長門,45,負傷,0,1,県道,長門市,2023,11,2,19,17,5夜,晴,市街地,舗装　乾燥,直路,施設なし,対象外当事者,対象外当事者,対象外当事者,対象外当事者,単路　3.5m未満,直路,単独（交差点付近を含む）,規制なし,人対車両,75歳以上,65～74歳,軽乗用,歩行者,自家用,対象外当事者,損傷なし,負傷,34.39482778,131.2001914,木曜,前日
長門,44,負傷,0,1,県道,長門市,2023,11,3,3,20,5夜,晴,非市街地,舗装　乾燥,直路,施設なし,対象外当事者,対象外当事者,対象外当事者,対象外当事者,単路　5.5m以上,直路,単独（交差点付近を含む）,規制なし,車両単独,65～74歳,不明,原付二種　51～125cc,相手なし,自家用,対象外当事者,負傷,対象外当事者,34.29780306,131.1273628,金曜,当日
下松,74,負傷,0,1,市道,下松市,2023,11,3,6,5,6夜明,晴,市街地,舗装　乾燥,交差点,点灯３灯式,標識　規制なし,表示なし,対象外当事者,対象外当事者,交差点　中　中,直路,交差点内,規制なし,人対車両,75歳以上,75歳以上,軽乗用,歩行者,自家用,対象外当事者,損傷なし,負傷,34.01534611,131.8628097,金曜,当日
長門,46,負傷,0,2,国道316号,長門市,2023,11,3,14,14,2昼,晴,市街地,舗装　乾燥,直路,施設なし,対象外当事者,対象外当事者,対象外当事者,対象外当事者,単路　9.0m以上,直路,単独（交差点付近を含む）,規制なし,車両相互,45～54歳,75歳以上,普通乗用,軽乗用,自家用,自家用,負傷,損傷なし,34.35242583,131.1770678,金曜,当日
山陽小野田,97,負傷,0,1,国道190号,山陽小野田市,2023,11,3,15,31,2昼,晴,市街地,舗装　乾燥,直路,施設なし,対象外当事者,対象外当事者,対象外当事者,対象外当事者,単路　9.0m以上,直路,単独（交差点付近を含む）,規制なし,車両相互,35～44歳,45～54歳,普通乗用,原付二種　51～125cc,自家用,自家用,損傷なし,負傷,34.00526306,131.1769947,金曜,当日
長府,104,負傷,0,1,市道,下関市,2023,11,3,15,42,2昼,晴,市街地,舗装　乾燥,直路,施設なし,対象外当事者,対象外当事者,対象外当事者,対象外当事者,単路　5.5m以上,直路,単独（交差点付近を含む）,規制なし,車両相互,45～54歳,65～74歳,中型貨物,普通乗用,事業用,自家用,損傷なし,負傷,34.02075611,131.0086217,金曜,当日
下関,278,負傷,0,1,市道,下関市,2023,11,3,19,58,5夜,晴,市街地,舗装　乾燥,交差点,施設なし,標識　規制なし,表示なし,標識　規制なし,表示なし,交差点　小　小,直路,交差点内,規制なし,車両相互,35～44歳,65～74歳,普通乗用,普通乗用,自家用,自家用,損傷なし,損傷なし,34.01331861,130.9481483,金曜,当日
柳井,8,負傷,0,1,県道,柳井市,2022,11,4,8,35,2昼,晴,非市街地,舗装　乾燥,交差点,施設なし,標識　規制なし,表示なし,対象外当事者,対象外当事者,交差点　中　小,直路,交差点内,規制なし,人対車両,75歳以上,75歳以上,普通乗用,歩行者,自家用,対象外当事者,損傷なし,負傷,33.90641389,132.1258411,金曜,その他
下関,260,負傷,0,1,市道,下関市,2023,11,4,10,0,2昼,曇,非市街地,舗装　乾燥,直路,施設なし,対象外当事者,対象外当事者,対象外当事者,対象外当事者,単路　3.5m以上,直路,単独（交差点付近を含む）,規制なし,人対車両,35～44歳,45～54歳,普通乗用,歩行者,自家用,対象外当事者,損傷なし,負傷,34.01830167,130.9210231,土曜,その他
下関,267,負傷,0,1,国道191号,下関市,2023,11,4,13,22,2昼,曇,非市街地,舗装　乾燥,交差点,点灯３灯式,標識　規制なし,表示なし,対象外当事者,対象外当事者,交差点　中　中,直路,交差点内,規制なし,人対車両,55～64歳,75歳以上,普通乗用,歩行者,自家用,対象外当事者,損傷なし,負傷,34.03060806,130.9118256,土曜,その他
長門,41,負傷,0,1,国道191号,長門市,2023,11,4,13,38,2昼,晴,非市街地,舗装　乾燥,交差点付近,施設なし,対象外当事者,対象外当事者,対象外当事者,対象外当事者,単路　5.5m以上,直路,単独（交差点付近を含む）,規制なし,車両単独,01～24歳,不明,小型二輪　251～400cc,物件等,自家用,対象外当事者,損傷なし,対象外当事者,34.37510444,131.1442392,土曜,その他
防府,171,負傷,0,1,県道,防府市,2023,11,4,14,43,2昼,晴,市街地,舗装　乾燥,交差点,点灯３灯式,標識　規制なし,表示なし,対象外当事者,対象外当事者,交差点　大　中,直路,交差点内,規制なし,人対車両,35～44歳,45～54歳,普通乗用,歩行者,自家用,対象外当事者,損傷なし,負傷,34.05406611,131.55823,土曜,その他
山口,158,負傷,0,1,国道435号,山口市,2023,11,5,12,52,2昼,晴,非市街地,舗装　乾燥,その他,施設なし,対象外当事者,対象外当事者,対象外当事者,対象外当事者,単路　5.5m以上,直路,単独（交差点付近を含む）,規制なし,車両相互,75歳以上,55～64歳,普通乗用,自転車,自家用,自転車,損傷なし,負傷,34.19336278,131.4001608,日曜,その他
山口南,106,負傷,0,1,県道,山口市,2023,11,5,18,21,5夜,晴,非市街地,舗装　乾燥,直路,施設なし,対象外当事者,対象外当事者,対象外当事者,対象外当事者,単路　3.5m未満,直路,単独（交差点付近を含む）,規制なし,人対車両,35～44歳,01～24歳,普通乗用,歩行者,自家用,対象外当事者,損傷なし,負傷,34.03198806,131.4636928,日曜,その他
宇部,286,負傷,0,1,国道490号,宇部市,2023,11,5,20,25,5夜,晴,市街地,舗装　乾燥,交差点,点灯３灯式,標識　規制なし,表示なし,標識　規制なし,表示なし,交差点　大　大,カーブ右,交差点内,規制なし,車両相互,45～54歳,01～24歳,普通乗用,自転車,自家用,自転車,損傷なし,負傷,33.95618306,131.2588103,日曜,その他
柳井,115,負傷,0,1,国道188号,田布施町,2023,11,5,23,11,5夜,晴,非市街地,舗装　乾燥,交差点,施設なし,標識　規制なし,表示あり,対象外当事者,対象外当事者,交差点　中　中,カーブ右,交差点内,規制なし,車両単独,45～54歳,不明,軽乗用,物件等,自家用,対象外当事者,負傷,対象外当事者,33.91495389,132.0444922,日曜,その他
防府,174,負傷,0,1,県道,防府市,2023,11,6,9,27,2昼,晴,市街地,舗装　乾燥,交差点付近,施設なし,対象外当事者,対象外当事者,対象外当事者,対象外当事者,単路　3.5m以上,直路,単独（交差点付近を含む）,規制なし,車両相互,65～74歳,55～64歳,普通乗用,軽乗用,自家用,自家用,損傷なし,負傷,34.02961028,131.5624892,月曜,その他
長門,40,負傷,0,2,農免道路,長門市,2023,11,6,16,15,2昼,曇,非市街地,舗装　乾燥,交差点,施設なし,標識　規制なし,表示なし,標識　規制なし,表示なし,交差点　中　小,直路,交差点内,規制なし,車両相互,65～74歳,45～54歳,普通乗用,普通貨物,自家用,自家用,損傷なし,負傷,34.36498639,131.1547458,月曜,その他
宇部,280,負傷,0,3,県道,宇部市,2023,11,6,16,41,3昼暮,曇,非市街地,舗装　乾燥,交差点,点灯３灯式,標識　規制なし,表示なし,対象外当事者,対象外当事者,交差点　大　大,直路,交差点内,規制なし,人対車両,45～54歳,01～24歳,普通乗用,歩行者,自家用,対象外当事者,損傷なし,負傷,33.97181056,131.2998589,月曜,その他
宇部,281,負傷,0,2,市道,宇部市,2023,11,6,16,47,3昼暮,曇,市街地,舗装　乾燥,交差点付近,施設なし,対象外当事者,対象外当事者,対象外当事者,対象外当事者,単路　5.5m以上,直路,単独（交差点付近を含む）,規制なし,車両相互,75歳以上,65～74歳,普通乗用,普通乗用,自家用,自家用,損傷なし,損傷なし,33.94887694,131.2528625,月曜,その他
防府,170,負傷,0,1,県道,防府市,2023,11,6,16,52,3昼暮,晴,市街地,舗装　乾燥,交差点,施設なし,標識　標準　反射式,表示あり,標識　規制なし,表示なし,交差点　大　小,直路,交差点内,規制なし,車両相互,65～74歳,01～24歳,軽乗用,自転車,自家用,自転車,損傷なし,負傷,34.05147972,131.5473253,月曜,その他
周南,188,負傷,0,1,市道,周南市,2023,11,6,17,24,4夜暮,雨,市街地,舗装　乾燥,交差点,点灯３灯式,標識　規制なし,表示なし,対象外当事者,対象外当事者,交差点　大　中,直路,交差点内,規制なし,人対車両,55～64歳,75歳以上,軽乗用,歩行者,自家用,対象外当事者,損傷なし,負傷,34.05891833,131.8031242,月曜,その他
防府,172,負傷,0,1,市道,防府市,2023,11,7,7,20,1昼明,曇,市街地,舗装　乾燥,直路,施設なし,対象外当事者,対象外当事者,対象外当事者,対象外当事者,単路　13.0m以上,直路,単独（交差点付近を含む）,規制なし,車両相互,01～24歳,35～44歳,軽乗用,軽乗用,自家用,自家用,損傷なし,負傷,34.03849611,131.5270386,火曜,その他
柳井,99,負傷,0,1,国道188号,柳井市,2023,11,7,10,40,2昼,晴,非市街地,舗装　乾燥,直路,点灯押ボ式,対象外当事者,対象外当事者,対象外当事者,対象外当事者,単路　5.5m以上,直路,単独（交差点付近を含む）,規制なし,車両相互,25～34歳,45～54歳,軽乗用,軽貨物,自家用,自家用,負傷,損傷なし,33.95674083,132.1430531,火曜,その他
山陽小野田,92,負傷,0,1,県道,山陽小野田市,2023,11,7,11,10,2昼,晴,非市街地,舗装　乾燥,直路,点灯３灯式,対象外当事者,対象外当事者,対象外当事者,対象外当事者,単路　13.0m以上,直路,単独（交差点付近を含む）,規制なし,車両相互,25～34歳,25～34歳,軽乗用,軽乗用,自家用,自家用,損傷なし,負傷,34.01341056,131.18392,火曜,その他
下関,266,負傷,0,1,市道,下関市,2023,11,7,16,15,2昼,晴,市街地,舗装　乾燥,交差点,施設なし,標識　規制なし,表示なし,標識　規制なし,表示なし,交差点　小　小,直路,交差点内,規制なし,車両相互,25～34歳,75歳以上,普通乗用,軽乗用,自家用,自家用,損傷なし,負傷,33.95732583,130.9331531,火曜,その他
光,68,負傷,0,1,国道188号,光市,2023,11,7,16,34,3昼暮,晴,市街地,舗装　乾燥,交差点,施設なし,標識　標準　反射式,表示あり,標識　規制なし,表示なし,交差点　中　中,直路,交差点内,規制なし,車両相互,45～54歳,01～24歳,軽乗用,自転車,自家用,自転車,損傷なし,負傷,33.96881528,131.9349972,火曜,その他
柳井,35,負傷,0,1,町道,平生町,2022,11,7,18,0,4夜暮,晴,非市街地,舗装　乾燥,直路,施設なし,対象外当事者,対象外当事者,対象外当事者,対象外当事者,単路　3.5m以上,直路,単独（交差点付近を含む）,規制なし,車両相互,65～74歳,不明,自転車,対象外当事者,自転車,対象外当事者,負傷,対象外当事者,33.92029278,132.0612394,月曜,その他
光,70,負傷,0,1,市道,光市,2023,11,8,7,44,2昼,晴,非市街地,舗装　乾燥,直路,施設なし,対象外当事者,対象外当事者,対象外当事者,対象外当事者,単路　3.5m以上,直路,単独（交差点付近を含む）,規制なし,車両相互,55～64歳,35～44歳,普通乗用,自転車,自家用,自転車,損傷なし,負傷,34.01828444,131.9993447,水曜,その他
岩国,181,負傷,0,1,国道188号,岩国市,2023,11,8,9,55,2昼,晴,非市街地,舗装　乾燥,直路,施設なし,対象外当事者,対象外当事者,対象外当事者,対象外当事者,単路　13.0m以上,直路,単独（交差点付近を含む）,規制なし,車両単独,55～64歳,不明,大型乗用,相手なし,事業用,対象外当事者,損傷なし,対象外当事者,34.10883056,132.1998069,水曜,その他
岩国,197,負傷,0,1,市道,岩国市,2023,11,8,12,27,2昼,晴,市街地,舗装　乾燥,直路,施設なし,対象外当事者,対象外当事者,対象外当事者,対象外当事者,単路　3.5m以上,直路,単独（交差点付近を含む）,規制なし,車両相互,65～74歳,65～74歳,普通乗用,自転車,自家用,自転車,損傷なし,負傷,34.17151972,132.20897,水曜,その他
岩国,179,負傷,0,1,市道,岩国市,2023,11,8,16,49,3昼暮,晴,市街地,舗装　乾燥,直路,施設なし,対象外当事者,対象外当事者,対象外当事者,対象外当事者,単路　5.5m以上,直路,単独（交差点付近を含む）,規制なし,車両相互,75歳以上,25～34歳,軽乗用,軽貨物,自家用,自家用,損傷なし,負傷,34.17046417,132.2288733,水曜,その他
長府,107,負傷,0,1,国道２号,下関市,2023,11,8,18,13,4夜暮,晴,市街地,舗装　乾燥,直路,施設なし,対象外当事者,対象外当事者,対象外当事者,対象外当事者,単路　5.5m以上,直路,単独（交差点付近を含む）,規制なし,車両相互,45～54歳,55～64歳,普通乗用,軽乗用,自家用,自家用,負傷,損傷なし,34.01195194,130.9972311,水曜,その他
山陽小野田,89,負傷,0,1,一般の交通の用に供するその他の道路,山陽小野田市,2023,11,8,18,20,5夜,晴,非市街地,舗装　乾燥,その他,施設なし,対象外当事者,対象外当事者,対象外当事者,対象外当事者,一般交通の場所,一般交通の場所,単独（交差点付近を含む）,規制なし,車両相互,25～34歳,55～64歳,軽乗用,軽乗用,自家用,自家用,損傷なし,負傷,34.04961778,131.1298236,水曜,その他
柳井,116,負傷,0,2,国道188号,柳井市,2023,11,8,19,10,5夜,晴,非市街地,舗装　乾燥,交差点,点灯３灯式,標識　規制なし,表示あり,標識　規制なし,表示あり,交差点　中　中,直路,交差点内,規制なし,車両相互,65～74歳,25～34歳,普通乗用,軽二輪　126～250cc,自家用,自家用,負傷,負傷,33.95669778,132.1434214,水曜,その他
防府,179,負傷,0,1,県道,防府市,2023,11,8,19,10,5夜,晴,市街地,舗装　乾燥,直路,施設なし,対象外当事者,対象外当事者,対象外当事者,対象外当事者,単路　5.5m以上,直路,単独（交差点付近を含む）,規制なし,人対車両,65～74歳,75歳以上,軽乗用,歩行者,自家用,対象外当事者,損傷なし,負傷,34.02304222,131.5480981,水曜,その他
萩,38,負傷,0,1,国道262号,萩市,2023,11,9,15,22,2昼,晴,非市街地,舗装　乾燥,その他,施設なし,対象外当事者,対象外当事者,対象外当事者,対象外当事者,一般交通の場所,一般交通の場所,単独（交差点付近を含む）,規制なし,車両相互,35～44歳,55～64歳,普通乗用,軽乗用,自家用,自家用,負傷,損傷なし,34.28647083,131.4595553,木曜,その他
下松,78,負傷,0,1,市道,下松市,2023,11,9,16,21,3昼暮,晴,市街地,舗装　乾燥,交差点付近,点灯３灯式,対象外当事者,対象外当事者,対象外当事者,対象外当事者,単路　5.5m以上,直路,単独（交差点付近を含む）,規制なし,車両相互,45～54歳,75歳以上,中型貨物,軽乗用,自家用,自家用,損傷なし,負傷,34.02869611,131.8657608,木曜,その他
下関,282,負傷,0,1,県道,下関市,2023,11,9,16,37,3昼暮,晴,市街地,舗装　乾燥,交差点,施設なし,標識　標準　反射式,表示なし,対象外当事者,対象外当事者,交差点　小　小,直路,交差点内,規制なし,人対車両,35～44歳,01～24歳,軽乗用,歩行者,自家用,対象外当事者,損傷なし,負傷,33.98063889,130.9345533,木曜,その他
岩国,199,負傷,0,1,国道188号,岩国市,2023,11,9,17,24,4夜暮,晴,市街地,舗装　乾燥,交差点,点灯３灯式,標識　規制なし,表示なし,標識　規制なし,表示あり,交差点　大　小,直路,交差点内,規制なし,車両相互,01～24歳,65～74歳,普通乗用,原付二種　51～125cc,自家用,自家用,損傷なし,負傷,34.16365583,132.2223864,木曜,その他
山口,161,負傷,0,1,県道,山口市,2023,11,9,18,40,5夜,晴,市街地,舗装　乾燥,直路,施設なし,対象外当事者,対象外当事者,対象外当事者,対象外当事者,単路　5.5m以上,直路,単独（交差点付近を含む）,規制なし,車両相互,25～34歳,35～44歳,普通乗用,軽乗用,自家用,自家用,損傷なし,負傷,34.14242056,131.4543014,木曜,その他
山口,176,負傷,0,1,県道,山口市,2023,11,10,3,30,5夜,晴,市街地,舗装　湿潤,交差点,施設なし,標識　標準　反射式,表示あり,標識　規制なし,表示なし,交差点　中　小,直路,交差点内,規制なし,車両相互,01～24歳,55～64歳,普通乗用,原付一種,自家用,自家用,損傷なし,負傷,34.19269278,131.4987717,金曜,その他
岩国,183,負傷,0,1,市道,岩国市,2023,11,10,7,13,1昼明,曇,市街地,舗装　乾燥,交差点,施設なし,標識　標準　反射式,表示なし,標識　規制なし,表示なし,交差点　中　中,直路,交差点内,規制なし,車両相互,01～24歳,35～44歳,普通乗用,軽乗用,自家用,自家用,損傷なし,負傷,34.16929056,132.1553244,金曜,その他
周南,203,負傷,0,1,市道,周南市,2023,11,10,11,16,2昼,晴,市街地,舗装　乾燥,直路,施設なし,対象外当事者,対象外当事者,対象外当事者,対象外当事者,単路　5.5m以上,直路,単独（交差点付近を含む）,規制なし,車両相互,45～54歳,25～34歳,普通貨物,軽乗用,自家用,自家用,損傷なし,負傷,34.03518778,131.8401692,金曜,その他
高速隊,54,負傷,0,1,高速道路,下関市,2023,11,10,12,45,2昼,雨,非市街地,舗装　湿潤,直路,施設なし,対象外当事者,対象外当事者,対象外当事者,対象外当事者,単路　3.5m以上,直路,単独（交差点付近を含む）,規制なし,車両相互,25～34歳,55～64歳,準中型貨物,普通乗用,自家用,自家用,損傷なし,負傷,34.0048325,130.9581822,金曜,その他
山口南,110,負傷,0,1,国道２号,山口市,2023,11,10,14,6,2昼,曇,市街地,舗装　湿潤,直路,点灯３灯式,対象外当事者,対象外当事者,対象外当事者,対象外当事者,単路　3.5m以上,直路,単独（交差点付近を含む）,規制なし,車両相互,25～34歳,45～54歳,普通乗用,軽乗用,自家用,自家用,負傷,損傷なし,34.08416972,131.4419686,金曜,その他
下関,262,負傷,0,1,県道,下関市,2023,11,10,15,24,2昼,晴,市街地,舗装　湿潤,交差点,点灯３灯式,標識　規制なし,表示なし,標識　規制なし,表示なし,交差点　中　小,直路,交差点内,規制なし,車両相互,55～64歳,75歳以上,普通乗用,軽乗用,自家用,自家用,損傷なし,損傷なし,33.93551694,130.9195753,金曜,その他
下関,265,負傷,0,1,市道,下関市,2023,11,10,16,10,2昼,雨,市街地,舗装　湿潤,直路,施設なし,対象外当事者,対象外当事者,対象外当事者,対象外当事者,単路　3.5m以上,直路,単独（交差点付近を含む）,規制なし,車両相互,25～34歳,25～34歳,軽乗用,軽乗用,自家用,自家用,損傷なし,負傷,34.0149775,130.9493297,金曜,その他
下関,270,負傷,0,1,県道,下関市,2023,11,10,16,53,3昼暮,雨,市街地,舗装　湿潤,直路,施設なし,対象外当事者,対象外当事者,対象外当事者,対象外当事者,単路　3.5m以上,直路,単独（交差点付近を含む）,規制なし,車両相互,45～54歳,01～24歳,普通貨物,軽貨物,自家用,自家用,負傷,損傷なし,34.04649028,130.9624594,金曜,その他
周南,194,負傷,0,1,市道,周南市,2023,11,10,17,23,4夜暮,晴,市街地,舗装　乾燥,直路,施設なし,対象外当事者,対象外当事者,対象外当事者,対象外当事者,単路　5.5m以上,直路,単独（交差点付近を含む）,規制なし,車両相互,25～34歳,25～34歳,軽乗用,原付二種　51～125cc,自家用,自家用,損傷なし,負傷,34.06687694,131.7629839,金曜,その他
光,67,負傷,0,1,国道188号,光市,2023,11,10,18,52,5夜,曇,非市街地,舗装　乾燥,交差点付近,施設なし,対象外当事者,対象外当事者,対象外当事者,対象外当事者,単路　5.5m以上,直路,単独（交差点付近を含む）,規制なし,車両相互,01～24歳,25～34歳,軽乗用,軽貨物,自家用,自家用,負傷,損傷なし,33.96357306,131.9404978,金曜,その他
防府,176,負傷,0,3,国道２号,防府市,2023,11,11,7,20,1昼明,晴,非市街地,舗装　乾燥,直路,点灯３灯式,対象外当事者,対象外当事者,対象外当事者,対象外当事者,単路　3.5m以上,直路,単独（交差点付近を含む）,規制なし,車両相互,55～64歳,55～64歳,準中型貨物,準中型貨物,事業用,自家用,損傷なし,負傷,34.06384,131.5493161,土曜,その他
下松,84,負傷,0,2,国道２号,下松市,2023,11,11,8,51,2昼,晴,市街地,舗装　乾燥,直路,施設なし,対象外当事者,対象外当事者,対象外当事者,対象外当事者,単路　13.0m以上,直路,単独（交差点付近を含む）,規制なし,車両相互,65～74歳,45～54歳,軽乗用,小型二輪　401～750cc,自家用,自家用,負傷,負傷,34.03075083,131.862495,土曜,その他
下関,271,負傷,0,1,市道,下関市,2023,11,12,12,19,2昼,曇,市街地,舗装　乾燥,直路,施設なし,対象外当事者,対象外当事者,対象外当事者,対象外当事者,単路　3.5m以上,直路,単独（交差点付近を含む）,規制なし,車両相互,65～74歳,01～24歳,普通乗用,自転車,事業用,自転車,損傷なし,負傷,34.00425028,130.9276786,日曜,その他
長府,110,負傷,0,1,市道,下関市,2023,11,12,15,54,2昼,曇,市街地,舗装　乾燥,直路,施設なし,対象外当事者,対象外当事者,対象外当事者,対象外当事者,単路　5.5m以上,直路,単独（交差点付近を含む）,規制なし,車両相互,45～54歳,75歳以上,普通乗用,軽乗用,自家用,自家用,負傷,損傷なし,34.06658222,131.0484883,日曜,その他
光,66,負傷,0,3,市道,光市,2023,11,12,18,50,5夜,晴,市街地,舗装　乾燥,交差点,点灯３灯式,標識　規制なし,表示なし,標識　規制なし,表示なし,交差点　中　中,直路,交差点内,規制なし,車両相互,45～54歳,35～44歳,軽乗用,軽貨物,自家用,自家用,負傷,損傷なし,33.97757472,131.9336917,日曜,その他
下関,261,負傷,0,1,県道,下関市,2023,11,13,7,43,1昼明,曇,市街地,舗装　乾燥,交差点,点灯３灯式,標識　規制なし,表示なし,対象外当事者,対象外当事者,交差点　中　小,直路,交差点内,規制なし,人対車両,55～64歳,01～24歳,普通乗用,歩行者,自家用,対象外当事者,損傷なし,負傷,33.98102111,130.9239994,月曜,その他
周南,196,負傷,0,1,市道,周南市,2023,11,13,8,8,2昼,晴,市街地,舗装　乾燥,交差点,点灯３灯式,標識　規制なし,表示なし,標識　規制なし,表示なし,交差点　大　小,直路,交差点内,規制なし,車両相互,55～64歳,01～24歳,軽貨物,自転車,自家用,自転車,損傷なし,負傷,34.05759333,131.8082944,月曜,その他
山口南,108,負傷,0,1,国道２号,山口市,2023,11,13,8,35,2昼,晴,非市街地,舗装　乾燥,直路,施設なし,対象外当事者,対象外当事者,対象外当事者,対象外当事者,単路　5.5m以上,直路,単独（交差点付近を含む）,規制なし,車両相互,45～54歳,35～44歳,普通乗用,軽貨物,自家用,自家用,負傷,損傷なし,34.08091528,131.4515864,月曜,その他
長府,112,負傷,0,1,私道,下関市,2023,11,13,8,47,2昼,曇,市街地,舗装　湿潤,直路,施設なし,対象外当事者,対象外当事者,対象外当事者,対象外当事者,単路　3.5m未満,直路,単独（交差点付近を含む）,規制なし,車両相互,25～34歳,35～44歳,普通乗用,軽乗用,自家用,自家用,負傷,損傷なし,33.99356,130.9879525,月曜,その他
下松,83,負傷,0,1,県道,下松市,2023,11,13,11,13,2昼,曇,非市街地,舗装　乾燥,直路,施設なし,対象外当事者,対象外当事者,対象外当事者,対象外当事者,単路　9.0m以上,直路,単独（交差点付近を含む）,規制なし,車両相互,55～64歳,75歳以上,普通乗用,軽乗用,自家用,自家用,負傷,損傷なし,34.02846139,131.8453064,月曜,その他