警察署,本票番号,事故内容,死者数,負傷者数,路線,市町村名,発生日時　　年,発生日時　　月,発生日時　　日,発生日時　　時,発生日時　　分,昼夜,天候,地形,路面状態,道路形状,信号機,一時停止規制標識（当事者A）,一時停止規制表示（当事者A）,一時停止規制標識（当事者B）,一時停止規制表示（当事者B）,車道幅員,道路線形,衝突地点,ゾーン規制,事故類型,年齢（当事者A）,年齢（当事者B）,当事者種別（当事者A）,当事者種別（当事者B）,用途別（当事者A）,用途別（当事者B）,人身損傷程度（当事者A）,人身損傷程度（当事者B）,緯度,経度,曜日,祝日
防府,177,負傷,0,1,一般の交通の用に供するその他の道路,防府市,2023,11,13,12,0,2昼,雨,市街地,舗装　湿潤,その他,施設なし,対象外当事者,対象外当事者,対象外当事者,対象外当事者,一般交通の場所,一般交通の場所,単独（交差点付近を含む）,規制なし,人対車両,45～54歳,65～74歳,軽乗用,歩行者,自家用,対象外当事者,損傷なし,負傷,34.05599639,131.5727297,月曜,その他
山口,163,負傷,0,2,県道,山口市,2023,11,13,17,8,3昼暮,晴,非市街地,舗装　乾燥,交差点付近,点灯３灯式,対象外当事者,対象外当事者,対象外当事者,対象外当事者,単路　5.5m以上,直路,単独（交差点付近を含む）,規制なし,車両相互,55～64歳,35～44歳,普通貨物,軽乗用,自家用,自家用,損傷なし,負傷,34.15547694,131.5021117,月曜,その他
宇部,297,負傷,0,1,国道490号,宇部市,2023,11,13,17,27,4夜暮,曇,市街地,舗装　乾燥,交差点付近,施設なし,対象外当事者,対象外当事者,対象外当事者,対象外当事者,単路　3.5m以上,直路,単独（交差点付近を含む）,規制なし,車両相互,65～74歳,55～64歳,軽乗用,自転車,自家用,自転車,損傷なし,負傷,33.95407861,131.2573339,月曜,その他
下関,269,負傷,0,1,国道191号,下関市,2023,11,13,18,1,4夜暮,曇,市街地,舗装　湿潤,交差点,点灯押ボ式,標識　標準　反射式,表示なし,対象外当事者,対象外当事者,交差点　中　中,直路,交差点内,規制なし,人対車両,55～64歳,25～34歳,普通乗用,歩行者,自家用,対象外当事者,損傷なし,負傷,33.97252611,130.9195417,月曜,その他
山口,159,負傷,0,1,国道９号,山口市,2023,11,13,18,35,5夜,曇,非市街地,舗装　湿潤,交差点,点灯３灯式,標識　規制なし,表示なし,対象外当事者,対象外当事者,交差点　大　小,直路,交差点内,規制なし,人対車両,65～74歳,45～54歳,軽貨物,歩行者,自家用,対象外当事者,損傷なし,負傷,34.18780722,131.4790903,月曜,その他
山陽小野田,90,負傷,0,1,一般の交通の用に供するその他の道路,山陽小野田市,2023,11,14,0,8,5夜,曇,非市街地,舗装　乾燥,その他,施設なし,対象外当事者,対象外当事者,対象外当事者,対象外当事者,一般交通の場所,一般交通の場所,単独（交差点付近を含む）,規制なし,車両相互,25～34歳,75歳以上,普通乗用,軽乗用,自家用,自家用,負傷,損傷なし,34.04463417,131.0693917,火曜,その他
長門,48,負傷,0,1,市道,長門市,2023,11,14,7,16,1昼明,晴,非市街地,舗装　乾燥,交差点,点灯３灯式,標識　規制なし,表示なし,標識　規制なし,表示なし,交差点　中　小,直路,交差点内,規制なし,車両相互,65～74歳,75歳以上,軽乗用,軽貨物,自家用,自家用,負傷,損傷なし,34.38086111,131.2048889,火曜,その他
防府,178,負傷,0,1,市道,防府市,2023,11,14,7,17,1昼明,晴,市街地,舗装　乾燥,直路,施設なし,対象外当事者,対象外当事者,対象外当事者,対象外当事者,単路　3.5m以上,直路,単独（交差点付近を含む）,規制なし,車両相互,35～44歳,01～24歳,普通乗用,自転車,自家用,自転車,損傷なし,負傷,34.060015,131.5949586,火曜,その他
長門,49,負傷,0,1,市道,長門市,2023,11,14,9,36,2昼,晴,市街地,舗装　乾燥,カーブ,施設なし,対象外当事者,対象外当事者,対象外当事者,対象外当事者,単路　5.5m以上,カーブ右,単独（交差点付近を含む）,規制なし,車両単独,45～54歳,不明,軽貨物,物件等,自家用,対象外当事者,損傷なし,対象外当事者,34.39966667,131.0216808,火曜,その他
山口,162,負傷,0,1,市道,山口市,2023,11,14,17,38,4夜暮,晴,市街地,舗装　乾燥,交差点,施設なし,標識　規制なし,表示なし,標識　標準　反射式,表示あり,交差点　中　小,直路,交差点内,規制なし,車両相互,35～44歳,75歳以上,普通乗用,軽乗用,自家用,自家用,負傷,損傷なし,34.17157972,131.4506214,火曜,その他
高速隊,53,負傷,0,1,宇部有料,山口市,2023,11,14,17,54,4夜暮,晴,非市街地,舗装　乾燥,直路,施設なし,対象外当事者,対象外当事者,対象外当事者,対象外当事者,単路　3.5m以上,直路,単独（交差点付近を含む）,規制なし,車両相互,45～54歳,45～54歳,普通乗用,軽乗用,自家用,自家用,負傷,損傷なし,34.15063278,131.4274719,火曜,その他
下松,77,負傷,0,1,県道,下松市,2023,11,14,18,14,5夜,晴,市街地,舗装　乾燥,交差点,点灯３灯式,標識　規制なし,表示なし,標識　規制なし,表示なし,交差点　大　小,直路,交差点内,規制なし,車両相互,55～64歳,25～34歳,普通乗用,普通乗用,自家用,自家用,損傷なし,負傷,34.02291944,131.8581006,火曜,その他
美祢,28,負傷,0,1,国道316号,美祢市,2023,11,15,15,6,2昼,晴,市街地,舗装　乾燥,直路,施設なし,対象外当事者,対象外当事者,対象外当事者,対象外当事者,単路　3.5m以上,直路,単独（交差点付近を含む）,規制なし,車両相互,45～54歳,65～74歳,大型貨物,普通乗用,事業用,自家用,損傷なし,負傷,34.12530444,131.1905722,水曜,その他
宇部,289,負傷,0,1,市道,宇部市,2023,11,15,16,30,3昼暮,晴,市街地,舗装　乾燥,直路,施設なし,対象外当事者,対象外当事者,対象外当事者,対象外当事者,単路　5.5m以上,直路,単独（交差点付近を含む）,規制なし,人対車両,01～24歳,35～44歳,自転車,歩行者,自転車,対象外当事者,損傷なし,負傷,33.9583675,131.2555317,水曜,その他
下松,79,負傷,0,2,県道,下松市,2023,11,15,17,31,4夜暮,晴,市街地,舗装　乾燥,直路,施設なし,対象外当事者,対象外当事者,対象外当事者,対象外当事者,単路　5.5m以上,直路,単独（交差点付近を含む）,規制なし,車両相互,65～74歳,25～34歳,普通乗用,軽乗用,自家用,自家用,負傷,損傷なし,34.01586139,131.8466358,水曜,その他
萩,37,負傷,0,1,県道,萩市,2023,11,16,6,17,6夜明,晴,市街地,舗装　乾燥,交差点,施設なし,標識　規制なし,表示なし,標識　規制なし,表示なし,交差点　大　中,直路,交差点内,規制なし,車両相互,25～34歳,01～24歳,軽乗用,自転車,自家用,自転車,損傷なし,負傷,34.39442778,131.4009467,木曜,その他
宇部,287,負傷,0,1,市道,宇部市,2023,11,16,9,18,2昼,曇,非市街地,舗装　乾燥,直路,施設なし,対象外当事者,対象外当事者,対象外当事者,対象外当事者,単路　5.5m以上,直路,単独（交差点付近を含む）,規制なし,車両相互,75歳以上,75歳以上,普通乗用,普通乗用,自家用,自家用,損傷なし,負傷,33.9657025,131.2328178,木曜,その他
柳井,101,負傷,0,1,県道,上関町,2023,11,16,14,47,2昼,曇,非市街地,舗装　乾燥,カーブ,施設なし,対象外当事者,対象外当事者,対象外当事者,対象外当事者,単路　5.5m以上,カーブ右,単独（交差点付近を含む）,規制なし,車両相互,75歳以上,65～74歳,普通乗用,軽乗用,自家用,自家用,損傷なし,負傷,33.85717306,132.1178869,木曜,その他
周南,198,負傷,0,1,国道489号,周南市,2023,11,16,17,25,4夜暮,雨,非市街地,舗装　湿潤,交差点,施設なし,標識　規制なし,表示なし,標識　規制なし,表示なし,交差点　小　小,直路,交差点内,規制なし,車両相互,65～74歳,65～74歳,軽乗用,軽貨物,自家用,自家用,損傷なし,負傷,34.12344389,131.7349856,木曜,その他
周南,199,負傷,0,1,国道２号,周南市,2023,11,16,18,22,5夜,雨,市街地,舗装　乾燥,直路,施設なし,対象外当事者,対象外当事者,対象外当事者,対象外当事者,単路　5.5m以上,直路,単独（交差点付近を含む）,規制なし,車両相互,01～24歳,45～54歳,普通乗用,普通乗用,自家用,自家用,損傷なし,負傷,34.06589556,131.8001067,木曜,その他
山口,160,負傷,0,1,県道,山口市,2023,11,16,19,37,5夜,雨,非市街地,舗装　湿潤,直路,施設なし,対象外当事者,対象外当事者,対象外当事者,対象外当事者,単路　3.5m未満,直路,単独（交差点付近を含む）,規制なし,車両相互,65～74歳,01～24歳,軽乗用,自転車,自家用,自転車,損傷なし,負傷,34.16279833,131.45398,木曜,その他
下関,272,負傷,0,1,市道,下関市,2023,11,17,1,53,5夜,晴,市街地,舗装　湿潤,直路,施設なし,対象外当事者,対象外当事者,対象外当事者,対象外当事者,単路　3.5m以上,直路,単独（交差点付近を含む）,規制なし,車両相互,55～64歳,01～24歳,普通乗用,軽乗用,事業用,自家用,負傷,損傷なし,33.98079778,130.9244153,金曜,その他
宇部,292,負傷,0,1,県道,宇部市,2023,11,17,7,27,1昼明,曇,市街地,舗装　湿潤,直路,施設なし,対象外当事者,対象外当事者,対象外当事者,対象外当事者,単路　3.5m以上,直路,単独（交差点付近を含む）,規制なし,車両相互,25～34歳,45～54歳,普通乗用,軽乗用,自家用,自家用,負傷,損傷なし,33.96194194,131.2272486,金曜,その他
柳井,104,負傷,0,1,国道188号,柳井市,2023,11,17,7,55,2昼,晴,市街地,舗装　乾燥,直路,施設なし,対象外当事者,対象外当事者,対象外当事者,対象外当事者,単路　5.5m以上,直路,単独（交差点付近を含む）,規制なし,車両相互,45～54歳,75歳以上,軽乗用,軽貨物,自家用,自家用,負傷,損傷なし,33.963755,132.1800542,金曜,その他
岩国,184,負傷,0,1,国道188号,岩国市,2023,11,17,13,14,2昼,曇,市街地,舗装　乾燥,交差点,施設なし,標識　規制なし,表示なし,標識　規制なし,表示なし,交差点　小　小,直路,交差点内,規制なし,車両相互,55～64歳,45～54歳,普通乗用,原付二種　51～125cc,自家用,自家用,損傷なし,負傷,34.08438333,132.2090483,金曜,その他
長府,119,負傷,0,1,国道491号,下関市,2023,11,17,14,41,2昼,曇,市街地,舗装　湿潤,直路,施設なし,対象外当事者,対象外当事者,対象外当事者,対象外当事者,単路　9.0m以上,直路,単独（交差点付近を含む）,規制なし,車両相互,55～64歳,25～34歳,軽乗用,軽乗用,自家用,自家用,損傷なし,負傷,34.05344889,131.0204939,金曜,その他
岩国,185,負傷,0,1,国道188号,岩国市,2023,11,17,17,17,4夜暮,晴,市街地,舗装　乾燥,交差点,施設なし,標識　規制なし,表示なし,標識　規制なし,表示なし,交差点　中　中,直路,交差点内,規制なし,車両相互,55～64歳,45～54歳,普通乗用,軽二輪　126～250cc,自家用,自家用,損傷なし,負傷,34.04058944,132.2135961,金曜,その他
宇部,285,負傷,0,1,市道,宇部市,2023,11,17,17,25,4夜暮,雨,市街地,舗装　湿潤,直路,施設なし,対象外当事者,対象外当事者,対象外当事者,対象外当事者,単路　3.5m未満,直路,単独（交差点付近を含む）,規制なし,車両相互,65～74歳,25～34歳,普通乗用,軽乗用,自家用,自家用,損傷なし,負傷,33.96328833,131.2509136,金曜,その他
柳井,111,負傷,0,1,国道188号,柳井市,2023,11,17,17,50,4夜暮,曇,市街地,舗装　乾燥,直路,施設なし,対象外当事者,対象外当事者,対象外当事者,対象外当事者,単路　5.5m以上,直路,単独（交差点付近を含む）,規制なし,車両相互,55～64歳,35～44歳,普通乗用,軽乗用,自家用,自家用,負傷,損傷なし,33.9595375,132.1658525,金曜,その他
山陽小野田,91,負傷,0,1,国道190号,山陽小野田市,2023,11,17,17,55,4夜暮,雨,市街地,舗装　湿潤,直路,施設なし,対象外当事者,対象外当事者,対象外当事者,対象外当事者,単路　9.0m以上,直路,単独（交差点付近を含む）,規制なし,車両相互,45～54歳,35～44歳,軽乗用,軽乗用,自家用,自家用,損傷なし,負傷,34.0099625,131.1700783,金曜,その他
下松,80,負傷,0,1,国道２号,下松市,2023,11,17,17,55,4夜暮,曇,市街地,舗装　乾燥,直路,施設なし,対象外当事者,対象外当事者,対象外当事者,対象外当事者,単路　9.0m以上,直路,単独（交差点付近を含む）,規制なし,車両相互,65～74歳,55～64歳,普通乗用,軽乗用,自家用,自家用,損傷なし,損傷なし,34.03255306,131.8572533,金曜,その他
長府,115,負傷,0,1,市道,下関市,2023,11,17,17,57,4夜暮,曇,市街地,舗装　湿潤,交差点,施設なし,標識　標準　反射式,表示なし,対象外当事者,対象外当事者,交差点　中　中,直路,交差点内,規制なし,人対車両,45～54歳,25～34歳,普通乗用,歩行者,自家用,対象外当事者,損傷なし,負傷,34.01225417,130.9900506,金曜,その他
山口,170,負傷,0,1,市道,山口市,2023,11,17,19,22,5夜,雨,非市街地,舗装　湿潤,直路,施設なし,対象外当事者,対象外当事者,対象外当事者,対象外当事者,単路　3.5m以上,直路,単独（交差点付近を含む）,ゾーン３０,人対車両,55～64歳,45～54歳,軽乗用,歩行者,自家用,対象外当事者,損傷なし,負傷,34.14359194,131.4361872,金曜,その他
下関,280,負傷,0,2,国道191号,下関市,2023,11,17,20,52,5夜,雨,市街地,舗装　湿潤,交差点,点灯３灯式,標識　規制なし,表示なし,標識　規制なし,表示なし,交差点　中　中,カーブ右,交差点内,規制なし,車両相互,01～24歳,45～54歳,普通乗用,軽乗用,自家用,自家用,損傷なし,損傷なし,33.95750333,130.9212103,金曜,その他
長門,47,負傷,0,1,市道,長門市,2023,11,18,7,51,2昼,雪,非市街地,舗装　乾燥,カーブ,施設なし,対象外当事者,対象外当事者,対象外当事者,対象外当事者,単路　3.5m以上,カーブ右,単独（交差点付近を含む）,規制なし,車両相互,45～54歳,35～44歳,中型貨物,軽乗用,自家用,自家用,損傷なし,負傷,34.35796778,131.3256944,土曜,その他
柳井,112,負傷,0,1,国道188号,柳井市,2023,11,18,11,5,2昼,晴,市街地,舗装　乾燥,直路,施設なし,対象外当事者,対象外当事者,対象外当事者,対象外当事者,単路　9.0m以上,直路,単独（交差点付近を含む）,規制なし,車両相互,55～64歳,75歳以上,普通乗用,軽乗用,自家用,自家用,負傷,損傷なし,33.96088389,132.1022872,土曜,その他
宇部,288,負傷,0,1,市道,宇部市,2023,11,18,11,40,2昼,曇,非市街地,舗装　乾燥,直路,施設なし,対象外当事者,対象外当事者,対象外当事者,対象外当事者,単路　5.5m以上,直路,単独（交差点付近を含む）,規制なし,車両相互,45～54歳,45～54歳,中型貨物,普通乗用,事業用,自家用,負傷,損傷なし,33.98124083,131.2048514,土曜,その他
岩国,193,負傷,0,2,国道２号,岩国市,2023,11,18,13,8,2昼,晴,市街地,舗装　乾燥,交差点,施設なし,標識　規制なし,表示なし,標識　規制なし,表示なし,交差点　大　中,カーブ右,交差点内,規制なし,車両相互,65～74歳,55～64歳,普通乗用,普通乗用,自家用,自家用,損傷なし,負傷,34.18911972,132.2296575,土曜,その他
岩国,192,負傷,0,1,県道,和木町,2023,11,19,5,11,5夜,晴,市街地,舗装　乾燥,交差点,点灯３灯式,標識　規制なし,表示なし,対象外当事者,対象外当事者,交差点　大　小,直路,交差点内,規制なし,人対車両,55～64歳,75歳以上,普通乗用,歩行者,事業用,対象外当事者,損傷なし,負傷,34.20637861,132.2184356,日曜,その他
防府,184,負傷,0,1,県道,防府市,2023,11,19,16,58,3昼暮,晴,市街地,舗装　乾燥,直路,施設なし,対象外当事者,対象外当事者,対象外当事者,対象外当事者,単路　9.0m以上,直路,単独（交差点付近を含む）,規制なし,車両相互,25～34歳,55～64歳,普通乗用,普通貨物,自家用,自家用,負傷,損傷なし,34.04215806,131.4811494,日曜,その他
山口,166,負傷,0,1,国道262号,山口市,2023,11,19,18,50,5夜,晴,非市街地,舗装　乾燥,交差点,施設なし,標識　規制なし,表示なし,標識　規制なし,表示なし,交差点　大　小,直路,交差点内,規制なし,車両相互,55～64歳,35～44歳,普通乗用,軽乗用,自家用,自家用,損傷なし,負傷,34.12301583,131.5291919,日曜,その他
長府,113,負傷,0,1,国道491号,下関市,2023,11,20,7,44,1昼明,晴,市街地,舗装　乾燥,交差点付近,点灯３灯式,対象外当事者,対象外当事者,対象外当事者,対象外当事者,単路　13.0m以上,直路,単独（交差点付近を含む）,規制なし,車両相互,45～54歳,55～64歳,軽乗用,軽貨物,自家用,自家用,負傷,損傷なし,34.13008444,131.0031439,月曜,その他
柳井,106,負傷,0,1,市道,柳井市,2023,11,20,12,9,2昼,晴,市街地,舗装　乾燥,直路,施設なし,対象外当事者,対象外当事者,対象外当事者,対象外当事者,単路　5.5m以上,直路,単独（交差点付近を含む）,規制なし,車両相互,25～34歳,65～74歳,普通乗用,軽乗用,自家用,自家用,負傷,損傷なし,33.96554528,132.1024061,月曜,その他
山口,168,負傷,0,1,一般の交通の用に供するその他の道路,山口市,2023,11,20,13,17,2昼,晴,市街地,舗装　乾燥,その他,施設なし,対象外当事者,対象外当事者,対象外当事者,対象外当事者,一般交通の場所,一般交通の場所,単独（交差点付近を含む）,規制なし,車両相互,75歳以上,75歳以上,軽乗用,自転車,自家用,自転車,損傷なし,負傷,34.19492167,131.5013167,月曜,その他
山陽小野田,94,負傷,0,1,市道,山陽小野田市,2023,11,20,14,53,2昼,晴,非市街地,舗装　乾燥,交差点,点灯３灯式,標識　規制なし,表示なし,対象外当事者,対象外当事者,交差点　中　中,直路,交差点内,規制なし,人対車両,75歳以上,25～34歳,軽乗用,歩行者,自家用,対象外当事者,損傷なし,負傷,33.9992525,131.1783628,月曜,その他
光,71,負傷,0,1,国道188号,光市,2023,11,20,16,50,3昼暮,晴,市街地,舗装　乾燥,直路,施設なし,対象外当事者,対象外当事者,対象外当事者,対象外当事者,単路　5.5m以上,直路,単独（交差点付近を含む）,規制なし,車両相互,65～74歳,55～64歳,普通乗用,軽乗用,自家用,自家用,損傷なし,負傷,33.97277028,131.9196792,月曜,その他
山口南,109,負傷,0,1,国道９号,山口市,2023,11,20,17,40,4夜暮,晴,市街地,舗装　乾燥,直路,施設なし,対象外当事者,対象外当事者,対象外当事者,対象外当事者,単路　3.5m以上,直路,単独（交差点付近を含む）,規制なし,車両相互,35～44歳,45～54歳,普通乗用,自転車,自家用,自転車,損傷なし,負傷,34.10047639,131.3932844,月曜,その他
岩国,196,負傷,0,1,国道188号,岩国市,2023,11,20,19,19,5夜,晴,市街地,舗装　乾燥,直路,施設なし,対象外当事者,対象外当事者,対象外当事者,対象外当事者,単路　3.5m以上,直路,単独（交差点付近を含む）,規制なし,車両相互,45～54歳,45～54歳,軽乗用,自転車,自家用,自転車,損傷なし,負傷,34.04599167,132.2127233,月曜,その他
岩国,186,負傷,0,1,市道,岩国市,2023,11,21,8,3,2昼,晴,非市街地,舗装　乾燥,交差点,施設なし,標識　規制なし,表示なし,標識　規制なし,表示なし,交差点　小　小,直路,交差点内,規制なし,車両相互,01～24歳,75歳以上,軽乗用,軽貨物,自家用,自家用,負傷,損傷なし,34.04497417,132.1969325,火曜,その他
山口,169,負傷,0,2,一般の交通の用に供するその他の道路,山口市,2023,11,21,10,36,2昼,晴,市街地,舗装　乾燥,その他,施設なし,対象外当事者,対象外当事者,対象外当事者,対象外当事者,一般交通の場所,一般交通の場所,単独（交差点付近を含む）,規制なし,車両相互,55～64歳,55～64歳,普通乗用,軽乗用,事業用,自家用,損傷なし,負傷,34.16124972,131.4503469,火曜,その他
防府,182,負傷,0,2,国道２号,防府市,2023,11,21,16,4,2昼,晴,非市街地,舗装　乾燥,直路,施設なし,対象外当事者,対象外当事者,対象外当事者,対象外当事者,単路　9.0m以上,直路,単独（交差点付近を含む）,規制なし,車両相互,75歳以上,55～64歳,普通乗用,普通貨物,自家用,自家用,負傷,損傷なし,34.04866444,131.5144425,火曜,その他
山口南,111,負傷,0,1,市道,山口市,2023,11,21,17,22,4夜暮,晴,市街地,舗装　乾燥,交差点付近,点灯３灯式,対象外当事者,対象外当事者,対象外当事者,対象外当事者,単路　5.5m以上,直路,単独（交差点付近を含む）,規制なし,車両相互,45～54歳,75歳以上,軽乗用,原付一種,自家用,自家用,損傷なし,負傷,34.09598389,131.4057006,火曜,その他
山口,165,負傷,0,1,市道,山口市,2023,11,21,18,2,4夜暮,晴,市街地,舗装　乾燥,直路,施設なし,対象外当事者,対象外当事者,対象外当事者,対象外当事者,単路　5.5m以上,直路,単独（交差点付近を含む）,規制なし,車両相互,65～74歳,45～54歳,軽乗用,自転車,自家用,自転車,損傷なし,負傷,34.16928861,131.4782033,火曜,その他
下松,81,負傷,0,1,市道,下松市,2023,11,21,20,30,5夜,晴,市街地,舗装　乾燥,交差点,点灯３灯式,標識　規制なし,表示なし,対象外当事者,対象外当事者,交差点　中　中,直路,交差点内,規制なし,人対車両,25～34歳,55～64歳,普通乗用,歩行者,自家用,対象外当事者,損傷なし,負傷,34.007455,131.8707217,火曜,その他
光,77,負傷,0,1,県道,周南市,2023,11,22,5,23,5夜,晴,非市街地,舗装　乾燥,交差点,点灯３灯式,標識　その他,表示なし,対象外当事者,対象外当事者,交差点　中　小,直路,単独（交差点付近を含む）,規制なし,人対車両,75歳以上,55～64歳,軽乗用,歩行者,自家用,対象外当事者,損傷なし,負傷,34.02650722,131.9326469,水曜,前日
宇部,290,負傷,0,1,市道,宇部市,2023,11,22,8,30,2昼,晴,市街地,舗装　乾燥,交差点,施設なし,標識　規制なし,表示なし,標識　規制なし,表示なし,交差点　中　小,直路,交差点内,規制なし,車両相互,25～34歳,75歳以上,軽乗用,自転車,自家用,自転車,損傷なし,負傷,33.96961139,131.2617608,水曜,前日
下関,279,負傷,0,1,市道,下関市,2023,11,22,9,47,2昼,晴,市街地,舗装　乾燥,交差点,施設なし,標識　標準　反射式,表示なし,対象外当事者,対象外当事者,交差点　中　中,直路,交差点内,規制なし,人対車両,45～54歳,75歳以上,軽乗用,歩行者,自家用,対象外当事者,損傷なし,負傷,33.99296833,130.9388283,水曜,前日
柳井,109,負傷,0,1,国道437号,柳井市,2023,11,22,10,32,2昼,晴,非市街地,舗装　乾燥,交差点,施設なし,標識　規制なし,表示なし,標識　規制なし,表示なし,交差点　中　中,直路,交差点内,規制なし,車両相互,65～74歳,55～64歳,軽貨物,軽二輪　126～250cc,自家用,自家用,損傷なし,負傷,34.01936639,132.1562436,水曜,前日
光,72,負傷,0,1,県道,周南市,2023,11,22,11,52,2昼,晴,非市街地,舗装　乾燥,直路,施設なし,対象外当事者,対象外当事者,対象外当事者,対象外当事者,単路　5.5m以上,直路,単独（交差点付近を含む）,規制なし,車両相互,45～54歳,65～74歳,普通乗用,軽貨物,自家用,自家用,負傷,損傷なし,34.05372056,131.9697325,水曜,前日
山口南,115,負傷,0,1,県道,山口市,2023,11,22,11,57,2昼,晴,非市街地,舗装　乾燥,交差点付近,施設なし,対象外当事者,対象外当事者,対象外当事者,対象外当事者,単路　5.5m以上,直路,単独（交差点付近を含む）,規制なし,車両相互,35～44歳,45～54歳,軽乗用,軽貨物,自家用,自家用,負傷,損傷なし,34.1057025,131.4051839,水曜,前日
下関,276,負傷,0,1,県道,下関市,2023,11,22,12,30,2昼,晴,市街地,舗装　乾燥,交差点,施設なし,標識　標準　反射式,表示あり,標識　規制なし,表示なし,交差点　大　小,直路,交差点内,規制なし,車両相互,75歳以上,65～74歳,普通乗用,原付二種　51～125cc,自家用,自家用,損傷なし,負傷,33.98010667,130.9322258,水曜,前日
下関,274,負傷,0,2,市道,下関市,2023,11,22,14,18,2昼,晴,市街地,舗装　乾燥,直路,施設なし,対象外当事者,対象外当事者,対象外当事者,対象外当事者,単路　3.5m以上,直路,単独（交差点付近を含む）,規制なし,車両相互,45～54歳,45～54歳,普通乗用,軽貨物,自家用,自家用,負傷,損傷なし,33.96087639,130.9460736,水曜,前日
光,76,負傷,0,1,国道188号,光市,2023,11,22,14,31,2昼,晴,市街地,舗装　乾燥,交差点,点灯３灯式,標識　規制なし,表示なし,標識　規制なし,表示なし,交差点　大　大,直路,交差点内,規制なし,車両相互,25～34歳,65～74歳,普通乗用,普通乗用,自家用,自家用,負傷,損傷なし,33.97103028,131.9269764,水曜,前日
岩国,203,負傷,0,1,その他,岩国市,2023,11,22,14,56,2昼,晴,市街地,舗装　乾燥,その他,施設なし,対象外当事者,対象外当事者,対象外当事者,対象外当事者,一般交通の場所,一般交通の場所,単独（交差点付近を含む）,規制なし,車両相互,75歳以上,65～74歳,普通乗用,軽乗用,事業用,自家用,損傷なし,負傷,34.16717111,132.2191897,水曜,前日
防府,183,負傷,0,1,県道,防府市,2023,11,22,16,38,3昼暮,晴,市街地,舗装　乾燥,交差点,施設なし,標識　規制なし,表示なし,標識　規制なし,表示なし,交差点　大　小,直路,交差点内,規制なし,車両相互,65～74歳,01～24歳,普通貨物,自転車,自家用,自転車,損傷なし,負傷,34.05214222,131.5746911,水曜,前日
岩国,187,負傷,0,1,国道188号,岩国市,2023,11,22,17,26,4夜暮,晴,市街地,舗装　乾燥,交差点,点灯３灯式,標識　規制なし,表示あり,標識　規制なし,表示あり,交差点　中　中,直路,交差点内,規制なし,車両相互,55～64歳,35～44歳,軽乗用,原付一種,自家用,自家用,損傷なし,負傷,34.12758417,132.1993331,水曜,前日
宇部,323,負傷,0,6,国道190号,宇部市,2023,11,22,20,7,5夜,晴,市街地,舗装　乾燥,直路,施設なし,対象外当事者,対象外当事者,対象外当事者,対象外当事者,単路　5.5m以上,直路,単独（交差点付近を含む）,規制なし,車両相互,01～24歳,25～34歳,普通乗用,軽乗用,自家用,自家用,負傷,負傷,33.97713139,131.2095281,水曜,前日
防府,185,負傷,0,1,市道,防府市,2023,11,23,6,57,1昼明,晴,市街地,舗装　乾燥,交差点,点灯３灯式,標識　規制なし,表示なし,標識　規制なし,表示なし,交差点　大　中,直路,交差点内,規制なし,車両相互,55～64歳,25～34歳,軽乗用,軽乗用,自家用,自家用,損傷なし,負傷,34.04099722,131.5738444,木曜,当日
下関,277,負傷,0,1,市道,下関市,2023,11,23,9,44,2昼,晴,市街地,舗装　乾燥,交差点付近,施設なし,対象外当事者,対象外当事者,対象外当事者,対象外当事者,単路　5.5m以上,直路,単独（交差点付近を含む）,規制なし,車両相互,65～74歳,75歳以上,普通乗用,自転車,自家用,自転車,損傷なし,負傷,33.95551944,130.9233569,木曜,当日
柳井,107,負傷,0,1,県道,田布施町,2023,11,23,10,6,2昼,晴,非市街地,舗装　乾燥,交差点,施設なし,標識　規制なし,表示なし,標識　規制なし,表示なし,交差点　中　中,カーブ左,交差点内,規制なし,車両相互,65～74歳,65～74歳,普通乗用,軽乗用,自家用,自家用,損傷なし,負傷,33.96426417,132.0240083,木曜,当日
山口南,113,負傷,0,1,県道,山口市,2023,11,23,19,22,5夜,晴,市街地,舗装　乾燥,交差点,点灯３灯式,標識　規制なし,表示なし,標識　規制なし,表示なし,交差点　中　中,直路,交差点内,規制なし,車両相互,65～74歳,25～34歳,軽乗用,自転車,自家用,自転車,損傷なし,負傷,34.09479028,131.3928603,木曜,当日
宇部,296,負傷,0,1,県道,宇部市,2023,11,24,7,40,1昼明,曇,市街地,舗装　乾燥,交差点付近,施設なし,対象外当事者,対象外当事者,対象外当事者,対象外当事者,単路　3.5m未満,直路,単独（交差点付近を含む）,規制なし,車両相互,65～74歳,25～34歳,普通乗用,自転車,自家用,自転車,損傷なし,負傷,33.99630194,131.2268508,金曜,その他
周南,10,負傷,0,1,市道,周南市,2022,11,24,8,8,2昼,晴,市街地,舗装　乾燥,カーブ,施設なし,対象外当事者,対象外当事者,対象外当事者,対象外当事者,単路　5.5m以上,カーブ右,単独（交差点付近を含む）,規制なし,車両相互,65～74歳,01～24歳,普通乗用,駆動補助装置付自転車,自家用,自転車,損傷なし,負傷,34.03985417,131.8445658,木曜,その他