警察署,本票番号,事故内容,死者数,負傷者数,路線,市町村名,発生日時　　年,発生日時　　月,発生日時　　日,発生日時　　時,発生日時　　分,昼夜,天候,地形,路面状態,道路形状,信号機,一時停止規制標識（当事者A）,一時停止規制表示（当事者A）,一時停止規制標識（当事者B）,一時停止規制表示（当事者B）,車道幅員,道路線形,衝突地点,ゾーン規制,事故類型,年齢（当事者A）,年齢（当事者B）,当事者種別（当事者A）,当事者種別（当事者B）,用途別（当事者A）,用途別（当事者B）,人身損傷程度（当事者A）,人身損傷程度（当事者B）,緯度,経度,曜日,祝日
下松,82,負傷,0,1,市道,下松市,2023,11,24,8,20,2昼,晴,市街地,舗装　乾燥,交差点,施設なし,標識　標準　反射式,表示なし,標識　規制なし,表示なし,交差点　中　小,直路,交差点内,規制なし,車両相互,45～54歳,65～74歳,軽乗用,原付一種,自家用,自家用,損傷なし,負傷,34.00890528,131.8748889,金曜,その他
周南,204,負傷,0,1,県道,周南市,2023,11,24,8,24,2昼,曇,市街地,舗装　乾燥,直路,施設なし,対象外当事者,対象外当事者,対象外当事者,対象外当事者,単路　3.5m未満,直路,単独（交差点付近を含む）,規制なし,人対車両,01～24歳,25～34歳,自転車,歩行者,自転車,対象外当事者,損傷なし,負傷,34.05593111,131.8026133,金曜,その他
防府,189,負傷,0,1,市道,防府市,2023,11,24,8,43,2昼,曇,市街地,舗装　乾燥,直路,施設なし,対象外当事者,対象外当事者,対象外当事者,対象外当事者,単路　3.5m以上,直路,単独（交差点付近を含む）,規制なし,車両相互,25～34歳,01～24歳,準中型貨物,軽乗用,事業用,自家用,負傷,損傷なし,34.02207278,131.5447803,金曜,その他
山口南,112,負傷,0,1,国道190号,山口市,2023,11,24,9,58,2昼,晴,非市街地,舗装　乾燥,直路,施設なし,対象外当事者,対象外当事者,対象外当事者,対象外当事者,単路　9.0m以上,直路,単独（交差点付近を含む）,規制なし,車両相互,45～54歳,75歳以上,中型貨物,軽乗用,自家用,自家用,負傷,損傷なし,34.04144889,131.3620631,金曜,その他
防府,196,負傷,0,2,市道,防府市,2023,11,24,12,17,2昼,晴,市街地,舗装　乾燥,交差点,施設なし,標識　規制なし,表示なし,標識　規制なし,表示なし,交差点　小　小,直路,交差点内,規制なし,車両相互,65～74歳,45～54歳,軽乗用,自転車,自家用,自転車,負傷,負傷,34.04783417,131.5778225,金曜,その他
宇部,291,負傷,0,2,市道,宇部市,2023,11,24,12,35,2昼,晴,非市街地,舗装　乾燥,交差点,施設なし,標識　規制なし,表示なし,標識　規制なし,表示なし,交差点　中　中,直路,交差点内,規制なし,車両相互,65～74歳,45～54歳,軽乗用,軽貨物,自家用,事業用,負傷,負傷,33.96113972,131.3077428,金曜,その他
下関,283,負傷,0,1,県道,下関市,2023,11,24,12,40,2昼,曇,市街地,舗装　乾燥,交差点,施設なし,標識　標準　反射式,表示あり,標識　規制なし,表示なし,交差点　小　小,直路,交差点内,規制なし,車両相互,75歳以上,65～74歳,軽乗用,自転車,自家用,自転車,損傷なし,負傷,33.98502972,130.9323392,金曜,その他
山口,171,負傷,0,1,県道,山口市,2023,11,24,12,48,2昼,晴,市街地,舗装　乾燥,直路,施設なし,対象外当事者,対象外当事者,対象外当事者,対象外当事者,単路　3.5m未満,直路,単独（交差点付近を含む）,規制なし,車両相互,25～34歳,35～44歳,普通乗用,軽貨物,自家用,自家用,負傷,損傷なし,34.14925444,131.4336817,金曜,その他
防府,199,負傷,0,1,市道,防府市,2023,11,24,13,22,2昼,曇,市街地,舗装　乾燥,交差点付近,施設なし,対象外当事者,対象外当事者,対象外当事者,対象外当事者,単路　5.5m以上,直路,単独（交差点付近を含む）,規制なし,車両相互,35～44歳,55～64歳,普通乗用,軽乗用,自家用,自家用,負傷,損傷なし,34.04316556,131.5577903,金曜,その他
宇部,295,負傷,0,1,国道２号,宇部市,2023,11,24,16,12,3昼暮,晴,非市街地,舗装　乾燥,交差点,点灯３灯式,標識　規制なし,表示なし,標識　規制なし,表示なし,交差点　大　中,直路,交差点内,規制なし,車両相互,65～74歳,25～34歳,軽乗用,小型二輪　251～400cc,自家用,自家用,損傷なし,負傷,34.05642944,131.3187508,金曜,その他
宇部,294,負傷,0,1,県道,宇部市,2023,11,24,17,33,4夜暮,晴,市街地,舗装　乾燥,交差点,点灯３灯式,標識　規制なし,表示なし,対象外当事者,対象外当事者,交差点　中　中,直路,交差点内,規制なし,人対車両,35～44歳,35～44歳,普通乗用,歩行者,自家用,対象外当事者,損傷なし,負傷,33.99692778,131.2200264,金曜,その他
山口,167,負傷,0,1,県道,山口市,2023,11,25,11,20,2昼,晴,市街地,舗装　乾燥,交差点,施設なし,標識　規制なし,表示なし,対象外当事者,対象外当事者,交差点　中　小,直路,交差点内,規制なし,人対車両,25～34歳,75歳以上,軽乗用,歩行者,自家用,対象外当事者,損傷なし,負傷,34.17465389,131.4785042,土曜,その他
防府,193,負傷,0,1,市道,防府市,2023,11,25,11,50,2昼,晴,市街地,舗装　乾燥,交差点,施設なし,標識　標準　反射式,表示あり,標識　規制なし,表示なし,交差点　中　小,直路,交差点内,規制なし,車両相互,75歳以上,35～44歳,普通乗用,軽乗用,自家用,自家用,損傷なし,負傷,34.05723611,131.5771406,土曜,その他
山口,182,負傷,0,1,市道,山口市,2023,11,25,12,14,2昼,晴,非市街地,舗装　乾燥,交差点,施設なし,標識　規制なし,表示なし,標識　標準　反射式,表示なし,交差点　中　小,直路,交差点内,規制なし,車両相互,01～24歳,55～64歳,軽乗用,自転車,自家用,自転車,損傷なし,負傷,34.16566806,131.4571767,土曜,その他
岩国,195,負傷,0,1,国道188号,岩国市,2023,11,25,12,51,2昼,晴,市街地,舗装　乾燥,直路,施設なし,対象外当事者,対象外当事者,対象外当事者,対象外当事者,単路　5.5m以上,直路,単独（交差点付近を含む）,規制なし,車両相互,45～54歳,55～64歳,普通乗用,普通乗用,事業用,自家用,損傷なし,負傷,34.11714278,132.1989072,土曜,その他
長府,111,負傷,0,1,市道,下関市,2023,11,25,14,3,2昼,晴,非市街地,舗装　乾燥,交差点,施設なし,標識　標準　反射式,表示あり,標識　標準　反射式,表示あり,交差点　小　小,直路,交差点内,規制なし,車両相互,45～54歳,35～44歳,普通乗用,軽二輪　126～250cc,自家用,自家用,損傷なし,負傷,33.99891417,130.9851694,土曜,その他
下関,273,負傷,0,1,国道191号,下関市,2023,11,25,15,23,2昼,晴,市街地,舗装　乾燥,直路,施設なし,対象外当事者,対象外当事者,対象外当事者,対象外当事者,単路　3.5m未満,直路,単独（交差点付近を含む）,規制なし,車両相互,01～24歳,01～24歳,普通乗用,軽二輪　126～250cc,自家用,自家用,損傷なし,負傷,33.98416444,130.9195414,土曜,その他
長府,5,負傷,0,1,国道９号,下関市,2022,11,25,15,38,2昼,晴,市街地,舗装　乾燥,交差点,点灯３灯式,標識　規制なし,表示なし,対象外当事者,対象外当事者,交差点　中　中,直路,交差点内,規制なし,人対車両,65～74歳,01～24歳,中型貨物,歩行者,事業用,対象外当事者,損傷なし,負傷,33.98685139,130.9891789,金曜,その他
宇部,325,負傷,0,1,市道,宇部市,2023,11,25,17,15,4夜暮,晴,市街地,舗装　乾燥,直路,施設なし,対象外当事者,対象外当事者,対象外当事者,対象外当事者,単路　9.0m以上,直路,単独（交差点付近を含む）,規制なし,車両相互,75歳以上,01～24歳,普通乗用,自転車,自家用,自転車,損傷なし,負傷,33.951695,131.2762361,土曜,その他
下関,3,負傷,0,1,県道,下関市,2022,11,25,17,23,4夜暮,晴,市街地,舗装　乾燥,交差点,点灯３灯式,標識　規制なし,表示なし,標識　規制なし,表示なし,交差点　大　中,直路,交差点内,規制なし,車両相互,01～24歳,55～64歳,軽乗用,軽乗用,自家用,自家用,損傷なし,負傷,34.01520972,130.9536136,金曜,その他
宇部,300,負傷,0,3,県道,宇部市,2023,11,25,17,28,4夜暮,晴,非市街地,舗装　乾燥,直路,施設なし,対象外当事者,対象外当事者,対象外当事者,対象外当事者,単路　3.5m以上,直路,単独（交差点付近を含む）,規制なし,車両相互,45～54歳,01～24歳,普通乗用,軽乗用,自家用,自家用,損傷なし,負傷,33.95346833,131.25517,土曜,その他
下関,6,負傷,0,1,市道,下関市,2022,11,25,17,30,4夜暮,晴,市街地,舗装　乾燥,直路,施設なし,対象外当事者,対象外当事者,対象外当事者,対象外当事者,単路　3.5m以上,直路,単独（交差点付近を含む）,規制なし,人対車両,65～74歳,75歳以上,原付一種,歩行者,自家用,対象外当事者,損傷なし,負傷,33.95775861,130.9201358,金曜,その他
山陽小野田,99,負傷,0,1,市道,山陽小野田市,2023,11,26,0,31,5夜,曇,非市街地,舗装　乾燥,交差点付近,点灯３灯式,対象外当事者,対象外当事者,対象外当事者,対象外当事者,単路　3.5m未満,直路,単独（交差点付近を含む）,規制なし,車両相互,01～24歳,01～24歳,普通乗用,普通乗用,自家用,自家用,損傷なし,負傷,34.01127333,131.1700547,日曜,その他
周南,201,負傷,0,1,市道,周南市,2023,11,26,8,29,2昼,晴,市街地,舗装　乾燥,交差点,点灯３灯式,標識　規制なし,表示なし,標識　規制なし,表示なし,交差点　中　中,直路,交差点内,規制なし,車両相互,65～74歳,75歳以上,普通乗用,軽貨物,自家用,自家用,負傷,損傷なし,34.07072583,131.7312375,日曜,その他
下関,287,負傷,0,2,市道,下関市,2023,11,26,9,28,2昼,晴,市街地,舗装　乾燥,直路,施設なし,対象外当事者,対象外当事者,対象外当事者,対象外当事者,単路　5.5m以上,直路,単独（交差点付近を含む）,規制なし,車両相互,65～74歳,55～64歳,普通乗用,軽乗用,事業用,自家用,負傷,負傷,33.9617275,130.9372133,日曜,その他
防府,180,負傷,0,1,市道,防府市,2023,11,26,11,22,2昼,晴,非市街地,舗装　乾燥,交差点,点灯３灯式,標識　規制なし,表示なし,標識　規制なし,表示なし,交差点　小　小,直路,交差点内,規制なし,車両相互,55～64歳,65～74歳,普通乗用,軽乗用,自家用,自家用,負傷,損傷なし,34.03057389,131.5156056,日曜,その他
山口,164,死亡,1,0,国道９号,山口市,2023,11,26,13,1,2昼,晴,非市街地,舗装　乾燥,カーブ,施設なし,対象外当事者,対象外当事者,対象外当事者,対象外当事者,単路　5.5m以上,カーブ左,単独（交差点付近を含む）,規制なし,車両相互,65～74歳,75歳以上,準中型貨物,軽乗用,自家用,自家用,損傷なし,死亡,34.21612361,131.5170519,日曜,その他
柳井,105,負傷,0,2,市道,柳井市,2023,11,26,14,15,2昼,晴,市街地,舗装　乾燥,交差点,点灯３灯式,標識　規制なし,表示あり,標識　規制なし,表示あり,交差点　中　中,直路,交差点内,規制なし,車両相互,45～54歳,65～74歳,普通乗用,普通乗用,自家用,自家用,損傷なし,負傷,33.97009417,132.1034422,日曜,その他
防府,197,負傷,0,2,市道,防府市,2023,11,26,15,34,2昼,晴,市街地,舗装　乾燥,直路,施設なし,対象外当事者,対象外当事者,対象外当事者,対象外当事者,単路　3.5m以上,直路,単独（交差点付近を含む）,規制なし,車両相互,01～24歳,55～64歳,軽乗用,軽乗用,自家用,自家用,損傷なし,負傷,34.05211111,131.5639519,日曜,その他
下関,292,負傷,0,1,市道,下関市,2023,11,26,16,29,3昼暮,晴,市街地,舗装　乾燥,交差点,点灯押ボ式,標識　規制なし,表示なし,対象外当事者,対象外当事者,交差点　中　小,直路,交差点内,規制なし,人対車両,45～54歳,45～54歳,普通貨物,歩行者,自家用,対象外当事者,損傷なし,負傷,33.9935425,130.9302703,日曜,その他
宇部,313,負傷,0,1,市道,宇部市,2023,11,26,16,49,3昼暮,晴,市街地,舗装　乾燥,交差点,施設なし,標識　規制なし,表示なし,標識　規制なし,表示なし,交差点　小　小,直路,交差点内,規制なし,車両相互,01～24歳,75歳以上,軽乗用,軽貨物,自家用,自家用,負傷,損傷なし,33.98717528,131.1998286,日曜,その他
萩,39,負傷,0,1,その他,萩市,2023,11,27,2,32,5夜,晴,市街地,舗装　乾燥,直路,施設なし,対象外当事者,対象外当事者,対象外当事者,対象外当事者,単路　3.5m以上,直路,単独（交差点付近を含む）,規制なし,人対車両,35～44歳,55～64歳,軽貨物,歩行者,自家用,対象外当事者,損傷なし,負傷,34.42660167,131.4143422,月曜,その他
山口南,114,負傷,0,1,国道９号,山口市,2023,11,27,10,10,2昼,晴,市街地,舗装　乾燥,直路,点灯３灯式,対象外当事者,対象外当事者,対象外当事者,対象外当事者,単路　9.0m以上,直路,単独（交差点付近を含む）,規制なし,車両相互,35～44歳,45～54歳,普通乗用,普通貨物,自家用,自家用,損傷なし,負傷,34.11474111,131.4012856,月曜,その他
岩国,190,負傷,0,1,国道２号,岩国市,2023,11,27,12,55,2昼,晴,市街地,舗装　乾燥,交差点,施設なし,標識　標準　反射式,表示なし,標識　規制なし,表示なし,交差点　小　小,カーブ右,交差点内,規制なし,車両相互,75歳以上,35～44歳,普通乗用,小型二輪　751cc以上,自家用,自家用,損傷なし,負傷,34.18912694,132.2294794,月曜,その他
山口,177,負傷,0,1,国道９号,山口市,2023,11,27,17,27,4夜暮,曇,市街地,舗装　乾燥,交差点付近,点灯３灯式,対象外当事者,対象外当事者,対象外当事者,対象外当事者,単路　5.5m以上,直路,単独（交差点付近を含む）,規制なし,車両相互,45～54歳,01～24歳,普通乗用,軽乗用,自家用,自家用,負傷,損傷なし,34.165825,131.4465608,月曜,その他
下関,284,負傷,0,2,県道,下関市,2023,11,27,17,59,4夜暮,雨,市街地,舗装　湿潤,交差点,点灯３灯式,標識　規制なし,表示なし,標識　規制なし,表示なし,交差点　中　中,直路,交差点内,規制なし,車両相互,35～44歳,25～34歳,普通乗用,普通貨物,自家用,自家用,負傷,損傷なし,34.04285889,130.9606581,月曜,その他
周南,208,負傷,0,1,国道２号,周南市,2023,11,27,18,3,4夜暮,晴,市街地,舗装　乾燥,直路,施設なし,対象外当事者,対象外当事者,対象外当事者,対象外当事者,単路　3.5m以上,直路,単独（交差点付近を含む）,規制なし,車両相互,01～24歳,01～24歳,普通乗用,原付一種,自家用,自家用,損傷なし,負傷,34.04891167,131.8304086,月曜,その他
長府,117,負傷,0,2,国道491号,下関市,2023,11,27,18,27,5夜,雨,市街地,舗装　湿潤,直路,施設なし,対象外当事者,対象外当事者,対象外当事者,対象外当事者,単路　5.5m以上,直路,単独（交差点付近を含む）,規制なし,車両相互,45～54歳,25～34歳,普通乗用,軽乗用,自家用,自家用,負傷,損傷なし,34.04656194,131.0164356,月曜,その他
岩国,194,負傷,0,1,県道,岩国市,2023,11,28,5,44,5夜,晴,市街地,舗装　乾燥,交差点,施設なし,標識　規制なし,表示なし,対象外当事者,対象外当事者,交差点　小　小,直路,交差点内,規制なし,人対車両,75歳以上,45～54歳,軽貨物,歩行者,自家用,対象外当事者,損傷なし,負傷,34.16593333,132.2261808,火曜,その他
下関,275,負傷,0,1,市道,下関市,2023,11,28,6,46,6夜明,晴,市街地,舗装　乾燥,交差点,施設なし,標識　規制なし,表示なし,標識　規制なし,表示なし,交差点　中　中,直路,交差点内,規制なし,車両相互,25～34歳,01～24歳,普通乗用,自転車,自家用,自転車,損傷なし,負傷,34.00510389,130.9217286,火曜,その他
下松,87,負傷,0,1,市道,下松市,2023,11,28,7,4,1昼明,晴,市街地,舗装　乾燥,交差点,点灯押ボ式,標識　標準　反射式,表示あり,標識　規制なし,表示なし,交差点　中　小,直路,交差点内,規制なし,車両相互,55～64歳,55～64歳,普通乗用,自転車,自家用,自転車,損傷なし,負傷,34.01411,131.8643233,火曜,その他
山口,173,負傷,0,2,国道９号,山口市,2023,11,28,11,30,2昼,晴,非市街地,舗装　乾燥,交差点,点灯３灯式,標識　規制なし,表示なし,標識　規制なし,表示なし,交差点　大　中,直路,交差点内,規制なし,車両相互,45～54歳,75歳以上,普通乗用,普通乗用,自家用,自家用,損傷なし,負傷,34.16481,131.4450222,火曜,その他
防府,187,負傷,0,1,県道,防府市,2023,11,28,17,11,4夜暮,晴,市街地,舗装　乾燥,直路,施設なし,対象外当事者,対象外当事者,対象外当事者,対象外当事者,単路　5.5m以上,直路,単独（交差点付近を含む）,規制なし,車両相互,75歳以上,45～54歳,軽乗用,軽乗用,自家用,自家用,損傷なし,負傷,34.06579917,131.5565544,火曜,その他
下松,85,負傷,0,1,国道２号,下松市,2023,11,29,7,40,1昼明,晴,市街地,舗装　乾燥,直路,点灯３灯式,対象外当事者,対象外当事者,対象外当事者,対象外当事者,単路　13.0m以上,直路,単独（交差点付近を含む）,規制なし,車両相互,25～34歳,65～74歳,普通乗用,軽貨物,自家用,自家用,損傷なし,負傷,34.03481361,131.8527394,水曜,その他
周南,206,負傷,0,1,市道,周南市,2023,11,29,8,13,2昼,晴,市街地,舗装　乾燥,交差点,施設なし,標識　標準　反射式,表示なし,標識　規制なし,表示なし,交差点　中　小,直路,交差点内,規制なし,車両相互,25～34歳,25～34歳,軽貨物,自転車,自家用,自転車,損傷なし,負傷,34.06663278,131.8014381,水曜,その他
宇部,306,負傷,0,2,県道,宇部市,2023,11,29,12,30,2昼,曇,市街地,舗装　乾燥,交差点,点灯３灯式,標識　規制なし,表示あり,標識　規制なし,表示あり,交差点　中　小,直路,交差点内,規制なし,車両相互,65～74歳,75歳以上,普通乗用,軽乗用,自家用,自家用,損傷なし,負傷,33.98253333,131.2518794,水曜,その他
山口,175,負傷,0,1,国道９号,山口市,2023,11,30,10,54,2昼,晴,市街地,舗装　乾燥,直路,施設なし,対象外当事者,対象外当事者,対象外当事者,対象外当事者,単路　9.0m以上,直路,単独（交差点付近を含む）,規制なし,車両相互,65～74歳,25～34歳,普通乗用,軽貨物,自家用,自家用,損傷なし,負傷,34.1652375,131.4458053,木曜,その他
宇部,314,負傷,0,3,市道,宇部市,2023,11,30,12,53,2昼,晴,市街地,舗装　乾燥,交差点,施設なし,標識　標準　反射式,表示あり,標識　規制なし,表示なし,交差点　中　小,直路,交差点内,規制なし,車両相互,45～54歳,35～44歳,普通乗用,軽乗用,自家用,自家用,負傷,負傷,33.94907667,131.2757344,木曜,その他
宇部,299,負傷,0,1,市道,宇部市,2023,11,30,17,25,4夜暮,晴,市街地,舗装　乾燥,直路,施設なし,対象外当事者,対象外当事者,対象外当事者,対象外当事者,単路　3.5m以上,直路,単独（交差点付近を含む）,規制なし,人対車両,45～54歳,75歳以上,軽乗用,歩行者,自家用,対象外当事者,損傷なし,負傷,33.98258389,131.2238833,木曜,その他
山口南,120,負傷,0,1,市道,山口市,2023,11,30,17,35,4夜暮,晴,非市街地,舗装　乾燥,交差点,施設なし,標識　標準　反射式,表示なし,標識　規制なし,表示なし,交差点　中　小,直路,交差点内,規制なし,車両相互,35～44歳,55～64歳,普通乗用,軽乗用,自家用,自家用,損傷なし,負傷,34.00691667,131.3436042,木曜,その他
下関,286,負傷,0,1,国道191号,下関市,2023,11,30,17,44,4夜暮,晴,市街地,舗装　乾燥,交差点,施設なし,標識　規制なし,表示なし,対象外当事者,対象外当事者,交差点　大　大,直路,交差点内,規制なし,人対車両,55～64歳,25～34歳,軽乗用,歩行者,自家用,対象外当事者,損傷なし,負傷,33.96559861,130.9187067,木曜,その他
周南,205,負傷,0,1,市道,周南市,2023,11,30,19,42,5夜,晴,市街地,舗装　乾燥,交差点,施設なし,標識　規制なし,表示なし,標識　規制なし,表示なし,交差点　小　小,カーブ右,交差点内,規制なし,車両相互,25～34歳,01～24歳,普通乗用,軽乗用,自家用,自家用,損傷なし,負傷,34.07280028,131.7287756,木曜,その他
高速隊,1,負傷,0,1,高速道路,岩国市,2022,11,30,22,53,5夜,晴,非市街地,舗装　乾燥,その他,施設なし,対象外当事者,対象外当事者,対象外当事者,対象外当事者,単路　3.5m以上,直路,単独（交差点付近を含む）,規制なし,車両相互,55～64歳,45～54歳,大型貨物,大型貨物,事業用,事業用,負傷,損傷なし,34.14562472,132.1249961,水曜,その他
下関,296,負傷,0,1,県道,下関市,2023,12,1,7,59,1昼明,曇,市街地,舗装　乾燥,交差点,点灯３灯式,標識　規制なし,表示なし,対象外当事者,対象外当事者,交差点　中　中,直路,交差点内,規制なし,人対車両,25～34歳,01～24歳,軽乗用,歩行者,自家用,対象外当事者,損傷なし,負傷,33.93040833,130.918895,金曜,その他
岩国,189,負傷,0,1,一般の交通の用に供するその他の道路,岩国市,2023,12,1,11,22,2昼,晴,市街地,舗装　乾燥,その他,施設なし,対象外当事者,対象外当事者,対象外当事者,対象外当事者,一般交通の場所,一般交通の場所,単独（交差点付近を含む）,規制なし,車両単独,55～64歳,不明,普通乗用,物件等,自家用,対象外当事者,損傷なし,対象外当事者,34.14022694,132.2080089,金曜,その他
防府,191,負傷,0,1,国道262号,防府市,2023,12,1,12,29,2昼,曇,市街地,舗装　乾燥,交差点,点灯３灯式,標識　規制なし,表示なし,標識　規制なし,表示なし,交差点　大　小,直路,交差点内,規制なし,車両相互,01～24歳,65～74歳,普通乗用,原付一種,自家用,自家用,損傷なし,負傷,34.07072056,131.5547517,金曜,その他
長府,118,負傷,0,1,港湾道,下関市,2023,12,1,17,40,4夜暮,曇,市街地,舗装　乾燥,交差点,施設なし,標識　規制なし,表示なし,標識　規制なし,表示なし,交差点　大　大,直路,交差点内,規制なし,車両相互,35～44歳,45～54歳,普通乗用,軽乗用,自家用,自家用,損傷なし,負傷,34.02628417,131.0105792,金曜,その他
下関,299,負傷,0,1,市道,下関市,2023,12,1,17,52,4夜暮,晴,市街地,舗装　乾燥,直路,施設なし,対象外当事者,対象外当事者,対象外当事者,対象外当事者,単路　3.5m未満,直路,単独（交差点付近を含む）,規制なし,車両相互,01～24歳,55～64歳,軽乗用,軽乗用,自家用,自家用,損傷なし,負傷,33.97155944,130.9232658,金曜,その他
光,73,負傷,0,1,国道188号,光市,2023,12,1,19,31,5夜,曇,非市街地,舗装　乾燥,交差点,点灯３灯式,標識　規制なし,表示なし,標識　規制なし,表示なし,交差点　中　中,直路,単独（交差点付近を含む）,規制なし,車両相互,75歳以上,25～34歳,普通乗用,軽乗用,自家用,自家用,損傷なし,負傷,33.93211333,131.9713847,金曜,その他
防府,192,負傷,0,2,県道,防府市,2023,12,2,7,29,1昼明,晴,非市街地,舗装　乾燥,直路,施設なし,対象外当事者,対象外当事者,対象外当事者,対象外当事者,単路　9.0m以上,直路,単独（交差点付近を含む）,規制なし,車両相互,45～54歳,25～34歳,普通貨物,軽乗用,自家用,自家用,負傷,損傷なし,34.03088028,131.5362897,土曜,その他
山口,174,負傷,0,1,市道,山口市,2023,12,2,8,18,2昼,晴,非市街地,舗装　乾燥,交差点,施設なし,標識　規制なし,表示なし,標識　規制なし,表示なし,交差点　中　小,直路,交差点内,規制なし,車両相互,45～54歳,45～54歳,軽貨物,自転車,自家用,自転車,損傷なし,負傷,34.16486583,131.4443294,土曜,その他
光,74,負傷,0,1,県道,光市,2023,12,2,11,56,2昼,晴,非市街地,舗装　乾燥,直路,施設なし,対象外当事者,対象外当事者,対象外当事者,対象外当事者,単路　5.5m以上,直路,単独（交差点付近を含む）,規制なし,車両単独,75歳以上,不明,普通乗用,物件等,自家用,対象外当事者,損傷なし,対象外当事者,33.97842833,131.9969861,土曜,その他
長府,114,負傷,0,1,一般の交通の用に供するその他の道路,下関市,2023,12,2,11,58,2昼,晴,市街地,舗装　乾燥,その他,施設なし,対象外当事者,対象外当事者,対象外当事者,対象外当事者,一般交通の場所,一般交通の場所,単独（交差点付近を含む）,規制なし,人対車両,65～74歳,35～44歳,軽乗用,歩行者,自家用,対象外当事者,損傷なし,負傷,34.02501056,131.0075708,土曜,その他
柳井,1,負傷,0,1,国道437号,周防大島町,2022,12,2,12,0,2昼,晴,非市街地,舗装　乾燥,直路,点灯３灯式,対象外当事者,対象外当事者,対象外当事者,対象外当事者,単路　5.5m以上,直路,単独（交差点付近を含む）,規制なし,人対車両,75歳以上,75歳以上,普通乗用,歩行者,自家用,対象外当事者,損傷なし,負傷,33.90701194,132.3540883,金曜,その他
防府,194,負傷,0,1,市道,防府市,2023,12,2,14,29,2昼,晴,市街地,舗装　乾燥,交差点,施設なし,標識　規制なし,表示なし,標識　規制なし,表示なし,交差点　中　小,直路,交差点内,規制なし,車両相互,75歳以上,75歳以上,軽乗用,自転車,自家用,自転車,損傷なし,負傷,34.05596083,131.5792728,土曜,その他
高速隊,59,負傷,0,5,国道２号　自,美祢市,2023,12,3,6,33,6夜明,曇,非市街地,舗装　湿潤,直路,施設なし,対象外当事者,対象外当事者,対象外当事者,対象外当事者,単路　5.5m以上,直路,単独（交差点付近を含む）,規制なし,車両単独,01～24歳,不明,軽乗用,物件等,自家用,対象外当事者,損傷なし,対象外当事者,34.27204528,131.3506653,日曜,その他
下松,86,負傷,0,1,県道,下松市,2023,12,3,13,12,2昼,曇,非市街地,舗装　乾燥,カーブ,施設なし,対象外当事者,対象外当事者,対象外当事者,対象外当事者,単路　5.5m以上,カーブ左,単独（交差点付近を含む）,規制なし,車両相互,35～44歳,75歳以上,軽乗用,軽貨物,自家用,自家用,負傷,損傷なし,34.06499278,131.8765622,日曜,その他
宇部,301,負傷,0,1,県道,宇部市,2023,12,3,15,10,2昼,晴,非市街地,舗装　乾燥,直路,施設なし,対象外当事者,対象外当事者,対象外当事者,対象外当事者,単路　5.5m以上,直路,単独（交差点付近を含む）,規制なし,車両相互,01～24歳,75歳以上,普通乗用,普通乗用,自家用,自家用,損傷なし,負傷,33.99493722,131.3492514,日曜,その他
宇部,302,負傷,0,1,国道２号,宇部市,2023,12,3,16,10,3昼暮,晴,非市街地,舗装　乾燥,直路,施設なし,対象外当事者,対象外当事者,対象外当事者,対象外当事者,単路　5.5m以上,直路,単独（交差点付近を含む）,規制なし,車両相互,65～74歳,01～24歳,普通乗用,軽乗用,自家用,自家用,負傷,損傷なし,34.05654417,131.3224475,日曜,その他
岩国,200,負傷,0,3,国道188号,岩国市,2023,12,3,18,2,4夜暮,晴,市街地,舗装　乾燥,直路,施設なし,対象外当事者,対象外当事者,対象外当事者,対象外当事者,単路　5.5m以上,直路,単独（交差点付近を含む）,規制なし,車両相互,75歳以上,45～54歳,軽乗用,軽乗用,自家用,自家用,損傷なし,負傷,34.13385778,132.2039286,日曜,その他
岩国,201,負傷,0,1,市道,岩国市,2023,12,3,18,5,5夜,晴,市街地,舗装　乾燥,直路,施設なし,対象外当事者,対象外当事者,対象外当事者,対象外当事者,単路　3.5m以上,直路,単独（交差点付近を含む）,規制なし,人対車両,35～44歳,65～74歳,原付一種,歩行者,自家用,対象外当事者,損傷なし,負傷,34.17134583,132.2079142,日曜,その他
高速隊,56,負傷,0,1,宇部有料,山口市,2023,12,4,6,20,6夜明,晴,市街地,舗装　乾燥,直路,施設なし,対象外当事者,対象外当事者,対象外当事者,対象外当事者,単路　9.0m以上,直路,単独（交差点付近を含む）,規制なし,車両相互,01～24歳,55～64歳,普通乗用,大型特殊その他,自家用,対象外当事者,損傷なし,負傷,34.0235,131.3342778,月曜,その他
柳井,113,負傷,0,1,国道188号,柳井市,2023,12,4,7,58,1昼明,晴,市街地,舗装　乾燥,交差点付近,点灯押ボ式,対象外当事者,対象外当事者,対象外当事者,対象外当事者,単路　5.5m以上,直路,単独（交差点付近を含む）,規制なし,車両相互,01～24歳,35～44歳,軽乗用,軽乗用,自家用,自家用,損傷なし,負傷,33.95970417,132.0987025,月曜,その他