警察署,本票番号,事故内容,死者数,負傷者数,路線,市町村名,発生日時　　年,発生日時　　月,発生日時　　日,発生日時　　時,発生日時　　分,昼夜,天候,地形,路面状態,道路形状,信号機,一時停止規制標識（当事者A）,一時停止規制表示（当事者A）,一時停止規制標識（当事者B）,一時停止規制表示（当事者B）,車道幅員,道路線形,衝突地点,ゾーン規制,事故類型,年齢（当事者A）,年齢（当事者B）,当事者種別（当事者A）,当事者種別（当事者B）,用途別（当事者A）,用途別（当事者B）,人身損傷程度（当事者A）,人身損傷程度（当事者B）,緯度,経度,曜日,祝日
岩国,210,負傷,0,1,県道,岩国市,2023,12,4,12,7,2昼,晴,市街地,舗装　乾燥,交差点,施設なし,標識　規制なし,表示なし,標識　標準　反射式,表示なし,交差点　大　中,直路,交差点内,規制なし,車両相互,35～44歳,75歳以上,軽乗用,自転車,自家用,自転車,損傷なし,負傷,34.16597639,132.2263258,月曜,その他
防府,188,負傷,0,1,県道,防府市,2023,12,4,13,43,2昼,晴,市街地,舗装　乾燥,直路,施設なし,対象外当事者,対象外当事者,対象外当事者,対象外当事者,単路　3.5m以上,直路,単独（交差点付近を含む）,規制なし,車両相互,55～64歳,55～64歳,普通貨物,原付一種,自家用,自家用,損傷なし,負傷,34.05512278,131.5641381,月曜,その他
岩国,7,負傷,0,3,国道188号,岩国市,2022,12,4,15,13,2昼,曇,非市街地,舗装　乾燥,カーブ,施設なし,対象外当事者,対象外当事者,対象外当事者,対象外当事者,単路　5.5m以上,カーブ左,単独（交差点付近を含む）,規制なし,車両相互,55～64歳,35～44歳,普通乗用,軽乗用,自家用,自家用,負傷,損傷なし,34.13927333,132.1969519,日曜,その他
防府,200,負傷,0,2,市道,防府市,2023,12,4,16,57,3昼暮,晴,市街地,舗装　乾燥,交差点付近,点灯３灯式,対象外当事者,対象外当事者,対象外当事者,対象外当事者,単路　5.5m以上,直路,単独（交差点付近を含む）,規制なし,車両相互,45～54歳,45～54歳,普通乗用,普通乗用,自家用,自家用,損傷なし,負傷,34.06649389,131.5463189,月曜,その他
宇部,327,負傷,0,1,国道190号,宇部市,2023,12,4,17,0,3昼暮,晴,市街地,舗装　乾燥,交差点,点灯３灯式,標識　規制なし,表示なし,対象外当事者,対象外当事者,交差点　中　中,直路,交差点内,規制なし,人対車両,75歳以上,75歳以上,軽貨物,歩行者,自家用,対象外当事者,損傷なし,負傷,33.9737525,131.3343083,月曜,その他
宇部,303,負傷,0,1,県道,宇部市,2023,12,4,17,35,4夜暮,晴,市街地,舗装　乾燥,交差点,点灯３灯式,標識　規制なし,表示なし,標識　規制なし,表示なし,交差点　大　中,直路,交差点内,規制なし,車両相互,75歳以上,01～24歳,普通乗用,自転車,自家用,自転車,損傷なし,負傷,33.96399,131.3052806,月曜,その他
宇部,308,負傷,0,1,市道,宇部市,2023,12,4,17,37,4夜暮,晴,市街地,舗装　乾燥,直路,施設なし,対象外当事者,対象外当事者,対象外当事者,対象外当事者,単路　5.5m以上,直路,単独（交差点付近を含む）,規制なし,車両相互,45～54歳,01～24歳,普通乗用,自転車,自家用,自転車,損傷なし,負傷,33.95041056,131.2757706,月曜,その他
宇部,10,負傷,0,1,国道490号,宇部市,2022,12,4,17,55,4夜暮,曇,市街地,舗装　乾燥,交差点,施設なし,標識　標準　反射式,表示あり,標識　規制なし,表示なし,交差点　大　大,直路,交差点内,規制なし,車両相互,01～24歳,35～44歳,普通乗用,普通乗用,自家用,自家用,損傷なし,負傷,33.95408278,131.2572261,日曜,その他
防府,195,負傷,0,1,市道,防府市,2023,12,4,20,48,5夜,晴,市街地,舗装　乾燥,直路,施設なし,対象外当事者,対象外当事者,対象外当事者,対象外当事者,単路　3.5m未満,直路,単独（交差点付近を含む）,規制なし,車両相互,75歳以上,35～44歳,普通乗用,普通乗用,自家用,自家用,損傷なし,負傷,34.05148972,131.5704089,月曜,その他
下関,281,死亡,1,0,国道９号,下関市,2023,12,5,0,53,5夜,晴,非市街地,舗装　乾燥,直路,施設なし,対象外当事者,対象外当事者,対象外当事者,対象外当事者,単路　5.5m以上,直路,単独（交差点付近を含む）,規制なし,人対車両,35～44歳,45～54歳,普通乗用,歩行者,自家用,対象外当事者,損傷なし,死亡,33.96259861,130.9544878,火曜,その他
高速隊,57,負傷,0,1,高速道路,美祢市,2023,12,5,2,26,5夜,晴,非市街地,舗装　乾燥,橋,施設なし,対象外当事者,対象外当事者,対象外当事者,対象外当事者,単路　9.0m以上,直路,単独（交差点付近を含む）,規制なし,車両相互,35～44歳,55～64歳,大型貨物,大型貨物,事業用,事業用,損傷なし,負傷,34.11113444,131.1354528,火曜,その他
宇部,328,負傷,0,1,市道,宇部市,2023,12,5,8,20,2昼,曇,市街地,舗装　乾燥,交差点,施設なし,標識　標準　反射式,表示あり,標識　規制なし,表示なし,交差点　中　中,直路,交差点内,規制なし,車両相互,65～74歳,01～24歳,軽乗用,自転車,自家用,自転車,損傷なし,負傷,33.96493694,131.2791611,火曜,その他
山陽小野田,95,死亡,1,2,市道,山陽小野田市,2023,12,5,10,20,2昼,曇,非市街地,舗装　乾燥,交差点,施設なし,標識　規制なし,表示なし,標識　規制なし,表示なし,交差点　中　中,直路,交差点内,規制なし,車両相互,45～54歳,65～74歳,中型貨物,軽乗用,自家用,自家用,損傷なし,負傷,34.05292861,131.1574103,火曜,その他
柳井,114,負傷,0,1,国道188号,柳井市,2023,12,5,11,55,2昼,晴,非市街地,舗装　湿潤,直路,点灯押ボ式,対象外当事者,対象外当事者,対象外当事者,対象外当事者,単路　5.5m以上,直路,単独（交差点付近を含む）,規制なし,車両相互,65～74歳,75歳以上,普通乗用,軽乗用,自家用,自家用,損傷なし,負傷,33.96112972,132.1697928,火曜,その他
山口,172,負傷,0,1,県道,山口市,2023,12,5,14,40,2昼,晴,市街地,舗装　乾燥,交差点,点灯押ボ式,標識　標準　反射式,表示あり,標識　規制なし,表示なし,交差点　中　中,直路,交差点内,規制なし,車両相互,25～34歳,35～44歳,軽乗用,原付一種,自家用,自家用,損傷なし,負傷,34.15658333,131.4608567,火曜,その他
岩国,16,負傷,0,1,市道,岩国市,2022,12,5,15,17,2昼,雨,市街地,舗装　湿潤,直路,施設なし,対象外当事者,対象外当事者,対象外当事者,対象外当事者,単路　5.5m以上,直路,単独（交差点付近を含む）,規制なし,人対車両,75歳以上,01～24歳,軽乗用,歩行者,自家用,対象外当事者,損傷なし,負傷,34.14295639,132.1866322,月曜,その他
長門,51,負傷,0,1,県道,長門市,2023,12,5,16,57,3昼暮,晴,非市街地,舗装　乾燥,交差点付近,施設なし,対象外当事者,対象外当事者,対象外当事者,対象外当事者,単路　5.5m以上,直路,単独（交差点付近を含む）,規制なし,車両相互,45～54歳,35～44歳,普通乗用,軽貨物,自家用,自家用,負傷,損傷なし,34.36952028,131.0871247,火曜,その他
山陽小野田,96,負傷,0,1,国道190号,山陽小野田市,2023,12,6,7,45,1昼明,晴,非市街地,舗装　乾燥,直路,施設なし,対象外当事者,対象外当事者,対象外当事者,対象外当事者,単路　5.5m以上,直路,単独（交差点付近を含む）,規制なし,車両相互,35～44歳,35～44歳,普通乗用,軽乗用,自家用,自家用,負傷,損傷なし,34.01868083,131.15497,水曜,その他
小串,18,負傷,0,1,県道,下関市,2023,12,6,8,36,2昼,曇,非市街地,舗装　乾燥,交差点付近,施設なし,対象外当事者,対象外当事者,対象外当事者,対象外当事者,単路　3.5m未満,直路,単独（交差点付近を含む）,規制なし,車両相互,55～64歳,75歳以上,大型乗用,軽貨物,事業用,自家用,負傷,損傷なし,34.32907556,130.8979631,水曜,その他
光,75,負傷,0,2,県道,光市,2023,12,6,18,19,5夜,晴,市街地,舗装　乾燥,交差点,点灯押ボ式,標識　規制なし,表示なし,標識　規制なし,表示なし,交差点　大　中,直路,交差点内,規制なし,車両相互,45～54歳,01～24歳,普通乗用,小型二輪　251～400cc,自家用,自家用,損傷なし,負傷,33.99355194,131.9593064,水曜,その他
防府,186,死亡,1,0,県道,防府市,2023,12,7,6,15,6夜明,曇,市街地,舗装　乾燥,直路,施設なし,対象外当事者,対象外当事者,対象外当事者,対象外当事者,単路　5.5m以上,直路,単独（交差点付近を含む）,規制なし,人対車両,35～44歳,75歳以上,普通乗用,歩行者,自家用,対象外当事者,損傷なし,死亡,34.03465944,131.5683519,木曜,その他
周南,210,負傷,0,1,県道,周南市,2023,12,7,7,20,1昼明,晴,市街地,舗装　乾燥,交差点,点灯３灯式,標識　規制なし,表示なし,標識　規制なし,表示なし,交差点　大　小,直路,交差点内,規制なし,車両相互,65～74歳,65～74歳,準中型貨物,原付二種　51～125cc,自家用,自家用,損傷なし,負傷,34.06615889,131.7966789,木曜,その他
山口,60,負傷,0,1,その他,山口市,2022,12,7,8,20,2昼,曇,市街地,舗装　乾燥,その他,施設なし,対象外当事者,対象外当事者,対象外当事者,対象外当事者,一般交通の場所,一般交通の場所,単独（交差点付近を含む）,規制なし,人対車両,45～54歳,55～64歳,軽貨物,歩行者,自家用,対象外当事者,損傷なし,負傷,34.1667925,131.4680211,水曜,その他
宇部,312,負傷,0,1,国道２号,宇部市,2023,12,7,17,58,4夜暮,晴,非市街地,舗装　乾燥,直路,施設なし,対象外当事者,対象外当事者,対象外当事者,対象外当事者,単路　5.5m以上,直路,単独（交差点付近を含む）,規制なし,車両相互,35～44歳,75歳以上,普通乗用,軽貨物,自家用,自家用,負傷,損傷なし,34.05994639,131.2918408,木曜,その他
下関,306,負傷,0,1,国道191号,下関市,2023,12,7,18,23,5夜,晴,市街地,舗装　乾燥,交差点,点灯３灯式,標識　規制なし,表示なし,対象外当事者,対象外当事者,交差点　小　小,直路,交差点内,規制なし,人対車両,55～64歳,75歳以上,普通乗用,歩行者,自家用,対象外当事者,損傷なし,負傷,34.02656583,130.9138058,木曜,その他
防府,198,負傷,0,1,県道,防府市,2023,12,7,19,0,5夜,晴,非市街地,舗装　乾燥,交差点,施設なし,標識　規制なし,表示なし,標識　規制なし,表示なし,交差点　中　中,直路,交差点内,規制なし,車両相互,35～44歳,55～64歳,普通乗用,原付二種　51～125cc,自家用,自家用,損傷なし,負傷,34.02987972,131.539065,木曜,その他
宇部,311,負傷,0,1,市道,宇部市,2023,12,8,6,45,6夜明,晴,非市街地,舗装　乾燥,交差点,施設なし,標識　規制なし,表示なし,対象外当事者,対象外当事者,交差点　大　小,直路,交差点内,規制なし,人対車両,55～64歳,75歳以上,軽乗用,歩行者,自家用,対象外当事者,損傷なし,負傷,33.99344389,131.2093511,金曜,その他
下関,303,負傷,0,1,市道,下関市,2023,12,8,7,50,1昼明,晴,市街地,舗装　乾燥,交差点,施設なし,標識　規制なし,表示なし,標識　規制なし,表示なし,交差点　小　小,直路,交差点内,規制なし,車両相互,35～44歳,45～54歳,普通乗用,軽乗用,自家用,自家用,損傷なし,負傷,33.93424056,130.9161903,金曜,その他
下関,288,負傷,0,1,一般の交通の用に供するその他の道路,下関市,2023,12,8,11,37,2昼,晴,市街地,舗装　乾燥,その他,施設なし,対象外当事者,対象外当事者,対象外当事者,対象外当事者,一般交通の場所,一般交通の場所,単独（交差点付近を含む）,規制なし,車両相互,75歳以上,35～44歳,普通乗用,普通乗用,自家用,自家用,損傷なし,負傷,33.99724,130.9397289,金曜,その他
下関,289,負傷,0,1,市道,下関市,2023,12,8,13,48,2昼,晴,非市街地,舗装　乾燥,交差点,施設なし,標識　規制なし,表示なし,標識　規制なし,表示なし,交差点　中　中,直路,交差点内,規制なし,車両相互,65～74歳,55～64歳,普通乗用,普通乗用,事業用,自家用,損傷なし,損傷なし,33.97243944,130.9499419,金曜,その他
岩国,2,負傷,0,2,県道,岩国市,2022,12,8,15,12,2昼,晴,非市街地,舗装　乾燥,交差点,施設なし,標識　標準　反射式,表示あり,標識　規制なし,表示なし,交差点　大　小,直路,交差点内,規制なし,車両相互,65～74歳,25～34歳,普通乗用,普通乗用,自家用,自家用,損傷なし,負傷,34.17190889,132.1592178,木曜,その他
岩国,191,負傷,0,1,県道,岩国市,2023,12,8,17,26,4夜暮,晴,非市街地,舗装　乾燥,直路,施設なし,対象外当事者,対象外当事者,対象外当事者,対象外当事者,単路　5.5m以上,直路,単独（交差点付近を含む）,規制なし,車両相互,65～74歳,35～44歳,普通乗用,普通乗用,自家用,自家用,損傷なし,負傷,34.14600583,132.1640906,金曜,その他
防府,190,負傷,0,1,県道,防府市,2023,12,9,15,32,2昼,晴,市街地,舗装　乾燥,直路,点灯３灯式,対象外当事者,対象外当事者,対象外当事者,対象外当事者,単路　3.5m以上,直路,単独（交差点付近を含む）,規制なし,車両相互,75歳以上,45～54歳,軽乗用,軽乗用,自家用,自家用,損傷なし,負傷,34.02525639,131.5565403,土曜,その他
長府,9,負傷,0,1,国道２号,下関市,2022,12,9,18,20,5夜,晴,市街地,舗装　乾燥,直路,施設なし,対象外当事者,対象外当事者,対象外当事者,対象外当事者,単路　13.0m以上,直路,単独（交差点付近を含む）,規制なし,車両相互,45～54歳,55～64歳,普通乗用,普通乗用,自家用,自家用,損傷なし,負傷,34.02275972,131.0047169,金曜,その他
防府,3,負傷,0,1,県道,防府市,2022,12,10,10,28,2昼,晴,市街地,舗装　乾燥,交差点,点灯３灯式,標識　規制なし,表示なし,標識　規制なし,表示なし,交差点　中　中,直路,交差点内,規制なし,車両相互,75歳以上,55～64歳,軽乗用,軽乗用,自家用,自家用,損傷なし,負傷,34.05426972,131.5750244,土曜,その他
山陽小野田,98,負傷,0,1,国道190号,山陽小野田市,2023,12,11,7,23,1昼明,雨,非市街地,舗装　湿潤,交差点付近,施設なし,対象外当事者,対象外当事者,対象外当事者,対象外当事者,単路　5.5m以上,直路,単独（交差点付近を含む）,規制なし,車両相互,65～74歳,25～34歳,普通乗用,軽貨物,自家用,自家用,負傷,損傷なし,34.01073611,131.1688658,月曜,その他
防府,201,負傷,0,2,県道,防府市,2023,12,11,7,53,1昼明,雨,非市街地,舗装　湿潤,直路,施設なし,対象外当事者,対象外当事者,対象外当事者,対象外当事者,単路　3.5m以上,直路,単独（交差点付近を含む）,規制なし,車両相互,01～24歳,45～54歳,軽乗用,軽乗用,自家用,自家用,損傷なし,負傷,34.09277556,131.5825311,月曜,その他
宇部,309,負傷,0,1,国道２号,宇部市,2023,12,11,10,57,2昼,雨,非市街地,舗装　湿潤,直路,施設なし,対象外当事者,対象外当事者,対象外当事者,対象外当事者,単路　5.5m以上,直路,単独（交差点付近を含む）,規制なし,車両相互,55～64歳,01～24歳,普通貨物,軽乗用,自家用,自家用,損傷なし,負傷,34.05642972,131.3228078,月曜,その他
岩国,3,負傷,0,2,市道,岩国市,2022,12,11,14,31,2昼,晴,市街地,舗装　乾燥,カーブ,施設なし,対象外当事者,対象外当事者,対象外当事者,対象外当事者,単路　3.5m以上,カーブ左,単独（交差点付近を含む）,規制なし,車両相互,55～64歳,55～64歳,普通乗用,普通乗用,自家用,自家用,損傷なし,負傷,34.149815,132.1816789,日曜,その他
高速隊,55,負傷,0,2,高速道路,美祢市,2023,12,11,15,0,2昼,雨,非市街地,舗装　湿潤,カーブ,施設なし,対象外当事者,対象外当事者,対象外当事者,対象外当事者,単路　5.5m以上,カーブ右,単独（交差点付近を含む）,規制なし,車両単独,55～64歳,不明,普通貨物,物件等,自家用,対象外当事者,損傷なし,対象外当事者,34.11698944,131.1121414,月曜,その他
岩国,202,負傷,0,2,国道188号,岩国市,2023,12,11,15,36,2昼,雨,非市街地,舗装　乾燥,交差点,施設なし,標識　規制なし,表示なし,標識　規制なし,表示なし,交差点　中　小,直路,交差点内,規制なし,車両相互,55～64歳,35～44歳,普通乗用,軽乗用,自家用,自家用,損傷なし,損傷なし,34.07422111,132.2082392,月曜,その他
周南,213,負傷,0,1,国道２号,周南市,2023,12,11,17,53,4夜暮,晴,市街地,舗装　湿潤,交差点付近,点灯３灯式,対象外当事者,対象外当事者,対象外当事者,対象外当事者,単路　9.0m以上,直路,単独（交差点付近を含む）,規制なし,車両相互,25～34歳,25～34歳,普通乗用,普通貨物,自家用,自家用,負傷,損傷なし,34.08042417,131.7744458,月曜,その他
周南,215,負傷,0,1,県道,周南市,2023,12,11,18,0,4夜暮,雨,市街地,舗装　湿潤,直路,施設なし,対象外当事者,対象外当事者,対象外当事者,対象外当事者,単路　9.0m以上,直路,単独（交差点付近を含む）,規制なし,車両相互,35～44歳,01～24歳,普通乗用,軽乗用,自家用,自家用,負傷,損傷なし,34.04616167,131.8133297,月曜,その他
宇部,307,負傷,0,1,市道,宇部市,2023,12,11,18,15,5夜,雨,市街地,舗装　湿潤,直路,施設なし,対象外当事者,対象外当事者,対象外当事者,対象外当事者,単路　3.5m未満,直路,単独（交差点付近を含む）,規制なし,車両相互,25～34歳,65～74歳,普通乗用,軽乗用,自家用,自家用,負傷,損傷なし,33.93536083,131.2658978,月曜,その他
宇部,330,負傷,0,1,国道190号,宇部市,2023,12,11,18,40,5夜,雨,市街地,舗装　湿潤,交差点,点灯３灯式,標識　規制なし,表示なし,対象外当事者,対象外当事者,交差点　大　大,直路,交差点内,規制なし,人対車両,55～64歳,25～34歳,普通乗用,歩行者,自家用,対象外当事者,損傷なし,負傷,33.95554889,131.2388564,月曜,その他
山口南,117,負傷,0,1,市道,山口市,2023,12,11,19,15,5夜,雨,非市街地,舗装　湿潤,交差点,施設なし,標識　規制なし,表示なし,対象外当事者,対象外当事者,交差点　中　中,直路,交差点内,規制なし,人対車両,35～44歳,01～24歳,軽乗用,歩行者,自家用,対象外当事者,損傷なし,負傷,34.10884083,131.3910217,月曜,その他
下関,290,負傷,0,1,県道,下関市,2023,12,11,21,49,5夜,雨,市街地,舗装　湿潤,交差点,点灯３灯式,標識　規制なし,表示なし,対象外当事者,対象外当事者,交差点　大　小,直路,交差点内,規制なし,人対車両,75歳以上,01～24歳,普通乗用,歩行者,自家用,対象外当事者,損傷なし,負傷,34.00743306,130.9438056,月曜,その他
宇部,305,負傷,0,1,市道,宇部市,2023,12,12,6,58,6夜明,曇,市街地,舗装　湿潤,交差点,点灯押ボ式,標識　規制なし,表示なし,対象外当事者,対象外当事者,交差点　中　小,直路,交差点内,規制なし,人対車両,35～44歳,25～34歳,普通乗用,歩行者,自家用,対象外当事者,損傷なし,負傷,33.96755222,131.2673422,火曜,その他
岩国,198,負傷,0,1,市道,岩国市,2023,12,12,7,20,1昼明,曇,市街地,舗装　乾燥,交差点,点灯３灯式,標識　規制なし,表示なし,対象外当事者,対象外当事者,交差点　中　中,直路,交差点内,規制なし,人対車両,45～54歳,01～24歳,普通乗用,歩行者,自家用,対象外当事者,損傷なし,負傷,34.175335,132.2302897,火曜,その他
柳井,108,負傷,0,1,町道,田布施町,2023,12,12,9,23,2昼,晴,非市街地,舗装　湿潤,交差点,施設なし,標識　規制なし,表示なし,標識　規制なし,表示なし,交差点　小　小,直路,交差点内,規制なし,車両相互,45～54歳,65～74歳,準中型貨物,軽乗用,自家用,自家用,損傷なし,負傷,33.92839,132.0400039,火曜,その他
宇部,304,負傷,0,2,県道,宇部市,2023,12,12,9,56,2昼,曇,非市街地,舗装　乾燥,交差点,点灯３灯式,標識　規制なし,表示なし,対象外当事者,対象外当事者,交差点　大　中,直路,交差点内,規制なし,人対車両,35～44歳,65～74歳,軽貨物,歩行者,自家用,対象外当事者,損傷なし,負傷,33.98272056,131.2519836,火曜,その他
柳井,69,負傷,0,1,国道437号,柳井市,2022,12,12,12,25,2昼,晴,非市街地,舗装　乾燥,橋,施設なし,対象外当事者,対象外当事者,対象外当事者,対象外当事者,単路　5.5m以上,直路,単独（交差点付近を含む）,規制なし,車両相互,65～74歳,75歳以上,軽乗用,軽貨物,自家用,自家用,負傷,損傷なし,33.96226667,132.1853583,月曜,その他
下関,304,負傷,0,2,県道,下関市,2023,12,12,17,31,4夜暮,曇,市街地,舗装　乾燥,直路,施設なし,対象外当事者,対象外当事者,対象外当事者,対象外当事者,単路　3.5m未満,直路,単独（交差点付近を含む）,規制なし,車両相互,25～34歳,35～44歳,普通乗用,軽乗用,自家用,自家用,負傷,損傷なし,33.97413889,130.9348275,火曜,その他
美祢,29,負傷,0,1,県道,美祢市,2023,12,12,17,45,4夜暮,雨,非市街地,舗装　湿潤,交差点,施設なし,標識　標準　反射式,表示なし,標識　標準　反射式,表示なし,交差点　中　小,直路,交差点内,規制なし,車両相互,55～64歳,55～64歳,普通乗用,軽貨物,自家用,自家用,損傷なし,負傷,34.26189639,131.2622983,火曜,その他
柳井,118,負傷,0,2,県道,柳井市,2023,12,12,19,33,5夜,晴,市街地,舗装　乾燥,交差点,点灯押ボ式,標識　規制なし,表示なし,標識　標準　反射式,表示あり,交差点　大　中,直路,交差点内,規制なし,車両相互,35～44歳,45～54歳,普通乗用,軽乗用,自家用,自家用,負傷,負傷,33.97013278,132.0725422,火曜,その他
下松,21,負傷,0,1,国道２号,下松市,2022,12,13,4,48,5夜,晴,市街地,舗装　湿潤,直路,施設なし,対象外当事者,対象外当事者,対象外当事者,対象外当事者,単路　5.5m以上,直路,単独（交差点付近を含む）,規制なし,人対車両,45～54歳,35～44歳,準中型貨物,歩行者,事業用,対象外当事者,損傷なし,負傷,34.03473389,131.8808325,火曜,その他
岩国,207,負傷,0,1,国道188号,岩国市,2023,12,13,9,50,2昼,晴,市街地,舗装　乾燥,直路,施設なし,対象外当事者,対象外当事者,対象外当事者,対象外当事者,単路　5.5m以上,直路,単独（交差点付近を含む）,規制なし,車両相互,75歳以上,55～64歳,軽乗用,原付一種,自家用,自家用,損傷なし,負傷,34.13489694,132.2050128,水曜,その他
山口,178,負傷,0,1,国道９号,山口市,2023,12,13,13,5,2昼,晴,非市街地,舗装　乾燥,交差点,点滅３灯式,標識　規制なし,表示なし,標識　規制なし,表示なし,交差点　大　中,直路,交差点内,規制なし,車両相互,45～54歳,01～24歳,普通乗用,軽乗用,自家用,自家用,負傷,損傷なし,34.17374222,131.4575431,水曜,その他
宇部,326,負傷,0,1,市道,宇部市,2023,12,13,13,36,2昼,晴,非市街地,舗装　乾燥,交差点,施設なし,標識　標準　反射式,表示なし,標識　規制なし,表示なし,交差点　中　中,直路,交差点内,規制なし,車両相互,75歳以上,25～34歳,軽乗用,原付一種,自家用,自家用,損傷なし,負傷,33.96083917,131.2577397,水曜,その他
山陽小野田,100,負傷,0,1,国道190号,山陽小野田市,2023,12,13,16,37,3昼暮,晴,非市街地,舗装　乾燥,交差点付近,点灯３灯式,対象外当事者,対象外当事者,対象外当事者,対象外当事者,単路　5.5m以上,直路,単独（交差点付近を含む）,規制なし,車両相互,65～74歳,25～34歳,軽乗用,軽乗用,自家用,自家用,損傷なし,負傷,34.02351361,131.1480747,水曜,その他
下関,301,負傷,0,1,市道,下関市,2023,12,13,17,45,4夜暮,晴,市街地,舗装　乾燥,直路,施設なし,対象外当事者,対象外当事者,対象外当事者,対象外当事者,単路　3.5m未満,直路,単独（交差点付近を含む）,規制なし,車両相互,25～34歳,65～74歳,普通乗用,原付一種,自家用,自家用,損傷なし,負傷,33.92973111,130.9144758,水曜,その他
下関,293,負傷,0,1,市道,下関市,2023,12,13,18,0,4夜暮,晴,市街地,舗装　乾燥,交差点,施設なし,標識　規制なし,表示なし,標識　規制なし,表示なし,交差点　大　小,直路,交差点内,規制なし,車両相互,55～64歳,45～54歳,普通乗用,軽二輪　126～250cc,自家用,自家用,損傷なし,負傷,33.95858639,130.9323372,水曜,その他
美祢,2,負傷,0,1,国道435号,美祢市,2022,12,14,7,5,6夜明,雨,非市街地,舗装　湿潤,交差点,施設なし,標識　標準　反射式,表示あり,標識　規制なし,表示なし,交差点　大　中,直路,交差点内,規制なし,車両相互,45～54歳,55～64歳,大型貨物,普通乗用,事業用,自家用,損傷なし,負傷,34.17027611,131.2335011,水曜,その他
下関,50,負傷,0,1,国道191号,下関市,2022,12,14,9,14,2昼,雪,市街地,舗装　乾燥,交差点,点灯３灯式,標識　規制なし,表示なし,対象外当事者,対象外当事者,交差点　小　小,直路,交差点内,規制なし,人対車両,45～54歳,75歳以上,普通乗用,歩行者,自家用,対象外当事者,損傷なし,負傷,34.03059222,130.9118244,水曜,その他
周南,9,負傷,0,1,県道,周南市,2022,12,14,13,8,2昼,晴,市街地,舗装　乾燥,交差点,施設なし,標識　規制なし,表示なし,標識　規制なし,表示なし,交差点　大　中,直路,交差点内,規制なし,車両相互,65～74歳,75歳以上,普通乗用,自転車,自家用,自転車,損傷なし,負傷,34.06198778,131.7998328,水曜,その他
山口南,116,負傷,0,1,市道,山口市,2023,12,14,14,22,2昼,雨,市街地,舗装　湿潤,交差点付近,施設なし,対象外当事者,対象外当事者,対象外当事者,対象外当事者,単路　3.5m以上,直路,単独（交差点付近を含む）,規制なし,車両相互,55～64歳,25～34歳,軽乗用,軽乗用,自家用,自家用,損傷なし,負傷,34.00926528,131.3535317,木曜,その他
長門,50,負傷,0,1,国道191号,長門市,2023,12,14,14,28,2昼,雨,非市街地,舗装　湿潤,その他,施設なし,対象外当事者,対象外当事者,対象外当事者,対象外当事者,単路　5.5m以上,直路,単独（交差点付近を含む）,規制なし,車両相互,65～74歳,01～24歳,準中型貨物,普通乗用,自家用,自家用,負傷,損傷なし,34.36969861,131.2102581,木曜,その他
周南,216,負傷,0,1,市道,周南市,2023,12,14,17,0,3昼暮,雨,市街地,舗装　湿潤,交差点,施設なし,標識　規制なし,表示なし,標識　規制なし,表示なし,交差点　中　中,直路,交差点内,規制なし,車両相互,75歳以上,25～34歳,普通乗用,駆動補助装置付自転車,自家用,自転車,損傷なし,負傷,34.06383222,131.8154858,木曜,その他
長府,6,負傷,0,1,一般の交通の用に供するその他の道路,下関市,2022,12,14,17,46,4夜暮,晴,市街地,舗装　乾燥,その他,施設なし,対象外当事者,対象外当事者,対象外当事者,対象外当事者,一般交通の場所,一般交通の場所,単独（交差点付近を含む）,規制なし,人対車両,65～74歳,75歳以上,軽乗用,歩行者,自家用,対象外当事者,損傷なし,負傷,34.06527806,131.0288003,水曜,その他
下関,294,負傷,0,1,県道,下関市,2023,12,14,18,23,5夜,晴,市街地,舗装　湿潤,交差点,点灯３灯式,標識　規制なし,表示なし,対象外当事者,対象外当事者,交差点　中　中,直路,交差点内,規制なし,人対車両,25～34歳,01～24歳,普通乗用,歩行者,自家用,対象外当事者,損傷なし,負傷,34.01317194,130.9630569,木曜,その他
下関,298,負傷,0,1,市道,下関市,2023,12,14,18,24,5夜,雨,市街地,舗装　湿潤,直路,施設なし,対象外当事者,対象外当事者,対象外当事者,対象外当事者,単路　9.0m以上,直路,単独（交差点付近を含む）,規制なし,車両相互,55～64歳,25～34歳,普通乗用,軽乗用,自家用,自家用,損傷なし,負傷,33.98208167,130.9484536,木曜,その他
山口,179,死亡,1,0,県道,山口市,2023,12,15,9,29,2昼,雨,市街地,舗装　湿潤,直路,施設なし,対象外当事者,対象外当事者,対象外当事者,対象外当事者,単路　5.5m以上,直路,単独（交差点付近を含む）,規制なし,人対車両,25～34歳,75歳以上,普通貨物,歩行者,事業用,対象外当事者,損傷なし,死亡,34.16090583,131.4893417,金曜,その他
周南,11,負傷,0,1,国道２号,周南市,2022,12,15,10,44,2昼,晴,市街地,舗装　乾燥,直路,施設なし,対象外当事者,対象外当事者,対象外当事者,対象外当事者,単路　9.0m以上,直路,単独（交差点付近を含む）,規制なし,車両相互,01～24歳,01～24歳,普通乗用,軽乗用,自家用,自家用,負傷,損傷なし,34.05509,131.8209297,木曜,その他