警察署,本票番号,事故内容,死者数,負傷者数,路線,市町村名,発生日時　　年,発生日時　　月,発生日時　　日,発生日時　　時,発生日時　　分,昼夜,天候,地形,路面状態,道路形状,信号機,一時停止規制標識（当事者A）,一時停止規制表示（当事者A）,一時停止規制標識（当事者B）,一時停止規制表示（当事者B）,車道幅員,道路線形,衝突地点,ゾーン規制,事故類型,年齢（当事者A）,年齢（当事者B）,当事者種別（当事者A）,当事者種別（当事者B）,用途別（当事者A）,用途別（当事者B）,人身損傷程度（当事者A）,人身損傷程度（当事者B）,緯度,経度,曜日,祝日
宇部,310,負傷,0,1,市道,宇部市,2023,12,15,11,50,2昼,晴,市街地,舗装　乾燥,直路,施設なし,対象外当事者,対象外当事者,対象外当事者,対象外当事者,単路　13.0m以上,直路,単独（交差点付近を含む）,規制なし,車両相互,25～34歳,45～54歳,普通乗用,普通乗用,自家用,自家用,損傷なし,負傷,33.94748111,131.2649131,金曜,その他
岩国,206,負傷,0,1,国道188号,岩国市,2023,12,15,11,50,2昼,晴,市街地,舗装　乾燥,直路,施設なし,対象外当事者,対象外当事者,対象外当事者,対象外当事者,単路　5.5m以上,直路,単独（交差点付近を含む）,規制なし,人対車両,35～44歳,75歳以上,原付一種,歩行者,自家用,対象外当事者,損傷なし,負傷,34.12791083,132.1994322,金曜,その他
柳井,11,負傷,0,1,市道,柳井市,2022,12,15,16,40,3昼暮,晴,市街地,舗装　乾燥,交差点,施設なし,標識　規制なし,表示なし,標識　標準　反射式,表示あり,交差点　中　小,直路,交差点内,規制なし,車両相互,65～74歳,35～44歳,軽乗用,軽貨物,自家用,自家用,負傷,損傷なし,33.96757417,132.0840328,木曜,その他
山陽小野田,5,負傷,0,2,県道,山陽小野田市,2022,12,15,21,15,5夜,晴,市街地,舗装　乾燥,交差点,点灯３灯式,標識　規制なし,表示なし,標識　規制なし,表示なし,交差点　大　小,直路,交差点内,規制なし,車両相互,35～44歳,01～24歳,軽乗用,軽乗用,自家用,自家用,損傷なし,負傷,34.00702972,131.1797339,木曜,その他
長府,11,負傷,0,1,一般の交通の用に供するその他の道路,下関市,2022,12,15,21,40,5夜,晴,市街地,舗装　乾燥,その他,施設なし,対象外当事者,対象外当事者,対象外当事者,対象外当事者,一般交通の場所,一般交通の場所,単独（交差点付近を含む）,規制なし,車両相互,45～54歳,45～54歳,普通乗用,小型二輪　751cc以上,自家用,自家用,損傷なし,負傷,34.00433917,130.9897164,木曜,その他
宇部,317,負傷,0,1,市道,宇部市,2023,12,16,6,2,5夜,曇,非市街地,舗装　乾燥,交差点,施設なし,標識　標準　反射式,表示あり,標識　規制なし,表示なし,交差点　小　小,直路,交差点内,規制なし,車両相互,25～34歳,35～44歳,普通乗用,軽貨物,自家用,自家用,損傷なし,負傷,33.96489,131.2791072,土曜,その他
岩国,204,負傷,0,1,国道188号,岩国市,2023,12,16,10,2,2昼,曇,市街地,舗装　湿潤,直路,施設なし,対象外当事者,対象外当事者,対象外当事者,対象外当事者,単路　5.5m以上,直路,単独（交差点付近を含む）,規制なし,車両相互,25～34歳,01～24歳,普通乗用,軽乗用,自家用,自家用,負傷,損傷なし,34.14128139,132.210775,土曜,その他
宇部,315,負傷,0,1,国道190号,宇部市,2023,12,16,11,30,2昼,曇,市街地,舗装　湿潤,直路,施設なし,対象外当事者,対象外当事者,対象外当事者,対象外当事者,単路　5.5m以上,直路,単独（交差点付近を含む）,規制なし,車両相互,35～44歳,35～44歳,軽乗用,原付二種　51～125cc,自家用,自家用,損傷なし,負傷,33.96156806,131.3177342,土曜,その他
宇部,316,負傷,0,2,市道,宇部市,2023,12,16,11,30,2昼,雨,市街地,舗装　湿潤,交差点付近,施設なし,対象外当事者,対象外当事者,対象外当事者,対象外当事者,単路　5.5m以上,直路,単独（交差点付近を含む）,規制なし,車両相互,35～44歳,35～44歳,普通乗用,軽乗用,自家用,自家用,負傷,損傷なし,33.987915,131.2062464,土曜,その他
防府,12,負傷,0,1,国道262号,防府市,2022,12,16,19,4,5夜,晴,市街地,舗装　乾燥,交差点付近,点灯３灯式,対象外当事者,対象外当事者,対象外当事者,対象外当事者,単路　13.0m以上,直路,単独（交差点付近を含む）,規制なし,車両相互,45～54歳,25～34歳,軽乗用,軽乗用,自家用,自家用,損傷なし,負傷,34.0707575,131.554785,金曜,その他
長門,52,負傷,0,1,一般の交通の用に供するその他の道路,長門市,2023,12,17,7,48,1昼明,曇,非市街地,舗装　乾燥,その他,施設なし,対象外当事者,対象外当事者,対象外当事者,対象外当事者,一般交通の場所,一般交通の場所,単独（交差点付近を含む）,規制なし,車両単独,25～34歳,不明,軽乗用,物件等,自家用,対象外当事者,損傷なし,対象外当事者,34.3564925,131.1798944,日曜,その他
周南,211,負傷,0,1,市道,周南市,2023,12,17,9,35,2昼,雪,市街地,舗装　乾燥,直路,点灯３灯式,対象外当事者,対象外当事者,対象外当事者,対象外当事者,単路　5.5m以上,直路,単独（交差点付近を含む）,規制なし,車両相互,35～44歳,45～54歳,普通乗用,普通乗用,自家用,自家用,損傷なし,負傷,34.06016667,131.8125761,日曜,その他
長府,3,負傷,0,1,国道９号,下関市,2022,12,17,11,39,2昼,曇,非市街地,舗装　乾燥,直路,施設なし,対象外当事者,対象外当事者,対象外当事者,対象外当事者,単路　9.0m以上,直路,単独（交差点付近を含む）,規制なし,車両相互,45～54歳,35～44歳,準中型貨物,軽乗用,自家用,自家用,損傷なし,負傷,33.98213,130.9817983,土曜,その他
防府,2,負傷,0,1,市道,防府市,2022,12,17,13,47,2昼,曇,市街地,舗装　乾燥,交差点付近,点灯３灯式,対象外当事者,対象外当事者,対象外当事者,対象外当事者,単路　9.0m以上,直路,単独（交差点付近を含む）,規制なし,車両相互,75歳以上,25～34歳,普通乗用,軽乗用,自家用,自家用,損傷なし,負傷,34.04994028,131.6029286,土曜,その他
宇部,321,負傷,0,1,県道,宇部市,2023,12,17,13,57,2昼,曇,市街地,舗装　乾燥,直路,施設なし,対象外当事者,対象外当事者,対象外当事者,対象外当事者,単路　3.5m未満,直路,単独（交差点付近を含む）,規制なし,車両相互,45～54歳,45～54歳,軽乗用,軽乗用,自家用,自家用,損傷なし,負傷,33.93739194,131.2795089,日曜,その他
光,1,負傷,0,1,市道,光市,2022,12,17,17,47,4夜暮,晴,市街地,舗装　乾燥,交差点,点灯押ボ式,標識　規制なし,表示なし,標識　規制なし,表示なし,交差点　大　中,カーブ左,単独（交差点付近を含む）,規制なし,車両相互,25～34歳,45～54歳,普通乗用,軽乗用,自家用,自家用,損傷なし,負傷,33.95896361,131.9610872,土曜,その他
美祢,3,負傷,0,1,県道,美祢市,2022,12,18,0,57,5夜,雪,非市街地,舗装　乾燥,直路,施設なし,対象外当事者,対象外当事者,対象外当事者,対象外当事者,単路　5.5m以上,直路,単独（交差点付近を含む）,規制なし,車両単独,55～64歳,不明,普通乗用,物件等,自家用,対象外当事者,損傷なし,対象外当事者,34.18551167,131.2908986,日曜,その他
岩国,23,負傷,0,1,県道,岩国市,2022,12,18,5,49,5夜,晴,非市街地,舗装　乾燥,直路,施設なし,対象外当事者,対象外当事者,対象外当事者,対象外当事者,単路　3.5m以上,直路,単独（交差点付近を含む）,規制なし,車両相互,01～24歳,01～24歳,普通乗用,軽乗用,自家用,自家用,損傷なし,負傷,34.14225028,132.1751792,日曜,その他
宇部,318,負傷,0,1,市道,宇部市,2023,12,18,6,1,5夜,晴,市街地,舗装　乾燥,直路,施設なし,対象外当事者,対象外当事者,対象外当事者,対象外当事者,単路　3.5m未満,直路,単独（交差点付近を含む）,規制なし,人対車両,35～44歳,45～54歳,普通乗用,歩行者,自家用,対象外当事者,損傷なし,負傷,33.94837722,131.2756897,月曜,その他
周南,212,負傷,0,3,国道315号,周南市,2023,12,18,7,10,6夜明,曇,非市街地,舗装　凍結,直路,施設なし,対象外当事者,対象外当事者,対象外当事者,対象外当事者,単路　5.5m以上,直路,単独（交差点付近を含む）,規制なし,車両相互,75歳以上,35～44歳,普通貨物,軽貨物,自家用,自家用,損傷なし,負傷,34.09629472,131.8501636,月曜,その他
柳井,122,負傷,0,1,国道188号,平生町,2023,12,18,8,18,2昼,晴,非市街地,舗装　乾燥,交差点,点灯３灯式,標識　規制なし,表示なし,標識　規制なし,表示なし,交差点　中　中,直路,交差点内,規制なし,車両相互,01～24歳,01～24歳,普通乗用,自転車,自家用,自転車,損傷なし,負傷,33.9427175,132.0701531,月曜,その他
下関,297,負傷,0,1,県道,下関市,2023,12,18,8,39,2昼,曇,市街地,舗装　乾燥,交差点,施設なし,標識　標準　反射式,表示あり,標識　規制なし,表示なし,交差点　小　小,直路,交差点内,規制なし,車両相互,65～74歳,65～74歳,普通乗用,自転車,自家用,自転車,損傷なし,負傷,34.01695583,130.9205661,月曜,その他
山口南,118,負傷,0,1,市道,山口市,2023,12,18,9,56,2昼,晴,非市街地,舗装　乾燥,交差点,施設なし,標識　標準　反射式,表示あり,標識　規制なし,表示なし,交差点　中　中,直路,交差点内,規制なし,車両相互,65～74歳,75歳以上,軽貨物,原付一種,自家用,自家用,損傷なし,負傷,34.00827694,131.3636481,月曜,その他
柳井,21,負傷,0,1,県道,柳井市,2022,12,18,13,2,2昼,晴,非市街地,舗装　乾燥,交差点,点灯押ボ式,標識　規制なし,表示なし,標識　規制なし,表示なし,交差点　中　小,カーブ右,交差点内,規制なし,車両相互,75歳以上,25～34歳,普通乗用,普通乗用,自家用,自家用,損傷なし,負傷,33.94923694,132.1184767,日曜,その他
柳井,121,負傷,0,2,国道437号,周防大島町,2023,12,18,13,58,2昼,晴,市街地,舗装　乾燥,交差点,点灯３灯式,標識　規制なし,表示なし,標識　規制なし,表示なし,交差点　中　中,直路,交差点内,規制なし,車両相互,75歳以上,55～64歳,軽乗用,軽乗用,自家用,自家用,負傷,負傷,33.91512528,132.3041975,月曜,その他
岩国,205,負傷,0,1,国道188号,岩国市,2023,12,18,17,40,4夜暮,晴,非市街地,舗装　乾燥,直路,施設なし,対象外当事者,対象外当事者,対象外当事者,対象外当事者,単路　5.5m以上,直路,単独（交差点付近を含む）,規制なし,車両相互,45～54歳,01～24歳,軽乗用,原付一種,自家用,自家用,損傷なし,負傷,34.12335028,132.1999442,月曜,その他
柳井,117,負傷,0,3,市道,柳井市,2023,12,18,18,10,5夜,晴,市街地,舗装　乾燥,直路,施設なし,対象外当事者,対象外当事者,対象外当事者,対象外当事者,単路　5.5m以上,直路,単独（交差点付近を含む）,規制なし,車両相互,55～64歳,35～44歳,普通乗用,軽乗用,自家用,自家用,負傷,負傷,33.97434444,132.1068233,月曜,その他
宇部,1,負傷,0,1,県道,宇部市,2022,12,19,6,47,6夜明,曇,非市街地,舗装　凍結,直路,施設なし,対象外当事者,対象外当事者,対象外当事者,対象外当事者,単路　5.5m以上,直路,単独（交差点付近を含む）,規制なし,車両相互,01～24歳,55～64歳,普通乗用,軽貨物,自家用,自家用,負傷,損傷なし,33.96818333,131.3028572,月曜,その他
宇部,27,負傷,0,1,市道,宇部市,2022,12,19,6,50,6夜明,雪,市街地,舗装　凍結,直路,施設なし,対象外当事者,対象外当事者,対象外当事者,対象外当事者,単路　9.0m以上,直路,単独（交差点付近を含む）,規制なし,車両相互,25～34歳,35～44歳,準中型貨物,軽乗用,自家用,自家用,損傷なし,負傷,33.98794944,131.3050714,月曜,その他
宇部,319,負傷,0,1,市道,宇部市,2023,12,19,7,13,6夜明,雨,市街地,舗装　湿潤,交差点付近,点灯３灯式,対象外当事者,対象外当事者,対象外当事者,対象外当事者,単路　13.0m以上,直路,単独（交差点付近を含む）,規制なし,車両相互,35～44歳,55～64歳,普通乗用,普通乗用,自家用,自家用,損傷なし,負傷,33.96780472,131.2345458,火曜,その他
宇部,28,負傷,0,1,国道190号,宇部市,2022,12,19,7,22,1昼明,曇,市街地,舗装　湿潤,交差点,点灯３灯式,標識　規制なし,表示なし,対象外当事者,対象外当事者,交差点　中　小,直路,交差点内,規制なし,人対車両,25～34歳,75歳以上,軽乗用,歩行者,自家用,対象外当事者,損傷なし,負傷,33.97684861,131.3375553,月曜,その他
下松,5,負傷,0,1,市道,下松市,2022,12,19,10,47,2昼,晴,市街地,舗装　乾燥,直路,施設なし,対象外当事者,対象外当事者,対象外当事者,対象外当事者,単路　3.5m未満,直路,単独（交差点付近を含む）,規制なし,人対車両,35～44歳,01～24歳,普通乗用,歩行者,自家用,対象外当事者,損傷なし,負傷,34.01966944,131.8771375,月曜,その他
下松,4,負傷,0,1,市道,下松市,2022,12,19,17,20,4夜暮,晴,市街地,舗装　乾燥,直路,施設なし,対象外当事者,対象外当事者,対象外当事者,対象外当事者,単路　3.5m以上,直路,単独（交差点付近を含む）,規制なし,車両相互,45～54歳,01～24歳,普通乗用,軽貨物,自家用,自家用,負傷,損傷なし,34.02736889,131.8503439,月曜,その他
高速隊,3,負傷,0,1,高速道路,山口市,2022,12,19,17,30,4夜暮,曇,市街地,舗装　乾燥,橋,施設なし,対象外当事者,対象外当事者,対象外当事者,対象外当事者,単路　3.5m以上,直路,単独（交差点付近を含む）,規制なし,車両相互,35～44歳,25～34歳,普通乗用,軽乗用,自家用,自家用,負傷,損傷なし,34.09558333,131.4536944,月曜,その他
宇部,32,負傷,0,1,国道190号,宇部市,2022,12,19,17,54,4夜暮,晴,市街地,舗装　湿潤,直路,施設なし,対象外当事者,対象外当事者,対象外当事者,対象外当事者,単路　9.0m以上,直路,単独（交差点付近を含む）,規制なし,車両相互,55～64歳,35～44歳,小型二輪　251～400cc,自転車,自家用,自転車,負傷,損傷なし,33.94229028,131.2746161,月曜,その他
岩国,208,負傷,0,1,県道,岩国市,2023,12,19,18,46,5夜,晴,非市街地,舗装　湿潤,直路,施設なし,対象外当事者,対象外当事者,対象外当事者,対象外当事者,単路　5.5m以上,直路,単独（交差点付近を含む）,規制なし,車両相互,45～54歳,45～54歳,軽乗用,軽乗用,自家用,自家用,損傷なし,負傷,34.22628556,132.1253761,火曜,その他
下関,300,負傷,0,1,県道,下関市,2023,12,20,6,21,6夜明,晴,市街地,舗装　乾燥,交差点,点灯３灯式,標識　規制なし,表示あり,対象外当事者,対象外当事者,交差点　大　小,直路,交差点内,規制なし,人対車両,65～74歳,75歳以上,普通乗用,歩行者,自家用,対象外当事者,損傷なし,負傷,33.98181083,130.9340383,水曜,その他
小串,1,負傷,0,1,市道,下関市,2022,12,20,8,3,1昼明,晴,非市街地,舗装　乾燥,カーブ,施設なし,対象外当事者,対象外当事者,対象外当事者,対象外当事者,単路　5.5m以上,カーブ左,単独（交差点付近を含む）,規制なし,車両相互,45～54歳,65～74歳,軽乗用,軽貨物,自家用,自家用,損傷なし,負傷,34.14753028,130.9293017,火曜,その他
岩国,209,負傷,0,1,国道188号,岩国市,2023,12,20,11,32,2昼,晴,市街地,舗装　乾燥,直路,施設なし,対象外当事者,対象外当事者,対象外当事者,対象外当事者,単路　5.5m以上,直路,単独（交差点付近を含む）,規制なし,車両相互,45～54歳,65～74歳,軽乗用,軽貨物,自家用,自家用,負傷,損傷なし,34.11651222,132.1990408,水曜,その他
岩国,211,負傷,0,1,市道,岩国市,2023,12,20,14,55,2昼,晴,市街地,舗装　乾燥,交差点,施設なし,標識　標準　反射式,表示あり,標識　規制なし,表示なし,交差点　中　小,直路,交差点内,規制なし,車両相互,75歳以上,25～34歳,軽乗用,自転車,自家用,自転車,損傷なし,負傷,34.142415,132.2101744,水曜,その他
周南,214,負傷,0,1,県道,周南市,2023,12,20,15,1,2昼,曇,市街地,舗装　乾燥,交差点付近,施設なし,対象外当事者,対象外当事者,対象外当事者,対象外当事者,単路　9.0m以上,直路,単独（交差点付近を含む）,規制なし,車両相互,01～24歳,65～74歳,普通乗用,軽乗用,自家用,自家用,負傷,損傷なし,34.06942389,131.7828503,水曜,その他
周南,2,負傷,0,1,県道,周南市,2022,12,20,17,45,4夜暮,晴,市街地,舗装　乾燥,交差点,点灯３灯式,標識　規制なし,表示なし,標識　規制なし,表示なし,交差点　大　中,直路,交差点内,規制なし,車両相互,01～24歳,45～54歳,普通乗用,普通貨物,自家用,自家用,損傷なし,負傷,34.06899778,131.7886142,火曜,その他
柳井,4,負傷,0,1,国道188号,柳井市,2022,12,20,18,0,4夜暮,晴,非市街地,舗装　乾燥,カーブ,施設なし,対象外当事者,対象外当事者,対象外当事者,対象外当事者,単路　5.5m以上,カーブ右,単独（交差点付近を含む）,規制なし,車両相互,55～64歳,55～64歳,準中型貨物,軽貨物,自家用,自家用,損傷なし,負傷,33.97922333,132.197485,火曜,その他
下関,302,負傷,0,1,県道,下関市,2023,12,21,6,34,6夜明,雪,市街地,舗装　湿潤,交差点,点灯３灯式,標識　規制なし,表示なし,対象外当事者,対象外当事者,交差点　大　中,直路,交差点内,規制なし,人対車両,55～64歳,65～74歳,軽乗用,歩行者,自家用,対象外当事者,損傷なし,負傷,33.96260056,130.9422178,木曜,その他
下関,305,負傷,0,1,県道,下関市,2023,12,21,8,59,2昼,晴,市街地,舗装　湿潤,交差点,点灯押ボ式,標識　規制なし,表示なし,対象外当事者,対象外当事者,交差点　中　小,直路,交差点内,規制なし,人対車両,45～54歳,75歳以上,軽乗用,歩行者,自家用,対象外当事者,損傷なし,負傷,33.99774444,130.9251583,木曜,その他
宇部,15,負傷,0,1,県道,宇部市,2022,12,21,12,46,2昼,雨,非市街地,舗装　湿潤,交差点,施設なし,標識　標準　反射式,表示あり,標識　規制なし,表示なし,交差点　大　中,直路,交差点内,規制なし,車両相互,01～24歳,25～34歳,軽乗用,軽乗用,自家用,自家用,損傷なし,負傷,34.03794694,131.2087414,水曜,その他
下関,7,負傷,0,1,市道,下関市,2022,12,21,17,20,4夜暮,雨,市街地,舗装　湿潤,橋,施設なし,対象外当事者,対象外当事者,対象外当事者,対象外当事者,単路　3.5m未満,直路,単独（交差点付近を含む）,規制なし,車両相互,01～24歳,45～54歳,軽乗用,軽乗用,自家用,自家用,損傷なし,負傷,33.98011722,130.9250631,水曜,その他
宇部,26,負傷,0,1,国道190号,宇部市,2022,12,21,18,28,5夜,雨,市街地,舗装　湿潤,交差点,点灯３灯式,標識　規制なし,表示なし,標識　規制なし,表示なし,交差点　大　中,直路,交差点内,規制なし,車両相互,35～44歳,55～64歳,普通乗用,自転車,自家用,自転車,損傷なし,負傷,33.97732583,131.2131089,水曜,その他
長府,12,負傷,0,1,その他,下関市,2022,12,21,21,8,5夜,雨,市街地,舗装　乾燥,その他,施設なし,対象外当事者,対象外当事者,対象外当事者,対象外当事者,一般交通の場所,一般交通の場所,単独（交差点付近を含む）,規制なし,車両単独,35～44歳,不明,軽貨物,物件等,自家用,対象外当事者,損傷なし,対象外当事者,34.04398194,131.0145239,水曜,その他
山口南,4,負傷,0,1,県道,山口市,2022,12,21,23,17,5夜,曇,市街地,舗装　湿潤,直路,施設なし,対象外当事者,対象外当事者,対象外当事者,対象外当事者,単路　5.5m以上,直路,単独（交差点付近を含む）,規制なし,車両単独,45～54歳,不明,中型乗用,物件等,自家用,対象外当事者,損傷なし,対象外当事者,34.03228472,131.4038144,水曜,その他
高速隊,4,負傷,0,1,高速道路,山口市,2022,12,22,2,25,5夜,雨,非市街地,舗装　湿潤,直路,施設なし,対象外当事者,対象外当事者,対象外当事者,対象外当事者,単路　13.0m以上,直路,単独（交差点付近を含む）,規制なし,車両相互,55～64歳,45～54歳,大型貨物,大型貨物,事業用,事業用,損傷なし,負傷,34.13,131.4428333,木曜,その他
宇部,23,負傷,0,1,国道190号,宇部市,2022,12,22,8,17,2昼,雨,市街地,舗装　乾燥,交差点,施設なし,標識　規制なし,表示なし,標識　規制なし,表示なし,交差点　大　小,直路,交差点内,規制なし,車両相互,25～34歳,45～54歳,軽乗用,自転車,自家用,自転車,損傷なし,負傷,33.94279222,131.2776256,木曜,その他
山口南,119,負傷,0,3,県道,山口市,2023,12,22,8,47,2昼,曇,非市街地,舗装　凍結,直路,施設なし,対象外当事者,対象外当事者,対象外当事者,対象外当事者,単路　3.5m以上,直路,単独（交差点付近を含む）,規制なし,車両相互,75歳以上,45～54歳,普通乗用,普通貨物,自家用,自家用,損傷なし,負傷,34.07727639,131.4212267,金曜,その他
山口,15,負傷,0,1,一般の交通の用に供するその他の道路,山口市,2022,12,22,9,57,2昼,曇,市街地,舗装　湿潤,その他,施設なし,対象外当事者,対象外当事者,対象外当事者,対象外当事者,一般交通の場所,一般交通の場所,単独（交差点付近を含む）,規制なし,人対車両,25～34歳,75歳以上,軽乗用,歩行者,自家用,対象外当事者,損傷なし,負傷,34.20386917,131.5094897,木曜,その他
山口,1,負傷,0,1,国道９号,山口市,2022,12,22,10,20,2昼,曇,市街地,舗装　乾燥,交差点,施設なし,標識　規制なし,表示なし,標識　規制なし,表示なし,交差点　小　小,直路,交差点内,規制なし,車両相互,75歳以上,65～74歳,普通乗用,自転車,自家用,自転車,損傷なし,負傷,34.16719611,131.4486683,木曜,その他
下松,1,負傷,0,1,県道,下松市,2022,12,22,15,16,2昼,晴,市街地,舗装　乾燥,交差点,施設なし,標識　規制なし,表示なし,標識　規制なし,表示なし,交差点　中　小,直路,交差点内,規制なし,車両相互,65～74歳,25～34歳,軽乗用,自転車,自家用,自転車,損傷なし,負傷,34.01989611,131.8804369,木曜,その他
宇部,79,負傷,0,2,国道190号,宇部市,2022,12,22,16,40,3昼暮,雨,市街地,舗装　湿潤,交差点,点灯３灯式,標識　規制なし,表示なし,標識　規制なし,表示なし,交差点　中　中,直路,交差点内,規制なし,車両相互,55～64歳,75歳以上,普通乗用,軽貨物,自家用,自家用,負傷,損傷なし,33.94242361,131.2907481,木曜,その他
宇部,322,負傷,0,1,県道,宇部市,2023,12,22,17,43,4夜暮,曇,市街地,舗装　乾燥,交差点,点灯３灯式,標識　規制なし,表示なし,標識　規制なし,表示なし,交差点　中　小,直路,交差点内,規制なし,車両相互,45～54歳,55～64歳,軽乗用,軽貨物,自家用,自家用,負傷,損傷なし,33.94922194,131.2464006,金曜,その他
山口,180,負傷,0,1,国道９号,山口市,2023,12,22,18,9,5夜,曇,非市街地,舗装　乾燥,直路,施設なし,対象外当事者,対象外当事者,対象外当事者,対象外当事者,単路　5.5m以上,直路,単独（交差点付近を含む）,規制なし,車両相互,45～54歳,55～64歳,普通乗用,普通乗用,自家用,自家用,損傷なし,負傷,34.15749139,131.4350792,金曜,その他
宇部,47,負傷,0,1,国道490号,宇部市,2022,12,22,18,28,5夜,雨,市街地,舗装　乾燥,交差点,施設なし,標識　規制なし,表示なし,標識　規制なし,表示なし,交差点　大　大,直路,交差点内,規制なし,車両相互,35～44歳,01～24歳,普通乗用,自転車,自家用,自転車,損傷なし,負傷,33.95657528,131.2590972,木曜,その他
宇部,6,負傷,0,1,市道,宇部市,2022,12,22,18,58,5夜,曇,市街地,舗装　乾燥,交差点,施設なし,標識　規制なし,表示なし,標識　規制なし,表示なし,交差点　小　小,カーブ左,交差点内,規制なし,車両相互,25～34歳,25～34歳,普通乗用,普通乗用,自家用,自家用,損傷なし,負傷,33.98480222,131.2046914,木曜,その他
美祢,30,負傷,0,1,市道,美祢市,2023,12,22,19,28,5夜,曇,市街地,舗装　乾燥,交差点,施設なし,標識　規制なし,表示なし,対象外当事者,対象外当事者,交差点　中　中,直路,交差点内,規制なし,人対車両,55～64歳,01～24歳,普通乗用,歩行者,自家用,対象外当事者,損傷なし,負傷,34.16431722,131.2036364,金曜,その他
防府,14,負傷,0,1,県道,防府市,2022,12,22,20,11,5夜,雪,市街地,舗装　湿潤,交差点付近,点灯３灯式,対象外当事者,対象外当事者,対象外当事者,対象外当事者,単路　5.5m以上,直路,単独（交差点付近を含む）,規制なし,車両相互,01～24歳,45～54歳,普通乗用,軽二輪　126～250cc,自家用,自家用,損傷なし,負傷,34.02375139,131.5539858,木曜,その他
美祢,1,負傷,0,3,県道,美祢市,2022,12,23,7,40,1昼明,雪,市街地,舗装　凍結,直路,施設なし,対象外当事者,対象外当事者,対象外当事者,対象外当事者,単路　5.5m以上,直路,単独（交差点付近を含む）,規制なし,車両相互,45～54歳,55～64歳,普通貨物,軽貨物,自家用,自家用,損傷なし,負傷,34.11077306,131.1483025,金曜,その他
周南,13,負傷,0,1,県道,周南市,2022,12,23,8,0,1昼明,晴,市街地,舗装　凍結,直路,施設なし,対象外当事者,対象外当事者,対象外当事者,対象外当事者,単路　3.5m以上,直路,単独（交差点付近を含む）,規制なし,車両相互,35～44歳,55～64歳,軽乗用,軽乗用,自家用,自家用,損傷なし,負傷,34.07131444,131.7722864,金曜,その他
防府,1,負傷,0,1,市道,防府市,2022,12,23,8,35,2昼,雪,市街地,舗装　凍結,直路,施設なし,対象外当事者,対象外当事者,対象外当事者,対象外当事者,単路　5.5m以上,直路,単独（交差点付近を含む）,規制なし,車両相互,25～34歳,35～44歳,普通乗用,軽乗用,自家用,自家用,損傷なし,負傷,34.02722833,131.5669036,金曜,その他
山口,7,負傷,0,1,市道,山口市,2022,12,23,9,8,2昼,曇,市街地,舗装　凍結,交差点,点灯押ボ式,標識　規制なし,表示なし,標識　規制なし,表示なし,交差点　中　小,直路,交差点内,規制なし,車両相互,25～34歳,55～64歳,普通乗用,普通乗用,自家用,自家用,損傷なし,損傷なし,34.14483139,131.4656236,金曜,その他
周南,8,負傷,0,1,国道２号,周南市,2022,12,23,9,20,2昼,曇,非市街地,舗装　凍結,直路,施設なし,対象外当事者,対象外当事者,対象外当事者,対象外当事者,単路　9.0m以上,直路,単独（交差点付近を含む）,規制なし,車両相互,35～44歳,65～74歳,普通乗用,普通乗用,自家用,自家用,損傷なし,負傷,34.07726333,131.7298497,金曜,その他
宇部,320,死亡,1,0,私道,宇部市,2023,12,23,10,0,2昼,晴,非市街地,舗装　乾燥,直路,施設なし,対象外当事者,対象外当事者,対象外当事者,対象外当事者,単路　3.5m未満,直路,単独（交差点付近を含む）,規制なし,人対車両,75歳以上,75歳以上,軽貨物,歩行者,自家用,対象外当事者,損傷なし,死亡,34.13119361,131.3214486,土曜,その他
下関,310,負傷,0,1,県道,下関市,2023,12,23,10,2,2昼,曇,市街地,舗装　乾燥,交差点,施設なし,標識　規制なし,表示なし,対象外当事者,対象外当事者,交差点　中　中,直路,交差点内,規制なし,人対車両,55～64歳,75歳以上,普通乗用,歩行者,自家用,対象外当事者,損傷なし,負傷,33.99773,130.9251647,土曜,その他
岩国,9,負傷,0,1,その他,岩国市,2022,12,23,11,12,2昼,雪,市街地,舗装　乾燥,その他,施設なし,対象外当事者,対象外当事者,対象外当事者,対象外当事者,一般交通の場所,一般交通の場所,単独（交差点付近を含む）,規制なし,車両相互,35～44歳,25～34歳,普通乗用,軽乗用,自家用,自家用,損傷なし,損傷なし,34.16317667,132.1793922,金曜,その他
防府,202,負傷,0,2,市道,防府市,2023,12,23,12,27,2昼,晴,市街地,舗装　乾燥,交差点,施設なし,標識　標準　反射式,表示なし,標識　規制なし,表示なし,交差点　大　小,直路,単独（交差点付近を含む）,規制なし,車両相互,45～54歳,75歳以上,軽乗用,軽乗用,自家用,自家用,負傷,負傷,34.05902667,131.5649111,土曜,その他
長門,21,負傷,0,2,国道191号,長門市,2022,12,23,12,30,2昼,曇,市街地,舗装　凍結,直路,施設なし,対象外当事者,対象外当事者,対象外当事者,対象外当事者,単路　9.0m以上,直路,単独（交差点付近を含む）,規制なし,車両相互,65～74歳,35～44歳,普通乗用,普通乗用,自家用,自家用,損傷なし,負傷,34.37250222,131.1868786,金曜,その他