警察署,本票番号,事故内容,死者数,負傷者数,路線,市町村名,発生日時　　年,発生日時　　月,発生日時　　日,発生日時　　時,発生日時　　分,昼夜,天候,地形,路面状態,道路形状,信号機,一時停止規制標識（当事者A）,一時停止規制表示（当事者A）,一時停止規制標識（当事者B）,一時停止規制表示（当事者B）,車道幅員,道路線形,衝突地点,ゾーン規制,事故類型,年齢（当事者A）,年齢（当事者B）,当事者種別（当事者A）,当事者種別（当事者B）,用途別（当事者A）,用途別（当事者B）,人身損傷程度（当事者A）,人身損傷程度（当事者B）,緯度,経度,曜日,祝日
宇部,12,負傷,0,2,市道,宇部市,2022,12,23,13,30,2昼,晴,市街地,舗装　乾燥,直路,施設なし,対象外当事者,対象外当事者,対象外当事者,対象外当事者,単路　3.5m以上,直路,単独（交差点付近を含む）,規制なし,車両相互,65～74歳,01～24歳,普通乗用,普通乗用,自家用,自家用,損傷なし,負傷,33.94797611,131.2563592,金曜,その他
宇部,24,負傷,0,1,国道190号,宇部市,2022,12,23,13,43,2昼,雪,市街地,舗装　凍結,直路,点灯３灯式,対象外当事者,対象外当事者,対象外当事者,対象外当事者,単路　9.0m以上,直路,単独（交差点付近を含む）,規制なし,車両相互,65～74歳,01～24歳,普通乗用,軽貨物,自家用,自家用,損傷なし,負傷,33.96114472,131.3171017,金曜,その他
山口南,1,負傷,0,1,県道,山口市,2022,12,23,13,50,2昼,雪,市街地,舗装　湿潤,交差点,点滅３灯式,標識　規制なし,表示なし,標識　規制なし,表示なし,交差点　大　中,直路,交差点内,規制なし,車両相互,55～64歳,01～24歳,普通乗用,原付一種,自家用,自家用,損傷なし,負傷,34.09608056,131.4057036,金曜,その他
柳井,3,負傷,0,1,国道188号,平生町,2022,12,23,17,38,4夜暮,曇,非市街地,舗装　湿潤,直路,施設なし,対象外当事者,対象外当事者,対象外当事者,対象外当事者,単路　5.5m以上,直路,単独（交差点付近を含む）,規制なし,車両相互,55～64歳,45～54歳,軽乗用,軽乗用,自家用,自家用,損傷なし,負傷,33.94379222,132.0716878,金曜,その他
宇部,329,負傷,0,2,一般の交通の用に供するその他の道路,宇部市,2023,12,23,18,58,5夜,曇,市街地,舗装　乾燥,その他,施設なし,対象外当事者,対象外当事者,対象外当事者,対象外当事者,一般交通の場所,一般交通の場所,単独（交差点付近を含む）,規制なし,車両相互,55～64歳,35～44歳,普通乗用,普通乗用,事業用,自家用,損傷なし,負傷,33.95872111,131.2606714,土曜,その他
長府,2,負傷,0,1,国道２号,下関市,2022,12,23,19,4,5夜,曇,市街地,舗装　湿潤,交差点付近,施設なし,対象外当事者,対象外当事者,対象外当事者,対象外当事者,単路　9.0m以上,直路,単独（交差点付近を含む）,規制なし,車両相互,45～54歳,25～34歳,普通乗用,軽乗用,自家用,自家用,損傷なし,負傷,34.00414167,130.993195,金曜,その他
周南,5,負傷,0,1,県道,周南市,2022,12,23,21,47,5夜,曇,市街地,舗装　凍結,カーブ,施設なし,対象外当事者,対象外当事者,対象外当事者,対象外当事者,単路　3.5m以上,カーブ右,単独（交差点付近を含む）,規制なし,車両相互,35～44歳,35～44歳,普通貨物,軽貨物,自家用,自家用,負傷,損傷なし,34.07223417,131.73431,金曜,その他
周南,16,負傷,0,1,国道２号,周南市,2022,12,24,7,40,1昼明,雪,非市街地,舗装　凍結,交差点付近,点灯３灯式,対象外当事者,対象外当事者,対象外当事者,対象外当事者,単路　5.5m以上,直路,単独（交差点付近を含む）,規制なし,車両相互,35～44歳,65～74歳,普通乗用,軽貨物,自家用,自家用,負傷,損傷なし,34.07936861,131.7194664,土曜,その他
周南,15,負傷,0,3,国道２号,周南市,2022,12,24,10,55,2昼,晴,市街地,舗装　乾燥,直路,施設なし,対象外当事者,対象外当事者,対象外当事者,対象外当事者,単路　9.0m以上,直路,単独（交差点付近を含む）,規制なし,車両相互,25～34歳,35～44歳,普通乗用,普通乗用,自家用,自家用,損傷なし,負傷,34.04124417,131.8406622,土曜,その他
周南,14,負傷,0,3,国道２号,周南市,2022,12,24,10,55,2昼,晴,市街地,舗装　乾燥,直路,施設なし,対象外当事者,対象外当事者,対象外当事者,対象外当事者,単路　9.0m以上,直路,単独（交差点付近を含む）,規制なし,車両相互,35～44歳,35～44歳,普通乗用,軽乗用,自家用,自家用,負傷,負傷,34.041215,131.8406892,土曜,その他
宇部,30,負傷,0,1,一般の交通の用に供するその他の道路,宇部市,2022,12,24,12,43,2昼,晴,市街地,舗装　乾燥,その他,施設なし,対象外当事者,対象外当事者,対象外当事者,対象外当事者,一般交通の場所,一般交通の場所,単独（交差点付近を含む）,規制なし,車両相互,35～44歳,75歳以上,普通乗用,軽乗用,自家用,自家用,損傷なし,損傷なし,33.98112944,131.2164081,土曜,その他
宇部,22,負傷,0,1,一般の交通の用に供するその他の道路,宇部市,2022,12,24,13,8,2昼,曇,市街地,舗装　乾燥,その他,施設なし,対象外当事者,対象外当事者,対象外当事者,対象外当事者,一般交通の場所,一般交通の場所,単独（交差点付近を含む）,規制なし,人対車両,75歳以上,75歳以上,軽乗用,歩行者,自家用,対象外当事者,損傷なし,負傷,33.96663944,131.3048153,土曜,その他
柳井,6,負傷,0,1,市道,柳井市,2022,12,24,13,43,2昼,晴,市街地,舗装　乾燥,交差点,点灯３灯式,標識　規制なし,表示なし,標識　規制なし,表示なし,交差点　中　中,カーブ右,交差点内,規制なし,車両相互,55～64歳,45～54歳,軽乗用,軽乗用,自家用,自家用,損傷なし,負傷,33.9578175,132.1056331,土曜,その他
下関,312,負傷,0,1,市道,下関市,2023,12,24,18,20,5夜,雨,市街地,舗装　湿潤,交差点,点灯３灯式,標識　規制なし,表示なし,対象外当事者,対象外当事者,交差点　小　小,直路,交差点内,規制なし,人対車両,55～64歳,01～24歳,普通乗用,歩行者,自家用,対象外当事者,損傷なし,負傷,33.9816475,130.9243897,日曜,その他
下関,309,負傷,0,1,国道２号,下関市,2023,12,24,18,25,5夜,雨,市街地,舗装　湿潤,交差点,施設なし,標識　標準　反射式,表示あり,標識　標準　反射式,表示あり,交差点　小　小,直路,交差点内,規制なし,車両相互,01～24歳,25～34歳,普通乗用,普通乗用,自家用,自家用,損傷なし,負傷,33.97571972,130.9463539,日曜,その他
下関,314,負傷,0,1,国道９号,下関市,2023,12,24,23,23,5夜,雨,市街地,舗装　湿潤,直路,施設なし,対象外当事者,対象外当事者,対象外当事者,対象外当事者,単路　13.0m以上,直路,単独（交差点付近を含む）,規制なし,車両相互,01～24歳,01～24歳,普通乗用,普通乗用,自家用,自家用,損傷なし,負傷,33.95159444,130.9297125,日曜,その他
柳井,120,負傷,0,1,県道,田布施町,2023,12,25,6,55,6夜明,晴,市街地,舗装　乾燥,交差点,施設なし,標識　規制なし,表示なし,対象外当事者,対象外当事者,交差点　中　小,カーブ右,交差点内,規制なし,人対車両,65～74歳,75歳以上,軽乗用,歩行者,自家用,対象外当事者,損傷なし,負傷,33.95767833,132.048685,月曜,その他
柳井,29,負傷,0,1,市道,柳井市,2022,12,25,7,30,1昼明,晴,非市街地,舗装　乾燥,直路,施設なし,対象外当事者,対象外当事者,対象外当事者,対象外当事者,単路　5.5m以上,直路,単独（交差点付近を含む）,規制なし,車両相互,45～54歳,01～24歳,普通乗用,原付一種,自家用,自家用,損傷なし,負傷,33.96799028,132.1269911,日曜,その他
山口南,7,負傷,0,1,市道,山口市,2022,12,25,10,10,2昼,晴,市街地,舗装　乾燥,直路,施設なし,対象外当事者,対象外当事者,対象外当事者,対象外当事者,単路　3.5m未満,直路,単独（交差点付近を含む）,規制なし,車両相互,45～54歳,01～24歳,普通乗用,軽乗用,自家用,自家用,損傷なし,負傷,34.08603361,131.4005367,日曜,その他
周南,22,負傷,0,2,県道,周南市,2022,12,25,12,40,2昼,晴,市街地,舗装　乾燥,直路,施設なし,対象外当事者,対象外当事者,対象外当事者,対象外当事者,単路　9.0m以上,直路,単独（交差点付近を含む）,規制なし,車両相互,65～74歳,01～24歳,普通乗用,軽貨物,自家用,事業用,損傷なし,損傷なし,34.03928167,131.8216208,日曜,その他
岩国,4,負傷,0,2,国道188号,岩国市,2022,12,25,14,35,2昼,晴,市街地,舗装　乾燥,直路,施設なし,対象外当事者,対象外当事者,対象外当事者,対象外当事者,単路　9.0m以上,直路,単独（交差点付近を含む）,規制なし,車両相互,25～34歳,01～24歳,普通乗用,軽貨物,自家用,自家用,損傷なし,負傷,34.15187167,132.2179083,日曜,その他
下関,313,負傷,0,1,県道,下関市,2023,12,25,16,46,3昼暮,晴,市街地,舗装　乾燥,交差点,点灯３灯式,標識　規制なし,表示なし,標識　規制なし,表示なし,交差点　小　小,直路,交差点内,規制なし,車両相互,55～64歳,01～24歳,普通乗用,自転車,自家用,自転車,損傷なし,負傷,34.0057225,130.9328589,月曜,その他
宇部,3,負傷,0,1,市道,宇部市,2022,12,25,19,3,5夜,曇,市街地,舗装　乾燥,交差点付近,施設なし,対象外当事者,対象外当事者,対象外当事者,対象外当事者,単路　5.5m以上,直路,単独（交差点付近を含む）,規制なし,車両相互,65～74歳,45～54歳,軽乗用,原付一種,自家用,自家用,損傷なし,負傷,34.00185167,131.2153047,日曜,その他
宇部,2,負傷,0,3,国道490号,宇部市,2022,12,25,20,2,5夜,晴,非市街地,舗装　乾燥,直路,施設なし,対象外当事者,対象外当事者,対象外当事者,対象外当事者,単路　5.5m以上,直路,単独（交差点付近を含む）,規制なし,車両相互,25～34歳,65～74歳,普通乗用,軽乗用,自家用,自家用,負傷,負傷,34.0055025,131.2827044,日曜,その他
下関,307,死亡,1,0,国道191号,下関市,2023,12,26,6,7,5夜,曇,市街地,舗装　乾燥,直路,施設なし,対象外当事者,対象外当事者,対象外当事者,対象外当事者,単路　5.5m以上,直路,単独（交差点付近を含む）,規制なし,車両相互,45～54歳,55～64歳,普通乗用,原付二種　51～125cc,自家用,自家用,損傷なし,死亡,34.0459225,130.9149831,火曜,その他
下関,308,負傷,0,1,国道２号,下関市,2023,12,26,7,30,1昼明,晴,市街地,舗装　乾燥,交差点付近,点灯３灯式,対象外当事者,対象外当事者,対象外当事者,対象外当事者,単路　13.0m以上,直路,単独（交差点付近を含む）,規制なし,車両相互,35～44歳,25～34歳,普通乗用,軽乗用,自家用,自家用,損傷なし,負傷,33.98805222,130.9507508,火曜,その他
周南,1,負傷,0,1,国道434号,周南市,2022,12,26,7,40,1昼明,曇,非市街地,舗装　凍結,カーブ,施設なし,対象外当事者,対象外当事者,対象外当事者,対象外当事者,単路　5.5m以上,カーブ左,単独（交差点付近を含む）,規制なし,車両相互,25～34歳,55～64歳,普通貨物,軽乗用,自家用,自家用,損傷なし,損傷なし,34.129675,131.8778328,月曜,その他
防府,8,負傷,0,1,市道,防府市,2022,12,26,8,51,2昼,晴,市街地,舗装　乾燥,直路,施設なし,対象外当事者,対象外当事者,対象外当事者,対象外当事者,単路　5.5m以上,直路,単独（交差点付近を含む）,規制なし,車両相互,35～44歳,65～74歳,軽乗用,自転車,自家用,自転車,損傷なし,負傷,34.05569028,131.57933,月曜,その他
長門,2,負傷,0,1,農免道路,長門市,2022,12,26,8,55,2昼,晴,非市街地,舗装　乾燥,直路,施設なし,対象外当事者,対象外当事者,対象外当事者,対象外当事者,単路　5.5m以上,直路,単独（交差点付近を含む）,規制なし,人対車両,65～74歳,01～24歳,普通乗用,歩行者,自家用,対象外当事者,損傷なし,負傷,34.35445167,131.1695219,月曜,その他
宇部,16,負傷,0,1,その他,宇部市,2022,12,26,12,47,2昼,晴,非市街地,舗装　乾燥,その他,施設なし,対象外当事者,対象外当事者,対象外当事者,対象外当事者,一般交通の場所,一般交通の場所,単独（交差点付近を含む）,規制なし,車両相互,45～54歳,65～74歳,普通乗用,軽乗用,自家用,自家用,損傷なし,負傷,33.96193194,131.3184622,月曜,その他
柳井,10,負傷,0,1,町道,平生町,2022,12,26,13,20,2昼,晴,非市街地,舗装　乾燥,交差点,施設なし,標識　規制なし,表示あり,標識　規制なし,表示あり,交差点　中　中,直路,交差点内,規制なし,車両相互,35～44歳,75歳以上,軽乗用,自転車,自家用,自転車,損傷なし,負傷,33.93061972,132.0767672,月曜,その他
長門,1,負傷,0,1,国道191号,長門市,2022,12,26,15,17,2昼,晴,市街地,舗装　乾燥,直路,施設なし,対象外当事者,対象外当事者,対象外当事者,対象外当事者,単路　13.0m以上,直路,単独（交差点付近を含む）,規制なし,車両相互,65～74歳,75歳以上,軽乗用,軽貨物,自家用,自家用,負傷,損傷なし,34.37255333,131.1869744,月曜,その他
岩国,1,負傷,0,1,県道,岩国市,2022,12,26,15,48,2昼,晴,市街地,舗装　乾燥,直路,施設なし,対象外当事者,対象外当事者,対象外当事者,対象外当事者,単路　3.5m未満,直路,単独（交差点付近を含む）,規制なし,人対車両,55～64歳,75歳以上,軽乗用,歩行者,自家用,対象外当事者,損傷なし,負傷,34.18701278,132.1433256,月曜,その他
周南,6,負傷,0,1,国道２号,周南市,2022,12,26,15,58,2昼,晴,市街地,舗装　乾燥,直路,施設なし,対象外当事者,対象外当事者,対象外当事者,対象外当事者,単路　9.0m以上,直路,単独（交差点付近を含む）,規制なし,車両相互,25～34歳,25～34歳,普通乗用,軽貨物,自家用,自家用,負傷,損傷なし,34.07851111,131.7221056,月曜,その他
岩国,22,負傷,0,2,県道,岩国市,2022,12,26,19,48,5夜,晴,市街地,舗装　乾燥,交差点,点灯３灯式,標識　規制なし,表示なし,標識　規制なし,表示なし,交差点　中　中,直路,交差点内,規制なし,車両相互,45～54歳,65～74歳,普通乗用,軽乗用,自家用,自家用,負傷,損傷なし,34.15786917,132.1939786,月曜,その他
防府,6,負傷,0,1,市道,防府市,2022,12,26,23,41,5夜,晴,市街地,舗装　乾燥,直路,施設なし,対象外当事者,対象外当事者,対象外当事者,対象外当事者,単路　3.5m未満,直路,単独（交差点付近を含む）,規制なし,車両相互,45～54歳,25～34歳,普通乗用,自転車,自家用,自転車,損傷なし,負傷,34.06306111,131.5652461,月曜,その他
高速隊,58,死亡,1,0,高速道路,岩国市,2023,12,27,6,42,6夜明,曇,非市街地,舗装　乾燥,直路,施設なし,対象外当事者,対象外当事者,対象外当事者,対象外当事者,単路　9.0m以上,直路,単独（交差点付近を含む）,規制なし,車両単独,25～34歳,不明,軽乗用,物件等,自家用,対象外当事者,死亡,対象外当事者,34.17847333,132.1681622,水曜,その他
山口,10,負傷,0,1,国道262号,山口市,2022,12,27,8,54,2昼,曇,非市街地,舗装　乾燥,直路,施設なし,対象外当事者,対象外当事者,対象外当事者,対象外当事者,単路　9.0m以上,直路,単独（交差点付近を含む）,規制なし,車両相互,45～54歳,55～64歳,準中型貨物,原付一種,自家用,自家用,損傷なし,負傷,34.11832639,131.5314969,火曜,その他
周南,3,負傷,0,1,県道,周南市,2022,12,27,10,55,2昼,晴,市街地,舗装　乾燥,交差点,点灯３灯式,標識　その他,表示なし,標識　その他,表示なし,交差点　中　小,直路,交差点内,規制なし,車両相互,45～54歳,25～34歳,普通乗用,軽乗用,自家用,自家用,負傷,損傷なし,34.05034694,131.8012525,火曜,その他
長府,10,負傷,0,2,国道２号,下関市,2022,12,27,11,24,2昼,曇,市街地,舗装　乾燥,直路,施設なし,対象外当事者,対象外当事者,対象外当事者,対象外当事者,単路　13.0m以上,直路,単独（交差点付近を含む）,規制なし,車両相互,45～54歳,25～34歳,軽乗用,軽貨物,自家用,自家用,負傷,損傷なし,34.00890583,130.9954717,火曜,その他
岩国,212,負傷,0,1,県道,岩国市,2023,12,27,11,29,2昼,晴,非市街地,舗装　乾燥,カーブ,施設なし,対象外当事者,対象外当事者,対象外当事者,対象外当事者,単路　5.5m以上,カーブ右,単独（交差点付近を含む）,規制なし,車両相互,65～74歳,35～44歳,軽乗用,軽貨物,自家用,自家用,損傷なし,負傷,34.16238417,132.1494797,水曜,その他
宇部,324,負傷,0,1,市道,宇部市,2023,12,27,12,18,2昼,晴,非市街地,舗装　乾燥,交差点,点灯３灯式,標識　規制なし,表示なし,標識　規制なし,表示なし,交差点　大　中,直路,交差点内,規制なし,車両相互,55～64歳,01～24歳,軽貨物,自転車,自家用,自転車,損傷なし,負傷,33.94454278,131.2669303,水曜,その他
宇部,4,負傷,0,1,国道190号,宇部市,2022,12,27,13,30,2昼,晴,市街地,舗装　乾燥,交差点,施設なし,標識　規制なし,表示なし,標識　規制なし,表示なし,交差点　中　小,直路,交差点内,規制なし,車両相互,65～74歳,01～24歳,軽貨物,自転車,自家用,自転車,損傷なし,負傷,33.97744278,131.3379847,火曜,その他
下関,311,負傷,0,1,一般の交通の用に供するその他の道路,下関市,2023,12,27,14,32,2昼,晴,市街地,舗装　乾燥,その他,施設なし,対象外当事者,対象外当事者,対象外当事者,対象外当事者,一般交通の場所,一般交通の場所,単独（交差点付近を含む）,規制なし,人対車両,65～74歳,35～44歳,普通乗用,歩行者,自家用,対象外当事者,損傷なし,負傷,34.00331389,130.9503433,水曜,その他
小串,19,負傷,0,1,国道191号,下関市,2023,12,27,14,37,2昼,晴,市街地,舗装　乾燥,直路,施設なし,対象外当事者,対象外当事者,対象外当事者,対象外当事者,単路　5.5m以上,直路,単独（交差点付近を含む）,規制なし,車両相互,25～34歳,75歳以上,普通乗用,軽貨物,自家用,自家用,損傷なし,負傷,34.19340917,130.9326697,水曜,その他
山口,2,負傷,0,1,国道９号,山口市,2022,12,27,16,28,3昼暮,晴,非市街地,舗装　乾燥,交差点付近,施設なし,対象外当事者,対象外当事者,対象外当事者,対象外当事者,単路　5.5m以上,直路,単独（交差点付近を含む）,規制なし,車両相互,25～34歳,01～24歳,普通乗用,軽乗用,自家用,自家用,負傷,損傷なし,34.39592167,131.7213322,火曜,その他
小串,2,負傷,0,1,県道,下関市,2022,12,27,18,0,4夜暮,晴,非市街地,舗装　乾燥,直路,施設なし,対象外当事者,対象外当事者,対象外当事者,対象外当事者,単路　3.5m未満,直路,単独（交差点付近を含む）,規制なし,車両相互,35～44歳,45～54歳,普通乗用,軽乗用,自家用,自家用,負傷,損傷なし,34.14111111,130.9354444,火曜,その他
防府,4,負傷,0,1,県道,防府市,2022,12,27,18,3,4夜暮,曇,非市街地,舗装　乾燥,交差点,点灯３灯式,標識　標準　反射式,表示あり,対象外当事者,対象外当事者,交差点　中　小,直路,交差点内,規制なし,人対車両,55～64歳,45～54歳,軽貨物,歩行者,事業用,対象外当事者,損傷なし,負傷,34.02683944,131.55886,火曜,その他
山口,6,負傷,0,1,国道９号,山口市,2022,12,27,18,45,5夜,曇,市街地,舗装　乾燥,交差点,点灯３灯式,標識　規制なし,表示なし,対象外当事者,対象外当事者,交差点　大　大,直路,交差点内,規制なし,人対車両,35～44歳,01～24歳,普通乗用,歩行者,自家用,対象外当事者,損傷なし,負傷,34.18156944,131.4700636,火曜,その他
下松,8,負傷,0,1,県道,下松市,2022,12,27,19,42,5夜,晴,市街地,舗装　乾燥,直路,施設なし,対象外当事者,対象外当事者,対象外当事者,対象外当事者,単路　3.5m未満,直路,単独（交差点付近を含む）,規制なし,車両相互,01～24歳,35～44歳,軽乗用,小型二輪　751cc以上,自家用,自家用,損傷なし,負傷,34.02526083,131.8602308,火曜,その他
下関,1,負傷,0,1,市道,下関市,2022,12,27,21,0,5夜,晴,市街地,舗装　乾燥,交差点,点灯３灯式,標識　規制なし,表示なし,対象外当事者,対象外当事者,交差点　大　中,直路,交差点内,規制なし,人対車両,45～54歳,75歳以上,軽乗用,歩行者,自家用,対象外当事者,損傷なし,負傷,33.97927972,130.9363828,火曜,その他
宇部,13,負傷,0,1,県道,宇部市,2022,12,28,4,57,5夜,晴,市街地,舗装　乾燥,交差点,点滅３灯式,標識　規制なし,表示なし,対象外当事者,対象外当事者,交差点　大　中,直路,交差点内,規制なし,人対車両,25～34歳,75歳以上,普通貨物,歩行者,事業用,対象外当事者,損傷なし,負傷,33.97177361,131.2999092,水曜,その他
山陽小野田,6,負傷,0,1,県道,山陽小野田市,2022,12,28,6,17,5夜,晴,非市街地,舗装　乾燥,交差点,点灯３灯式,標識　規制なし,表示なし,標識　規制なし,表示なし,交差点　大　中,直路,交差点内,規制なし,車両相互,55～64歳,35～44歳,普通乗用,自転車,自家用,自転車,損傷なし,負傷,34.0569325,131.1492633,水曜,その他
宇部,9,負傷,0,1,市道,宇部市,2022,12,28,10,4,2昼,晴,非市街地,舗装　乾燥,直路,施設なし,対象外当事者,対象外当事者,対象外当事者,対象外当事者,単路　3.5m以上,直路,単独（交差点付近を含む）,規制なし,車両相互,45～54歳,65～74歳,普通乗用,自転車,自家用,自転車,損傷なし,負傷,34.00090028,131.2184947,水曜,その他
宇部,44,負傷,0,1,国道190号,宇部市,2022,12,28,10,19,2昼,曇,市街地,舗装　乾燥,交差点,施設なし,標識　規制なし,表示なし,標識　規制なし,表示なし,交差点　小　小,直路,交差点内,規制なし,車両相互,75歳以上,35～44歳,普通乗用,自転車,自家用,自転車,損傷なし,負傷,33.94726056,131.2521322,水曜,その他
山口南,3,負傷,0,1,県道,山口市,2022,12,28,10,45,2昼,晴,市街地,舗装　乾燥,交差点付近,点灯３灯式,対象外当事者,対象外当事者,対象外当事者,対象外当事者,単路　3.5m未満,直路,単独（交差点付近を含む）,規制なし,車両相互,01～24歳,25～34歳,普通乗用,軽乗用,自家用,自家用,損傷なし,負傷,34.02790361,131.4188211,水曜,その他
下関,2,負傷,0,2,市道,下関市,2022,12,28,11,12,2昼,晴,市街地,舗装　乾燥,直路,施設なし,対象外当事者,対象外当事者,対象外当事者,対象外当事者,単路　3.5m未満,直路,単独（交差点付近を含む）,規制なし,車両相互,25～34歳,45～54歳,普通貨物,軽乗用,自家用,自家用,損傷なし,負傷,34.01373167,130.9212914,水曜,その他
防府,10,負傷,0,1,県道,防府市,2022,12,28,14,33,2昼,晴,市街地,舗装　乾燥,直路,点灯３灯式,対象外当事者,対象外当事者,対象外当事者,対象外当事者,単路　3.5m未満,直路,単独（交差点付近を含む）,規制なし,車両相互,45～54歳,45～54歳,普通乗用,軽乗用,自家用,自家用,負傷,損傷なし,34.053835,131.5748244,水曜,その他
柳井,13,負傷,0,2,町道,周防大島町,2022,12,28,16,59,3昼暮,晴,非市街地,舗装　乾燥,カーブ,施設なし,対象外当事者,対象外当事者,対象外当事者,対象外当事者,単路　5.5m以上,カーブ左,単独（交差点付近を含む）,規制なし,車両相互,45～54歳,55～64歳,普通乗用,軽乗用,自家用,自家用,負傷,負傷,33.94361639,132.2649897,水曜,その他
下関,5,負傷,0,1,一般の交通の用に供するその他の道路,下関市,2022,12,28,17,37,4夜暮,曇,市街地,舗装　乾燥,その他,施設なし,対象外当事者,対象外当事者,対象外当事者,対象外当事者,一般交通の場所,一般交通の場所,単独（交差点付近を含む）,規制なし,車両相互,35～44歳,35～44歳,普通乗用,普通乗用,自家用,自家用,損傷なし,負傷,33.94763694,130.9224119,水曜,その他
下松,9,負傷,0,2,国道２号,下松市,2022,12,29,8,20,2昼,晴,市街地,舗装　乾燥,直路,施設なし,対象外当事者,対象外当事者,対象外当事者,対象外当事者,単路　5.5m以上,直路,単独（交差点付近を含む）,規制なし,車両相互,25～34歳,65～74歳,普通乗用,普通乗用,自家用,自家用,損傷なし,負傷,34.03293472,131.8699983,木曜,その他
宇部,29,負傷,0,1,その他,宇部市,2022,12,29,10,44,2昼,晴,市街地,舗装　乾燥,その他,施設なし,対象外当事者,対象外当事者,対象外当事者,対象外当事者,一般交通の場所,一般交通の場所,単独（交差点付近を含む）,規制なし,人対車両,45～54歳,75歳以上,普通乗用,歩行者,自家用,対象外当事者,損傷なし,損傷なし,33.95729306,131.2592322,木曜,その他
山口,181,負傷,0,1,県道,山口市,2023,12,29,13,8,2昼,晴,市街地,舗装　乾燥,直路,施設なし,対象外当事者,対象外当事者,対象外当事者,対象外当事者,単路　5.5m以上,直路,単独（交差点付近を含む）,規制なし,車両相互,75歳以上,45～54歳,普通乗用,自転車,自家用,自転車,損傷なし,負傷,34.16043417,131.4571778,金曜,その他
周南,23,負傷,0,3,市道,周南市,2022,12,29,13,51,2昼,晴,市街地,舗装　乾燥,交差点,点灯３灯式,標識　規制なし,表示なし,標識　規制なし,表示なし,交差点　中　中,直路,交差点内,規制なし,車両相互,75歳以上,75歳以上,普通乗用,普通乗用,自家用,自家用,損傷なし,負傷,34.055835,131.8074639,木曜,その他
美祢,31,負傷,0,1,国道316号,美祢市,2023,12,30,6,53,6夜明,霧,市街地,舗装　乾燥,交差点,点灯押ボ式,標識　規制なし,表示なし,対象外当事者,対象外当事者,交差点　中　小,直路,交差点内,規制なし,人対車両,65～74歳,01～24歳,普通乗用,歩行者,事業用,対象外当事者,損傷なし,負傷,34.23050194,131.2085964,土曜,その他
防府,5,負傷,0,1,県道,防府市,2022,12,30,10,29,2昼,晴,市街地,舗装　乾燥,交差点,施設なし,標識　標準　反射式,表示なし,標識　規制なし,表示なし,交差点　大　中,直路,交差点内,規制なし,車両相互,25～34歳,75歳以上,普通乗用,自転車,自家用,自転車,損傷なし,負傷,34.03879083,131.5813433,金曜,その他
柳井,2,負傷,0,2,町道,田布施町,2022,12,30,11,33,2昼,晴,非市街地,舗装　乾燥,交差点,施設なし,標識　規制なし,表示なし,標識　規制なし,表示なし,交差点　中　中,直路,交差点内,規制なし,車両相互,55～64歳,65～74歳,普通乗用,軽貨物,自家用,自家用,負傷,負傷,33.9581375,132.0146989,金曜,その他
岩国,8,負傷,0,1,市道,岩国市,2022,12,30,12,17,2昼,晴,市街地,舗装　乾燥,交差点,点灯３灯式,標識　規制なし,表示なし,標識　規制なし,表示なし,交差点　中　中,直路,交差点内,規制なし,車両相互,35～44歳,75歳以上,普通乗用,軽乗用,自家用,自家用,負傷,損傷なし,34.13883,132.1914378,金曜,その他
光,4,負傷,0,1,市道,光市,2022,12,30,12,36,2昼,晴,市街地,舗装　乾燥,交差点,施設なし,標識　規制なし,表示なし,標識　標準　反射式,表示あり,交差点　中　小,直路,交差点内,規制なし,車両相互,35～44歳,25～34歳,普通乗用,軽乗用,自家用,自家用,負傷,損傷なし,33.97156917,131.9201703,金曜,その他
山口南,2,負傷,0,1,一般の交通の用に供するその他の道路,山口市,2022,12,30,17,44,4夜暮,晴,市街地,舗装　乾燥,その他,施設なし,対象外当事者,対象外当事者,対象外当事者,対象外当事者,一般交通の場所,一般交通の場所,単独（交差点付近を含む）,規制なし,車両単独,55～64歳,不明,普通乗用,物件等,自家用,対象外当事者,損傷なし,対象外当事者,34.0911225,131.3964511,金曜,その他
下関,10,負傷,0,4,県道,下関市,2022,12,31,13,38,2昼,晴,市街地,舗装　乾燥,直路,施設なし,対象外当事者,対象外当事者,対象外当事者,対象外当事者,単路　13.0m以上,直路,単独（交差点付近を含む）,規制なし,車両相互,35～44歳,45～54歳,普通乗用,軽貨物,自家用,自家用,負傷,損傷なし,33.97606972,130.9473197,土曜,前日
岩国,11,負傷,0,1,市道,岩国市,2022,12,31,14,9,2昼,晴,市街地,舗装　乾燥,直路,施設なし,対象外当事者,対象外当事者,対象外当事者,対象外当事者,単路　5.5m以上,直路,単独（交差点付近を含む）,規制なし,車両相互,75歳以上,45～54歳,軽乗用,原付一種,自家用,自家用,損傷なし,負傷,34.15399972,132.2156114,土曜,前日
下関,4,負傷,0,1,一般の交通の用に供するその他の道路,下関市,2022,12,31,18,23,5夜,曇,市街地,舗装　乾燥,その他,施設なし,対象外当事者,対象外当事者,対象外当事者,対象外当事者,一般交通の場所,一般交通の場所,単独（交差点付近を含む）,規制なし,人対車両,65～74歳,55～64歳,普通乗用,歩行者,自家用,対象外当事者,損傷なし,負傷,33.9831425,130.9475494,土曜,前日